relative_path,class_name,class_id,split,provider,source_url,sha256,perceptual_hash,license
images/banh_beo/banh_beo_f5ebedbcccdbb4d2.jpg,banh_beo,0,train,web,,f5ebedbcccdbb4d24bbddb664dfdbee81880b33c0f5792664cec1d79fd0f2204,7e7ef18f61cf00df804ff8cff064f860f03cc0780ce11f807f00f800fc82ef07,
images/banh_beo/banh_beo_f8c31bf4d22be19d.jpg,banh_beo,0,train,web,,f8c31bf4d22be19d2daf7c9c6e4cc0558e00b50920ca393347d9a79d20abf8c4,fbdffebfdc1b8801b94eff2bff0978000e380f6c836f7936b93d840100e300e3,
images/banh_beo/banh_beo_11c97fd90053c343.jpg,banh_beo,0,train,web,,11c97fd90053c343f4cdcaa73945821fdbc87e90e9e1493605cde88cc934b600,fe1ffffffffffffffffffffff02ff007f007f003f007e007801f000000000000,
images/banh_beo/banh_beo_2d274bafcfbeac0e.jpg,banh_beo,0,train,web,,2d274bafcfbeac0ea14ba90694b067d787ccfc63b352df869ca8ab97a89b7e8a,f3fb33f33377733ff23ff279c37109e51913731f61bc41fe61f340f340930193,
images/banh_beo/banh_beo_feed34a61c8a3127.jpg,banh_beo,0,train,web,,feed34a61c8a3127ee160ea29df4a071edabc942463451f57556f6f66ec722d5,8de1890383c386678c678667e679fe70ce6087c0844086c187ed86378c17dc1e,
images/banh_beo/banh_beo_9828a66225649ed0.jpg,banh_beo,0,train,web,,9828a66225649ed05fa63cf8f2a98a41ae99a0ad0668a1dcb85ac8cc8abdddb0,703f000000003fffe427e477e467ec77c437c407c433c037ffff03ffc7ff01ff,
images/banh_beo/banh_beo_a326b5bf5312820d.jpg,banh_beo,0,train,web,,a326b5bf5312820d982fe5b86bd12fdbc569c861d5a1c2ce36443fec949310f4,1ff83ffc3e3c3c1e6002d00db837fc1ff81ff00d87314f7b6bde3f5e3f7c1630,
images/banh_beo/banh_beo_540e3774757fa840.jpg,banh_beo,0,train,web,,540e3774757fa84092cf8fd49ee1a3a20b41f7e2e91320f61de3ba4e2c3957e2,0300006004303a203e0c3f8c3ddc69fce1e4f8aef8be781c9e78befcfff8fffb,
images/banh_beo/banh_beo_3f84694456cb8379.jpg,banh_beo,0,train,web,,3f84694456cb83791faf6495bc277258dfd9abe642876243015701086d756444,0000c000f800f0c07ef87ffc7ff83ffb337b1677006700010001000100010000,
images/banh_beo/banh_beo_13875d8eb186f532.jpg,banh_beo,0,train,web,,13875d8eb186f532c5427c5300d12b871712f49623d4360eaff6a5130686cc8f,1fe21fee1e7e781e7004364fc5cffb5ff817e81ff9f0737007f803f813fc11e0,
images/banh_beo/banh_beo_8e661c2327b7560c.jpg,banh_beo,0,train,web,,8e661c2327b7560c0f32f6ff6dd25a75c4d63057a94e77645588c5abca1444c1,8f800f803f003f20fde0efe3ffe3fbe1ffe3efe0ede0fdc0ff80ff00fc001400,
images/banh_beo/banh_beo_fb43389a4e6e441a.jpg,banh_beo,0,train,web,,fb43389a4e6e441a230cf301da2de2b6525f4ddb83b44741b3a5a97d30559713,9981819199fd3ffe76e2424342434647467e7e3c3c0901c103e1063306130413,
images/banh_beo/banh_beo_c2f00ed6d3a51aca.jpg,banh_beo,0,train,web,,c2f00ed6d3a51aca4bda7e6086183bd4a537b39238ac0f1d4c4637bb2add7208,c63fb0bfb0d3fec48626603669a07d800926043666366ec064d9089918099b61,
images/banh_beo/banh_beo_d32dfe8a9ac7fbc2.jpg,banh_beo,0,train,web,,d32dfe8a9ac7fbc240e2b0f80a20ccd9153f881824e38e404dafb8884e0260d0,017806001e000f003ff87f785ffc9ffe8bfb9be398f7f877d83fc03c7078bff0,
images/banh_beo/banh_beo_229c3237ced0637d.jpg,banh_beo,0,train,web,,229c3237ced0637d955715addf29c925f41c8ae5c305af222d91dcf835fb4770,07300730c5f8fd38e03cffdcd3ccc7ced09ef8fef9fbf1efc660fff0ee000000,
images/banh_beo/banh_beo_7d6abf8cc49efbaf.jpg,banh_beo,0,train,web,,7d6abf8cc49efbaf4f5c4f426f7610a474f309ec1dbd1ca6d58af9ba950c5bee,cc7ffc73fc66f075f130b100e060ffe0c780803100b3f233ee22c4600c030077,
images/banh_beo/banh_beo_866aa996808d8b9f.jpg,banh_beo,0,train,web,,866aa996808d8b9f5674a1f26b97d6aea20b0d62f4d53e6eb2097014fbc5587c,ff9ff89ff83fb02f9003c002c040c7c0f0c4e0ade0b9e0bfe10ff76ffeffffff,
images/banh_beo/banh_beo_1e1a0f00d2a18519.jpg,banh_beo,0,train,web,,1e1a0f00d2a18519334b5e3886850b984af55fc16cb566fe0c8abff7e27d91db,9dff3dff3dff39cf33ef2ff10ff10dff1dbb0ff907ff0ffb0df901ff07ff03ff,
images/banh_beo/banh_beo_3eda806fac1663fe.jpg,banh_beo,0,train,web,,3eda806fac1663fef09ed13114f109dbe500a11903f72bb438ad40721e954753,0ff04efc7c7e483ff01ff00ffe0ffc0ffc07f007f00fe00fe03fe03ff07ff9fe,
images/banh_beo/banh_beo_2bb7456b2f1e1a14.jpg,banh_beo,0,train,web,,2bb7456b2f1e1a146c881b30e1b8cd7b936746001a2149fc476d9a740dfd3ece,3ffe3fe039c030c120417041706140614c636cff44ff07ff1fff1fff0ffe0ffc,
images/banh_beo/banh_beo_ad03c28cbf1cc221.jpg,banh_beo,0,train,web,,ad03c28cbf1cc221115a20aea1c73490416be0c6286782cf708df119327e1b73,0000010003c017c0b3c803f301e3510363e961df219f63bfe75fe69feebfffff,
images/banh_beo/banh_beo_5b978ea9afca4352.jpg,banh_beo,0,train,web,,5b978ea9afca435276ef58327f09bb5852347e76fbd24ca6dacf225ecd1888e4,0100038007c0fff8fff8fe7cfffcf7f4e7e047e007d003900010002000600020,
images/banh_beo/banh_beo_5e99a19582d0db3e.jpg,banh_beo,0,train,web,,5e99a19582d0db3e026ebf1e826710ec37690385b645c963f6d0f53da98782c9,007f00fc00f800f007e03ff07ff87ffc7ff07ffe3ffe1ffc0ff800c000000000,
images/banh_beo/banh_beo_5c4b6671adc62489.jpg,banh_beo,0,train,web,,5c4b6671adc62489b40e40e9e0649eea8c857bf3f69c0ea854a1065999f863b2,000f003f006103e00ff11ff98ff98fec1fdc7e7c7e385f3857f07fe03fc00000,
images/banh_beo/banh_beo_64ca78912c0c8de3.jpg,banh_beo,0,train,web,,64ca78912c0c8de33f511464debe6504d4dde56a19892ede37b7d7b3ea5d71a0,1fbc0f9c1f1f3cff2eff3bbf3f9f0f8f3f803e6039e13fa13fe03ef03ff03ff0,
images/banh_beo/banh_beo_d3914273439a3757.jpg,banh_beo,0,train,web,,d3914273439a3757659e181a594266aab7fc5c45b549e06fc7e5834af7cc322b,00ffc27b8ff81bb838f03bf077e007008cf8ddf0df74fde7f907e187d307c00f,
images/banh_beo/banh_beo_92a595a9753cd224.jpg,banh_beo,0,train,web,,92a595a9753cd22400add106a444ec2cc3041b4767af0bd9ce96a7fc5b5c0384,00600ff017f9ffbcfe7c7e7f7c3f7cff7ffe7f3a7ff23f5f3f380ff003000000,
images/banh_beo/banh_beo_487204a5856b0f4d.jpg,banh_beo,0,train,web,,487204a5856b0f4d1537d87e48a5c7dced65f49bfd515096aedeca8bf4c0457e,0310021c049e0fff0fff187f387f307730713071307130e11fe3dfe32fc321f3,
images/banh_beo/banh_beo_2c8edc7af6ad13fa.jpg,banh_beo,0,train,web,,2c8edc7af6ad13fad468d2f3ab33f6107217b978d0fbd63d6ba63a0d9a2e658c,6f1e7cff65edc779471d449318317833fefbf7ffc3c2c1c1e34067763e3c0800,
images/banh_beo/banh_beo_6221156d61aa07ee.jpg,banh_beo,0,train,web,,6221156d61aa07ee1479b880e60c093528148c99598604867d8cfb2e44e07be5,20132ffb0ff90d7d0f0d1eff1c6e1c2e1c3e7d7e7f4e7fee1ffc07f800000000,
images/banh_beo/banh_beo_e36daa127d6d8f87.jpg,banh_beo,0,train,web,,e36daa127d6d8f87b34e3bb4fc81f4990e1e2c5bdf9e0962efdc25c03c441788,fffffffffe7ff83ff81ff80ff80ff00ff00ff00ff007f007700c700878183c3c,
images/banh_beo/banh_beo_4c90d2c1cae3c0e2.jpg,banh_beo,0,train,web,,4c90d2c1cae3c0e21763e83d6c751460292bc77263264b3536ce6bddd4864461,a39f279f379e279e0fd808d901c040e0007c407c01fcc1fc41ec607800380300,
images/banh_beo/banh_beo_103d0cd74aeed2f8.jpg,banh_beo,0,train,web,,103d0cd74aeed2f813353fcdb604c45cc402d82a17b6d94b0176d8f3423304d6,46387f187f8f7b872f80798f3c9f1c3f0c33003100251e3e7f3effbfff9fcfdf,
images/banh_beo/banh_beo_574a4a005116f583.jpg,banh_beo,0,train,web,,574a4a005116f5836d3482b613c6f1cbfe6100546b5a009cd7fd0f708822372b,fffff0fffbffc7e387cd83d5198160c14090c100c1098189c08bc073e007f80f,
images/banh_beo/banh_beo_319a24ae028ce2f3.jpg,banh_beo,0,train,web,,319a24ae028ce2f387b468bd1b172cf988c22ca44bc4ac1a2a9c616993aeb2d1,01800ff01ff83ffc377e716e713c719e743f6c8e61ce7dde1ffc9bf803e00000,
images/banh_beo/banh_beo_7bd965cd6200cdfa.jpg,banh_beo,0,train,web,,7bd965cd6200cdfa2352d0acc1d65dd196c2f2b21628329ab311cc1b0c6fdbf6,7ffe7f7ff87ff877f827f023e023e013e013e003e803f003f003f807f81f7c1f,
images/banh_beo/banh_beo_c03c37c03e6be09d.jpg,banh_beo,0,train,web,,c03c37c03e6be09def4b156ab54dfafa8d375534cffe84fb32ff19ec6fbf13ba,f18ff52ff109f809dcc78c63ac6388618841fc03f61ee308c308cb09e309e209,
images/banh_beo/banh_beo_8007433db498e701.jpg,banh_beo,0,train,web,,8007433db498e701a601f0a239b26d3c5c72f6b9a2d7b29361c2f7dbbdb7fd05,f000e080f880ff80ff80fff0ff78dffe9ffe8fdf8bef8fef8fbec7fef3fcf8f0,
images/banh_beo/banh_beo_1a2cb53c0e734858.jpg,banh_beo,0,train,web,,1a2cb53c0e7348587b6c0b68a450319dfb9ceaf7639a137171ec5adfb6186eff,bfffbfff39ff79ff7efd28fd8f4fce230e312407462f0661362736032703030f,
images/banh_beo/banh_beo_1cdbfd46dc6cbcec.jpg,banh_beo,0,train,web,,1cdbfd46dc6cbcec577b878f6d9992b1deb54c8753b77562c89ca82c05e65843,fffffe3fce1bd08bf003f007c007e007e007f004f80098071e1f9f0ffe07fe1f,
images/banh_beo/banh_beo_ebd48a2033584c07.jpg,banh_beo,0,train,web,,ebd48a2033584c074e725541ca5662e4380238d423c04f1991fe7ab34d5fa5eb,00410008001c001c001801fc07be0fce1fff7effff37bfff3ff738f7dff7ffff,
images/banh_beo/banh_beo_a1ae4e92e8ed71cb.jpg,banh_beo,0,train,web,,a1ae4e92e8ed71cb05c8dc722cbf5b1b4f26dd61e318d4707ee284e82812c8e4,011c03f00ff00ef8381c31fc74fe70fe707e705e380e3c3c3cfc1e380ff001c0,
images/banh_beo/banh_beo_2eefcb489cb459e0.jpg,banh_beo,0,train,web,,2eefcb489cb459e0f3c403a19061e6176e41882e264aa9a682b521df145cf871,fe1ff037f99ef8fbfc10f011e030e0201441be00f801f801b803df8bf60ff00d,
images/banh_beo/banh_beo_7829fd97f85a04c3.jpg,banh_beo,0,train,web,,7829fd97f85a04c32b8ad590c62cba150364ed58d302fbc55cfebf549f349956,603f003f001f600f8007d80df809f8c1f2f8f7fef78ffec7f8c3f8e17f817f01,
images/banh_beo/banh_beo_35a7355e63c3b6de.jpg,banh_beo,0,train,web,,35a7355e63c3b6de7c47cc82eb13400a0a4e7f83f13065c6824f2549a24916d9,d8e168f071f8f7f8fffcfffef8be001e03c483e407e8079807f00fe01df01c7c,
images/banh_beo/banh_beo_af18be61305393d5.jpg,banh_beo,0,train,web,,af18be61305393d57d898cba8111ff0d83d630cea0d3d4bf5584eb308b7ca46e,fffffe73ef63ce61c4218441c21ff7bfce718c318431842086218201d3dfe796,
images/banh_beo/banh_beo_871f032be4c88369.jpg,banh_beo,0,train,web,,871f032be4c883695c6ef2a6c65bb31d03fe3de11a50a0629a37fa458354e49b,e19ee597e77783370fe11f8032199c391e60bcf88cfccee78081f097fddbf5ff,
images/banh_beo/banh_beo_c96a7cbfe06ba0d1.jpg,banh_beo,0,train,web,,c96a7cbfe06ba0d1c35f02139d9abbea0005365a9621695bbddc1c09d112b155,d1cfc7ffc7ffc6f3e673e76383e701d3e00f88078803a0332093c883c88fe007,
images/banh_beo/banh_beo_dceeccb08b02bc63.jpg,banh_beo,0,train,web,,dceeccb08b02bc63b9def88fb1acd24d2aae2cbca0eb2210a1af4a1d27029f62,00101e003e000f783ff87f783ffc4ffe6de3cfe74e776c3f7c3d38783cf07fc2,
images/banh_beo/banh_beo_a03ab23de674ae78.jpg,banh_beo,0,train,web,,a03ab23de674ae780d52fb62d04f4ce948f1a2e19693d2f15724679dffbabe4a,007b01ff7fffffdffc0ff00ff007f007f80ff40ff63ff89ffc3fffffffffffff,
images/banh_beo/banh_beo_998c4502cbafc319.jpg,banh_beo,0,train,web,,998c4502cbafc3196ab942b58d644ab1e80f626941ba60001be108c07b8714ba,ffe0fff0fff8ffffffffff7ffe7ffe07f007f007f007e002e000f000e000e000,
images/banh_beo/banh_beo_18c1048b23907eec.jpg,banh_beo,0,train,web,,18c1048b23907eeca1da877a9b202717123d863b806efbdd7ef142fa84b23fdd,0ff01fc01fe01ff43fc03fc03fee01ff00ff11df308e02060706070707070f03,
images/banh_beo/banh_beo_420a39af011e28cd.jpg,banh_beo,0,train,web,,420a39af011e28cd39df0788a3d87f86ef91bd5b1ccea12c54a756e98f674c5e,fffff38ff27fe2ab902380038007a00190038003e00988018d83c103f107f9cf,
images/banh_beo/banh_beo_9c142be204366fb2.jpg,banh_beo,0,train,web,,9c142be204366fb29906acdf1d7dce80fc41644d3038c94fe3ce31360df8f2be,4ff45fbc5ff81ff813f011f00ff003f002f81bf81bfc5ffe43fec1d2c3c24608,
images/banh_beo/banh_beo_4fc73cc7fd540bbb.jpg,banh_beo,0,train,web,,4fc73cc7fd540bbbd341715b6b3de4106d9e7937f162fe82bfe3f6021c2e698e,ffff02000f011f017b01ff81df81ffe372445bc03de03d8037001c001004bb3f,
images/banh_bot_loc/banh_bot_loc_0571ef516837568e.jpg,banh_bot_loc,1,train,web,,0571ef516837568ef5a973c8cc2e495b0046a43a6537b89eb28d76458165a6ee,fffffffffc17f00be008c03cc07c803c003c003e803cc03cc078e078fcf8fff1,
images/banh_bot_loc/banh_bot_loc_5700860a663bba87.jpg,banh_bot_loc,1,train,web,,5700860a663bba87d6e1a7a4a4bf5e3fc059303f181cc4e8a1bbc696017ce0aa,0ef70dff1de71ff31d71f5e0900380038943815f055f161d071c03188000f000,
images/banh_bot_loc/banh_bot_loc_329d4c06b989ba99.jpg,banh_bot_loc,1,train,web,,329d4c06b989ba995f0e43c9ddb51833d394f461c6bf87088fb03ea6399383fb,3f3e7f1e7c07fc07f80ff007f007c003c003f007f01ff80ff827fe1f7e3e7ffe,
images/banh_bot_loc/banh_bot_loc_e671fccf7dda33ed.jpg,banh_bot_loc,1,train,web,,e671fccf7dda33ed8428a1c835e01cafd455765a071bb5a78d822a89fc2b1ab6,03f80bf00ffc1fbc1f3e383e381e381e1c1f3c0e3c0e3e0e1f0e0f9e0ffc0ff8,
images/banh_bot_loc/banh_bot_loc_27c044250b86e3fc.jpg,banh_bot_loc,1,train,web,,27c044250b86e3fc8c1731656e4caeabad434cf800309c2e837f5bf06c2d78c7,98008e000f700ff803bcc3f463fff3fffbffff1d3e1f3b1f798f77ef37fc3bfc,
images/banh_bot_loc/banh_bot_loc_5c4f11aefd41ca9e.jpg,banh_bot_loc,1,train,web,,5c4f11aefd41ca9edcd71be86b7d665b425339b5a1466d7abca20fe95bea39c0,00a318917381c3c8c2e4ba30a23262cf460f930f824f9a4d3ac1bfc1ef417d75,
images/banh_bot_loc/banh_bot_loc_babfa204b882ac98.jpg,banh_bot_loc,1,train,web,,babfa204b882ac98268f75c15ab598bf60848d4ac264cb3f4e9ca9d25448fad9,01f0013649bf41ff44f681ffd87f970f038703079b1f993fe17feffb3df33873,
images/banh_bot_loc/banh_bot_loc_d104fc8589a2b024.jpg,banh_bot_loc,1,train,web,,d104fc8589a2b0242932fecbbf959c596236570a092033c4e32dd9098a402931,fbf8f058e038e03ce01ce01ce00cc01cc89c989cc8bcc03ce078f0f8f9f0fff0,
images/banh_bot_loc/banh_bot_loc_3f9671e8b2371f2e.jpg,banh_bot_loc,1,train,web,,3f9671e8b2371f2e207c586b693a44a4646c7d7534bad9adbc0e03108a6345f7,3fd23fd0ffc0efc8efeffee7f2e7f6c76ecc6f8c79ac6984510416041002c003,
images/banh_bot_loc/banh_bot_loc_3505519d85d7112d.jpg,banh_bot_loc,1,train,web,,3505519d85d7112d81995cb991afb0dff7becb74e8c47901a6bfbf4f280323a6,ffffeff700261ff45fd45fc41c000fe01ff01ff30003000000000000ffc0ffff,
images/banh_bot_loc/banh_bot_loc_d9ced307cf6ae988.jpg,banh_bot_loc,1,train,web,,d9ced307cf6ae988b84bba684f87048834f69f670576449bae551c0f8f5cb5dd,043c218c07f08ff3de63da21fe31d63d9e711ff9ded11fd00520606038407808,
images/banh_bot_loc/banh_bot_loc_6858123d857f719e.jpg,banh_bot_loc,1,train,web,,6858123d857f719ecc873fa4be924e7e1dc44e540acedff6cbb071d70916dc31,ff0cf00ef003c00181c083e087f1c7b187f187f183e0c1c3e023f003f80ffc3f,
images/banh_bot_loc/banh_bot_loc_3f965ecd96016786.jpg,banh_bot_loc,1,train,web,,3f965ecd96016786b562a4bcd341a5bb6c106085d6d33b565f098ec34c1d6379,ffbefe1ef80ff00fe00fe007f80ff807fc03e003f043e007e007e007e007f037,
images/banh_bot_loc/banh_bot_loc_0686907df3b5ad5c.jpg,banh_bot_loc,1,train,web,,0686907df3b5ad5cce11f4f8312779c5009255b528530f71bfb061a98115fc5d,01ff01ff05ff21ff01ff00ff00ff036f0a3e2200e200c600cc40e861e801cc07,
images/banh_bot_loc/banh_bot_loc_27ac74c23ada7562.jpg,banh_bot_loc,1,train,web,,27ac74c23ada756277d7b162477027bd4d36f95f97e910e7fd37735a07be5689,0f100ff80ff03fe4ffee7fe623e4263c3efd9ff29ffc8370c180c00c403e00fc,
images/banh_bot_loc/banh_bot_loc_2388a5044917a116.jpg,banh_bot_loc,1,train,web,,2388a5044917a116ad92a680cc610002d83104ef90202a1a0c6d1758c5c7bb25,0e781f081e381ff809fc00280808041014283c787cf8feccffe6ffa6ff86ffde,
images/banh_bot_loc/banh_bot_loc_709b28b42d4b6648.jpg,banh_bot_loc,1,train,web,,709b28b42d4b6648f22dbb33c76fd59dd17ffdc9e8650e6886b28ed41aaaca7c,07061ffc3ff87ff87ff83d3cffb2fbfa7c7afbfa7ff80db87af07fe07cc03d88,
images/banh_bot_loc/banh_bot_loc_0a5f65346efce29e.jpg,banh_bot_loc,1,train,web,,0a5f65346efce29e1b7d69ae51a61de0b93f4e4020433975a959d866ba8efa6a,1fd83f9c790e790ff401f401c883019709813df17dff3cff3cdffcff3e7f0c07,
images/banh_bot_loc/banh_bot_loc_3bbc0ea9bb5658d2.jpg,banh_bot_loc,1,train,web,,3bbc0ea9bb5658d263d71185d65034f6d352be1477f7135c17a5b1f97cb001f2,ffdfe3f9c147cf4f7fdf87cdc119019b1c1b780f320ffc5bc84b89878c0f001f,
images/banh_bot_loc/banh_bot_loc_8a673b466f30848e.jpg,banh_bot_loc,1,train,web,,8a673b466f30848eb253ec3aa61f7388e5d034c6960e70ebe06e6fcf2039c32f,3fff3ffff803fc61f998f718fcfee4e2c79ac55e673a21ee319c0fa801800000,
images/banh_bot_loc/banh_bot_loc_e6d4765c48070655.jpg,banh_bot_loc,1,train,web,,e6d4765c480706556e9af36966d55d44de2b2a2e5dbf5cb1c2c7601a375559ce,0dd7199e15fc60f864fc307c003e77fc6206e792e721c6096bc901b171e9c268,
images/banh_bot_loc/banh_bot_loc_97cf03df905de0c8.jpg,banh_bot_loc,1,train,web,,97cf03df905de0c87f31eb36f037487d06d4ab6d07ee274daf7236d8c271f373,0fc09fe07fa07790f390f0f8f87cdf3c8f3c3f1c0e783f783b7879f083e0e3d0,
images/banh_bot_loc/banh_bot_loc_6de0eaf9f760c6f7.jpg,banh_bot_loc,1,train,web,,6de0eaf9f760c6f764ca2ee39e7085b32442cde628c00a84a7d041290d3cf162,ffffffff0fff000f0000000001c007c03ffc7efc3ffc0ff80df81ff83ffc3f9c,
images/banh_bot_loc/banh_bot_loc_47d8c8d5e6aa3288.jpg,banh_bot_loc,1,train,web,,47d8c8d5e6aa328885f249b5abc989806a6cff93df55d41978efd596b7ffc1d9,ffbffc1ff84ff01fc98791c790d3c01be31be223c223808780c7064f801fc23f,
images/banh_bot_loc/banh_bot_loc_893dff810c30b4de.jpg,banh_bot_loc,1,train,web,,893dff810c30b4de9c0af2dc0d9efcda9bd7f789847a77cc6393a179563540d4,f9f1fc19c44982408200f200fa0ff3befffefcfffd7f036f052b07ff06fb04dd,
images/banh_bot_loc/banh_bot_loc_9feade1a734771fd.jpg,banh_bot_loc,1,train,web,,9feade1a734771fd2b8e44beb4c96c155351bc1ca823fc53c911f1a71730240c,0fe01ff8793c710ef00ee00fe00fe00ff01ff01f7d3e3f7e3f7e0ffc07f00060,
images/banh_bot_loc/banh_bot_loc_b1a2689882a29ae2.jpg,banh_bot_loc,1,train,web,,b1a2689882a29ae25db8e7954d56822648a6d8c9cd428463bc1675ad7b8a274c,ffffffff81c1866184318c3188918c998c9988318c31843180e181c1ffffffff,
images/banh_bot_loc/banh_bot_loc_a5b64615a8b39ea4.jpg,banh_bot_loc,1,train,web,,a5b64615a8b39ea41104258e75bfda0951d6f4048ff195c5a4186107709f1e68,e68fe483e89ee93ec97cc24982c9921b22132406449604a7052fcf27ef4ffb67,
images/banh_bot_loc/banh_bot_loc_7aa1c668f40d337a.jpg,banh_bot_loc,1,train,web,,7aa1c668f40d337a133f40386a80502e9d7f5048bbd0e0e4bd6901370e7b222d,f287fbe3fc23f808f800d041f1e321ff03fd06fa07f03ff01fd01e10ff18fb3c,
images/banh_bot_loc/banh_bot_loc_a2e41378a17582f8.jpg,banh_bot_loc,1,train,web,,a2e41378a17582f862953c05e4fdb5cad97d165241df27a6175a3ae9bdd66b7a,000003c00fe01ff01ff83d1c3a1c760c7f0e7f0e7f067c2e746c7afc781c3c3c,
images/banh_bot_loc/banh_bot_loc_9af6e3f3850f303f.jpg,banh_bot_loc,1,train,web,,9af6e3f3850f303f498e66ff692df9cc33cb5124f25b6e980cbbf2e0daf4c752,002006700f783e7c3ffe3dfe73ba7ffef42f4fef77cf6c0f7fef3ff620ee2408,
images/banh_bot_loc/banh_bot_loc_99ba6ed4ca8bf3c4.jpg,banh_bot_loc,1,train,web,,99ba6ed4ca8bf3c4c0cc7ee6567dd2f6c1e1c319fe5f3fa5a2abbff11eef42ad,001c80000000398138411bc33fc35fe3dbfffbf0ffe0ffe0fff0fff1fffffbff,
images/banh_bot_loc/banh_bot_loc_aff572dfab9ea7a9.jpg,banh_bot_loc,1,train,web,,aff572dfab9ea7a938906db89c9e94625bb70cec71c72ef1a04e4d1fc4019d0a,dfff1e08fe03623f044fc807d000e70327e3087fe3ff1e7f027f063b0f7875f2,
images/banh_bot_loc/banh_bot_loc_57691f4dec6272cc.jpg,banh_bot_loc,1,train,web,,57691f4dec6272cccb5884e8dfedaf22ac87838871fbed26d967aa107f718d08,0ff95e6c3b6f387e166e07ef436f412f49372136216660ef780f385c187c19ec,
images/banh_bot_loc/banh_bot_loc_fc911bbb0fed738a.jpg,banh_bot_loc,1,train,web,,fc911bbb0fed738a4ff59c993768e81ee3847819be2418698b093f4e34f458d9,e000e000c008c0202076607621e621262d2cef3effb8fe02fc0ec1fcf7f8ffe1,
images/banh_bot_loc/banh_bot_loc_ac559713650faa96.jpg,banh_bot_loc,1,train,web,,ac559713650faa961790678e11cb65de34ba11581c600ddec4604dae4eb1768a,83f681fcc1fee1fff0fff1cfc1cfc4df86d98fb00617180f34be3ccc3cfc3cff,
images/banh_bot_loc/banh_bot_loc_c574bdce39a8ab14.jpg,banh_bot_loc,1,train,web,,c574bdce39a8ab144c1553439848a4b21d35a834d4c493d1df525738603704c3,fffffbfff87fffcfc3ff801f8007c003f801be81ff81fde3fe7bff9fffe7f773,
images/banh_bot_loc/banh_bot_loc_aac183fd8a02b23a.jpg,banh_bot_loc,1,train,web,,aac183fd8a02b23ab89a83b5d40aa457aaa97e12e0e43dac73b5dc56e8e0edfe,80000000000c0008000000000000f000fb98fff8fffdfffdffbdfffff3ffffff,
images/banh_bot_loc/banh_bot_loc_010514410f2b27f5.jpg,banh_bot_loc,1,train,web,,010514410f2b27f5aba3dad8b8783c6f7f14c90f2d7c7cbeac98ce0d903e4835,fffffcffc0f106c106c1008108819641827f827f83678167803f803f8089ffc3,
images/banh_bot_loc/banh_bot_loc_543b8cd852396a4a.jpg,banh_bot_loc,1,train,web,,543b8cd852396a4a43714b57086ac7f6ffb3a536d1c00c0479bae5ed1499a168,fe0fff8ff7c7dec39c73bffb3f3b7a3bfe79edf9e1c3e207e007c007c007c007,
images/banh_bot_loc/banh_bot_loc_32abed734c6307bf.jpg,banh_bot_loc,1,train,web,,32abed734c6307bf87d6157534d673eff6b4cc1499e57bb4fd76171ed7fde770,000072003b003e007c0cfd1e3f3f227f47ffc7ffcfff07ff07ff03ff03fe03fc,
images/banh_bot_loc/banh_bot_loc_ab8988e6ada894ee.jpg,banh_bot_loc,1,train,web,,ab8988e6ada894ee5a58ef58eaa7e69c0027d34b551f6f6b79736651ef822719,000006c087e0bff037fc33fc33f63ffe6ffc783e36331f7138f0bee04fe44fc4,
images/banh_bot_loc/banh_bot_loc_cee4626d282b653a.jpg,banh_bot_loc,1,train,web,,cee4626d282b653acf1453436aeb01212c4b413eb5ebc4ef6cb235264cfe4fe0,824ba019b31807c0c7c3cfc705c707c30783102116411401101130f13df10fc2,
images/banh_bot_loc/banh_bot_loc_70a9757921f5be91.jpg,banh_bot_loc,1,train,web,,70a9757921f5be91ed5ee50634fe2e6da628e2528ed957b10f40d26a1aa1a7d7,1ff03ff8667c43fc84ee80c6a2c287868f169b0ed94c5e2cfe38f638fee0ff80,
images/banh_bot_loc/banh_bot_loc_6e33f16aede37085.jpg,banh_bot_loc,1,train,web,,6e33f16aede37085c5f3a3bbb2d1fafa1212ee5265760e5ce6daefd1c0b53ffb,b200b3001a40b67b349b61bfc37fca4f121b361364b7a18fc97ccf58dedcd698,
images/banh_bot_loc/banh_bot_loc_3edf11d903e3e976.jpg,banh_bot_loc,1,train,web,,3edf11d903e3e976cbba1b5ce6a1222b8d90d153595b5d9d2eee36b96dd97607,07ff1fff203f400f070f04e7842780e7cda7c027682765ee301e1c3e0ffc0ffc,
images/banh_bot_loc/banh_bot_loc_dcbbf9ef12d1a17c.jpg,banh_bot_loc,1,train,web,,dcbbf9ef12d1a17cf1b64fcd1016a9a841ce22724a26fb5a9027bb0248ade777,fff3fff1e020ff21f060e060e021e033fff1e019cd1c841f800f800f800f8c0f,
images/banh_bot_loc/banh_bot_loc_5ba999fd819eb513.jpg,banh_bot_loc,1,train,web,,5ba999fd819eb5133412227e60616753d0590e9273bde57eb7fe30228fa6fb2d,c38707e70f9f1f1f3e1fff1fe7b9e211e211f003f803e027803780178001c001,
images/banh_bot_loc/banh_bot_loc_b73fb50ad7821429.jpg,banh_bot_loc,1,train,web,,b73fb50ad782142945a660cb164e45368d3bdf5cfe712edec0a72763fd6c9399,1ff83ffc37f817de825f801f803e9818bf789f789f38830f800fc00ff01ff87f,
images/banh_bot_loc/banh_bot_loc_695c6d863e8af193.jpg,banh_bot_loc,1,train,web,,695c6d863e8af193e6bda8a4e3af7787e577b4da25e6f8d2bfdd2e0f9bee3fe4,0002006400f000b003f007fc0ffe0ffe07fef3fdfdf7fe2e3fff7ffffdf77dfb,
images/banh_bot_loc/banh_bot_loc_d9ee93381fc52755.jpg,banh_bot_loc,1,train,web,,d9ee93381fc52755794dedbef40012ba055b565918fb7e47f9203e3efffbe393,e78ff38fe1817b8877003e013e001e008b008300c3007f80bfc4ff44fe00fe00,
images/banh_bot_loc/banh_bot_loc_225ae211d12bc672.jpg,banh_bot_loc,1,train,web,,225ae211d12bc672567bdc4e0bd76617509c5c76473d86ef8b6a7207c8844588,c10fd60fda7fcc6900100030f831f871f87ff87ff03fe71fe01fc01fe0dfe00f,
images/banh_bot_loc/banh_bot_loc_ba7d1757e92fe508.jpg,banh_bot_loc,1,train,web,,ba7d1757e92fe508927f25afc8a40dff0ad291f209a23a8ccfc52ed2126e1708,07c70ee31833101b30193009600d600ce00ce01df819ba1bf83bfc77ffffefff,
images/banh_bot_loc/banh_bot_loc_1f55bc5c91242a43.jpg,banh_bot_loc,1,train,web,,1f55bc5c91242a43bf263b820d64935d961a6154d65f89fae089aebf6259c95c,0ff00df01fb82ffc0efc0dec6ffc7ffc7bfc37fc3ffc3ff81ff81ff81fb007a2,
images/banh_bot_loc/banh_bot_loc_0735dd57b58ae62a.jpg,banh_bot_loc,1,train,web,,0735dd57b58ae62ae87db664c782d44e431366dc2b55851da6c6b8efe5e0e743,fc83fe019a00da00fa00c00081e08ffc9cfc3ede7efff85fc38f1bbffbdfe1df,
images/banh_bot_loc/banh_bot_loc_ab9d7d5b7d30a459.jpg,banh_bot_loc,1,train,web,,ab9d7d5b7d30a45962e6e97b367b3e6f42fc836f96c3bb4eb2a73c7fc33baa35,021c072c0784e7cee3c693c793c793c70befca0f08cc08e888ec08fc0889980f,
images/banh_bot_loc/banh_bot_loc_2b529fc1ba727da1.jpg,banh_bot_loc,1,train,web,,2b529fc1ba727da193317283e309a9d4ff38a3058ab08441a8c212cca309501f,fffffffffc7ff81ff81ff00fe00fe00fe00ff007f007f007f01ff01ff81f783f,
images/banh_bot_loc/banh_bot_loc_8dfcdec6b291027f.jpg,banh_bot_loc,1,train,web,,8dfcdec6b291027ff1e0dbc2f8ac2610683214f31bd5e50bf4b7c85ba660a896,3d873b873fff7ffff107f00738073c81040000008008f018f841fc433d831f0d,
images/banh_bot_loc/banh_bot_loc_33349ad09b8b9758.jpg,banh_bot_loc,1,train,web,,33349ad09b8b975867edb2a3dc54e7fc5d723f6790b9e7e86eabe386f98451fd,e1efe3eff2cff00f800f9007900790079007b007b006f0fefffefffce1f8fa38,
images/banh_bot_loc/banh_bot_loc_9c26717022a2c839.jpg,banh_bot_loc,1,train,web,,9c26717022a2c839f19fd809adbf337fcbdf97de22c1b3158be0dda50a658293,3e003f003f60212f13171fc30f713f1c1ffc37fe1fde3ffc5f7c27f80ff00000,
images/banh_bot_loc/banh_bot_loc_bbaf75fb02ee44b3.jpg,banh_bot_loc,1,train,web,,bbaf75fb02ee44b3949c92280216e9776cec530392502d4cd64beb97fd1a4f7c,00100000018009f87df8fffeffbed03ff03f939d9b9d3adcf01ef0fff3ffffff,
images/banh_bot_loc/banh_bot_loc_424f197cc25748a9.jpg,banh_bot_loc,1,train,web,,424f197cc25748a90e565257c49878f002566c07fc16299a0fd79db68e2bbde4,57e0df8fcc17ece7efdfce7f0fff1ff92ff82bdb2ff21ff01fe003c000000000,
images/banh_bot_loc/banh_bot_loc_881f659fc7051d2b.jpg,banh_bot_loc,1,train,web,,881f659fc7051d2b13187c786dd0857ec2c2e2c9f6a251816353a6b74d0bde27,be000f000000e070f21eff87fff3fff9fff9fffd8f7f23fe3bfc47f800000000,
images/banh_bot_loc/banh_bot_loc_45079b3d9de87a1c.jpg,banh_bot_loc,1,train,web,,45079b3d9de87a1ce621d03c73eac2dd3a3cf548f31713cd200b7baf787682b0,886f807f007fa0fba159f03eb20ebf04f004d007c2078207c24ff15ffa5ffc3f,
images/banh_bot_loc/banh_bot_loc_42e3186eee0c17e6.jpg,banh_bot_loc,1,train,web,,42e3186eee0c17e66ff9f25e9bfd640836631bc379aa2b20d4194cb00a6629a5,f3fcfffefffefffec0789f783ffc3d3e3837337332633003341e10008000c000,
images/banh_bot_loc/banh_bot_loc_4f6ef177341ef932.jpg,banh_bot_loc,1,train,web,,4f6ef177341ef93296d91e316cabecae46ea700c53c1e1d3af04103c685d1126,ffffff3ffeeff807f007f003e003c003c003c003c007e007f00ffc3ffffff7ff,
images/banh_bot_loc/banh_bot_loc_355d4ac0b72f3916.jpg,banh_bot_loc,1,train,web,,355d4ac0b72f39160a342d18aefadc16e915b32c02c9e94c97fb9dc604742383,0fc01fe03fe07be0fbe0fff0ff30ffb87ff077f07ff07fe07fe0ffc0ff80ff00,
images/banh_bot_loc/banh_bot_loc_ac62e82b7315c9c2.jpg,banh_bot_loc,1,train,web,,ac62e82b7315c9c277ea91f7df185b51a98fe5fb901bfcc59d3ceeb30d207de3,f81ffe0ffc07e403e403e403c403f403e403f003e003f007f807f807f807f03f,
images/banh_bot_loc/banh_bot_loc_befb9b512725fde3.jpg,banh_bot_loc,1,train,web,,befb9b512725fde37058fe07873a3358c9c111b99f55b9dc744dcbd96caa75d6,fffcfffcfcf8fcfcfc7cf076f213e10df08680038003400160031d851e78387c,
images/banh_can/banh_can_8b9447228ecd0be4.jpg,banh_can,2,train,web,,8b9447228ecd0be4016902ca3fae73993a7116bbd99f154c75a81d6f3a17ba15,c1ffbbff87ffffff7fffffff701f4507c7cb97cd8669800780478001c1026104,
images/banh_can/banh_can_bf7304f63de8b4cc.jpg,banh_can,2,train,web,,bf7304f63de8b4ccbc49684d52cbbf752fbec536a4b9e6b77c1e7809527080bc,c1ffbbff87ffffff7fffffff781f4507c7cb97cd8669800780478001c1026104,
images/banh_can/banh_can_d4e70b303a5f378c.jpg,banh_can,2,train,web,,d4e70b303a5f378c1a6864fd40eee99d6b2d68257b25abe3b325b415db4c7334,ffff8c019001a0018001e021e009e091c001c001a001800180018001c001ffff,
images/banh_can/banh_can_fd8bf46bebcfee91.jpg,banh_can,2,train,web,,fd8bf46bebcfee911b7b0b045fe31e30529eb546a48dc71902a3e1252934fab9,ffff8c019001a0018001e001e001e081c001c001a001800180018001c001ffff,
images/banh_can/banh_can_c72c90e830adeb9d.jpg,banh_can,2,train,web,,c72c90e830adeb9d9aff493dd1abed2b6612cfe75d2be16406c78c2cf8b4d980,002f0184f3dbffebdfc91fcc9c7edcfe8fff0ffe0ffe070706037000d900c900,
images/banh_can/banh_can_f34fd9a8ee58b9f9.jpg,banh_can,2,train,web,,f34fd9a8ee58b9f9b167fd72140f4d052df0da190df7bf7ad3d7b104f67ec989,002f0184f3dbffebdfc91fcc9c7edcfe8fff0ffe0ffe070706037000d900cb00,
images/banh_can/banh_can_64849a443c9ee45e.jpg,banh_can,2,train,web,,64849a443c9ee45e04f559a2e1ec78d591036f58c09ff48b72b873f2c6480c31,ffff8031802180018b018f059e019e019e01be01bf01ad01940188018001ffff,
images/banh_can/banh_can_c8e69b8572da0351.jpg,banh_can,2,train,web,,c8e69b8572da03518ef729380911a3a8b8c3c6a25676f77eb9cc2e4fe4006ced,ffff80318021800189038e059e019e019e01ae01bf01ad01940188018001ffff,
images/banh_can/banh_can_1b6ab836994699aa.jpg,banh_can,2,train,web,,1b6ab836994699aa51eaef25ae117f34eb797af7d93b9967997d1a8f4737271c,0fc11fe03f887ff07fd8ff00ffc4ffe5ffe77fe27fe23fe41fe00ff007e007c1,
images/banh_can/banh_can_b6234b616841ae24.jpg,banh_can,2,train,web,,b6234b616841ae249db1b06bf541c3bb593e682d97368975a043c31e4032f868,0fc11fe03f887ff07fd8ff00ffc4ffe5ffe37fe27fe23fe41fe00ff007e007c1,
images/banh_can/banh_can_c23aed05380030c2.jpg,banh_can,2,train,web,,c23aed05380030c2acd346e6c8721ac0bf7b3a30df8a3bdccd2c1249e9671b95,1880310030801c3fef3fdf9fff9f4f9f2fc176e3506371021a0017013d00180f,
images/banh_can/banh_can_ec26ac371a0aa0c4.jpg,banh_can,2,train,web,,ec26ac371a0aa0c4e6bee1121d73de701b2e9be853f7762824afbdcaac0379c7,1880310030801c3fef3fdf9fff9f4f9f3fc176e3506370001a0017013d00180f,
images/banh_can/banh_can_d88a38ca777e4027.jpg,banh_can,2,train,web,,d88a38ca777e402799e8c6480efce30139e2ad4d65964708d1729deb6914b60c,00010001200bef3fd9fc9ffc9ffcffdeff0fff8fe7ff87ffc3ffc1e0f8000000,
images/banh_can/banh_can_d3ea5d80bb776e50.jpg,banh_can,2,train,web,,d3ea5d80bb776e5062a75e76e9d86c490e43f1dbe06240301172eafb4408661f,ffffffe0000007dff8fff037e013e210021000106003f907f9cffffffffffff0,
images/banh_can/banh_can_c3d776696fc23279.jpg,banh_can,2,train,web,,c3d776696fc232792cf0e7ca3528603fcccd8bf099415603af6ce0a8d6679b93,3fffa7ffe01ce18ef983dd83c40100c125d1bdfff2ffe0ffe13ff23f121f043f,
images/banh_can/banh_can_3f47d2fa4344b896.jpg,banh_can,2,train,web,,3f47d2fa4344b8966173b8a79b4ea7a73e37c8b2dae1e217dea3c12a640fc0b1,fc10fc00fe027e067087f533fb05f0048580b106e106e810d898799087908c01,
images/banh_can/banh_can_73c2c7ba6fa050ed.jpg,banh_can,2,train,web,,73c2c7ba6fa050ed71e6f403d8144d189a0d23eba2c7e31eaea6610968e80fbd,023f0f8f67ff7bffffe3ffc077c06fc000209c1f9f821fc07fe07fe07fe07fc0,
images/banh_can/banh_can_75d51aa17ae82dc5.jpg,banh_can,2,train,web,,75d51aa17ae82dc5e93eb4cd4df90f98853d666298f97ea2b57da8c8f1f029d8,3fe00ffc0fff3fff3fff2fdc27df26dc26d707ff03c300030007000000000000,
images/banh_can/banh_can_7d98ccbf2730a5a5.jpg,banh_can,2,train,web,,7d98ccbf2730a5a555eefdadcc4367a1c3de05b8579b493a5761d0da41b08523,031c7fbeffe17fc17bc83d8d3c339ce0ce68c0fb7e3bfc02c5802408a6c88618,
images/banh_can/banh_can_6c9584cf86d0f7a7.jpg,banh_can,2,train,web,,6c9584cf86d0f7a781cb4a0661f8c4bf01b2c88967ac5e0c42567fb43c2951aa,fff8fff097e04fe0dfe01ff087e0efc06fc02e23dc13fc17400d200d0869082b,
images/banh_can/banh_can_1f7323a42422e0e7.jpg,banh_can,2,train,web,,1f7323a42422e0e71af4089ad6dbe5cc073a78fdd7f87b75b20bf3873e7e5331,77f87ff06fb06ef9fcdff527f903f803f019f219f1136103638123f133811ffa,
images/banh_can/banh_can_9e4988301bc60158.jpg,banh_can,2,train,web,,9e4988301bc6015897efee55511bcff31daf004b3d0863472f8fa2a105818997,1c002200617c54fe45ff41fd21f339f341f783e783c7008e606e08ed80cf846b,
images/banh_can/banh_can_338f18914e364d7a.jpg,banh_can,2,train,web,,338f18914e364d7a9e0c169b2d5ed1aad0b95b30dd918145a86d25392144099c,3ffe7ffcedcccc00fe007f804f8443ce0ffe0ffc8dfc981cf8007c003c000f00,
images/banh_can/banh_can_b55373aab90e0367.jpg,banh_can,2,train,web,,b55373aab90e0367ae472165e503d4b6703813a0df0a8e4c6f10afd7cab093e0,003c0f1e2f8fef077763fff8bffeffff6fffff3fbf3f9e07180c200834101fe0,
images/banh_can/banh_can_d2976b20c83aa835.jpg,banh_can,2,train,web,,d2976b20c83aa8352cdfdb00bb4bd780cc60e54d95de8c29bf5ae816ef2d368b,03e00ff81ffc3d943efc3fdc7ad8fcf8fc0cf9f03db8613877f83cf400000000,
images/banh_can/banh_can_38ab1535d7fcea07.jpg,banh_can,2,train,web,,38ab1535d7fcea077b47fec46f290c3a108e2cf1a544a436796cd041e9ea6a89,df07007b03020383ffc18fe07ff0fc70f81839883f3c1f7c1fd81ff043fcc0fe,
images/banh_can/banh_can_89b522a4c2271e5b.jpg,banh_can,2,train,web,,89b522a4c2271e5bb06b610416f291d87375887ac3b93e8e47b55d10c16fd2fd,ffff7fc1000103df7c6ff837f0137001001100013007f807fccfffffffffffe1,
images/banh_can/banh_can_488c0860f55b2262.jpg,banh_can,2,train,web,,488c0860f55b2262ef7b9f418738433f8ea61c504314b5f82cf89e47e4a693e9,f002f580ef38fc28ecf5cdf85bf87bf8fbf8cbf80ff04de00dc104034607438f,
images/banh_can/banh_can_a61990703a5cd214.jpg,banh_can,2,train,web,,a61990703a5cd214acbc14b25fb02f00377e708c954fd56ef34850a21fa2d712,fffffffffc3ff80ff00fe00fe007e003e003d877cff7efe7b7cddb9bcfe7f3cf,
images/banh_can/banh_can_2e9340fb5ec4a169.jpg,banh_can,2,train,web,,2e9340fb5ec4a169fc794332c1115854a7850a3243396006bc82a27709140e7a,0000000003a01bc03bb019f409fc03ec01f603de0dfe1ff61ffe1ffe1e660c00,
images/banh_can/banh_can_1217b673cf28bd3b.jpg,banh_can,2,train,web,,1217b673cf28bd3bf5108b6695316fa323c8a809e73bf0960b056c3f864b2248,fffefffcfffc033c07e01ff03fe017b01b783d783bb01fc007800380000c000c,
images/banh_can/banh_can_efd699fdba93b48b.jpg,banh_can,2,train,web,,efd699fdba93b48be033f0a941c0844e9a201b0428450f7b4e48d58349d7106d,ffe3ffe3f111e188e1cca78ea0fea0be00ee407e85fe193cccf8e0f0f860ffd0,
images/banh_can/banh_can_e46257a98000868c.jpg,banh_can,2,train,web,,e46257a98000868c83000a236adaeceea2652f6d919fd8b13dddc8652fe488d2,00132003000000388fff8fff9fff3fef7fcb7ffffffffdfffdfe1ff000000000,
images/banh_can/banh_can_f9eb4d0f3985c575.jpg,banh_can,2,train,web,,f9eb4d0f3985c57556ca6c3d16e5d084128c4228cc84d1990e0b6a363d4d6879,007f00ff65ff79ff19ff01fe02f803e303ef01fc05fe01ff2cf84cf07c7e303c,
images/banh_can/banh_can_51b3325a92e698c0.jpg,banh_can,2,train,web,,51b3325a92e698c0ed84fb93989c14974077b692ddb2697ef42af11f38e7912b,2f0308032b0103f0fe1ffe1ffe07fe07fe07fe07fe03fe030e030f8103810000,
images/banh_can/banh_can_f486a90c215bc32d.jpg,banh_can,2,train,web,,f486a90c215bc32d92b81883d91e1a7e257b68d5c6383934701217f60ec51b23,c7f087f0fffaffbfffffffff3e7d3806200327032e7f3ff91fc0004000000000,
images/banh_can/banh_can_044075cb555445e0.jpg,banh_can,2,train,web,,044075cb555445e05654ef596d478a78fa58769bee1529a662e4407b5cb2245a,0018000000010001132118433c73fc73fe03fe07fc67ff877f0f7e0f3e0f3eff,
images/banh_can/banh_can_949a63db2eb1ef7c.jpg,banh_can,2,train,web,,949a63db2eb1ef7c83481f63e5036d34e7fc4e99a990d4eae76e93ceea34783f,07b007e03fb83f9c7fc6ff02ff03ff03ff01ff03f386fdcefc0479001f80c700,
images/banh_can/banh_can_d3787aa32e246918.jpg,banh_can,2,train,web,,d3787aa32e246918510612eb456e78d59893d32e31f6c0e8aa77c5053b934a12,03c008000d000f003f807f003e083e3c184275b1c381d3e1fbe3e3ffffffffff,
images/banh_can/banh_can_82dbf85fc95a45a3.jpg,banh_can,2,train,web,,82dbf85fc95a45a34e4dbf65db5f36a343309f1e23c64b8e9fed5e3f50d8ba3c,07f70ff31ff00ffc00f17078fc0c9c2d3dcb374f066f033fe01fc44b844865c8,
images/banh_can/banh_can_787be514896d3f9a.jpg,banh_can,2,train,web,,787be514896d3f9a6fef89f0716c3f3e80fed8b5afff0ddecea0a0777954441b,fffffe7eff76ffe6ffc2fff2fe3219320b140f100b108e10c830c370e3f0e1b8,
images/banh_can/banh_can_d45f47e6ca3afba1.jpg,banh_can,2,train,web,,d45f47e6ca3afba11c32e95382d7fd53cdeae0ef6ca551a7f4c2877b6910696d,ff300718004e100718938003ce01e739e33ce38ce3c4f3c4fee4f360f80cdc1d,
images/banh_can/banh_can_661503780d596459.jpg,banh_can,2,train,web,,661503780d5964593e01682f46d4b6c252f8e43b639515aacb873a2e05644018,ffe0fff0399836043600700264866003700370c238063806382c3e3c3ff81ff0,
images/banh_can/banh_can_de15a81a03a78190.jpg,banh_can,2,train,web,,de15a81a03a781903cca2a0474365501a4c49e26bd1d2e04988b060f001e7978,ffdffe9efeafe787e427e427ec1ff80f1c3f0c3f7e7f584f134f124f166f722f,
images/banh_can/banh_can_c6405b152cd63b5e.jpg,banh_can,2,train,web,,c6405b152cd63b5e4f7624598018a7b61b99e0529f932d1da94632252cdefe38,000007c01ff03fe37effff9cfd8f0cbf0fbf4fbfc3ffc00fc00f107f30ff21c7,
images/banh_can/banh_can_ad2b98cac19b15a7.jpg,banh_can,2,train,web,,ad2b98cac19b15a719c3f8c13b12b4be91ed703acc09b62febe0c5c3aa66dd21,ffdffe5ffe67e7a3e423e003e48ff80f0c1f0e3f7e3f596713671307122f722f,
images/banh_can/banh_can_36eb6cb549d51489.jpg,banh_can,2,train,web,,36eb6cb549d51489135882a17537cb1b3a8807c062c070c94f5408e3d55b03c8,38f838fc78f478767c3a5c7efc7efc3ed41afc3a7a3a7c3e7c342c0c3bf81ff8,
images/banh_can/banh_can_20acc603325eabde.jpg,banh_can,2,train,web,,20acc603325eabdea7e3b98bcca0c4f9c68875389b41ffd0749962306229c2e6,78007c10fc007c403f413f7113f907f1ffe1ffe1ffe183c0838081c088408800,
images/banh_can/banh_can_470eec39b6aa3ad0.jpg,banh_can,2,train,web,,470eec39b6aa3ad0f19d64ba3191ebfe2f5c85e26fb8faf09a1f12225c66f492,03fe03de8e1f8f1f3a9f3ff93f6d7f457c19feffffbf7ddffdce1ff80e000000,
images/banh_can/banh_can_9e8e7165cce9bcad.jpg,banh_can,2,train,web,,9e8e7165cce9bcad2dc90372d2ba7f8d6aea7d636bd55c0a10da7f8b84e30084,e000cfc21fe7387633b06f926f926f987f127f127830703038601cc00f000000,
images/banh_can/banh_can_d0e0657875091123.jpg,banh_can,2,train,web,,d0e0657875091123241db356b7636abbb96805a2669b9ff8ecee90cb1331fe09,01c00788232c3a7772f37afb77fff7ff6be7e3ffe7bf079f300f000610001e00,
images/banh_can/banh_can_6eefdc18e4a92ee9.jpg,banh_can,2,train,web,,6eefdc18e4a92ee9a66f7c277746972c25b776dacdf4b7b1615013d01d381ad9,4f000e80001e033f042000180200001ff07fe1ff53ff33ffa3ff27ff03ff0bff,
images/banh_can/banh_can_2bec5948f5cac32f.jpg,banh_can,2,train,web,,2bec5948f5cac32fbdbbc7f6143ebc06455928c299adeba2e56a61d02b42068d,707ff07ff07ff8ffe1ffc5bfc3ff83b083d98199c1cdc997f0ffe07fe03fe07e,
images/banh_can/banh_can_7470385e2813356f.jpg,banh_can,2,train,web,,7470385e2813356ff4f864acfe02394b60e83b72781be6f1d89d32becafa0cee,ffffbffff800f800f800f078e0fc805ec16643f400ec00008000e000e000e000,
images/banh_can/banh_can_996a3c59fcb30e34.jpg,banh_can,2,train,web,,996a3c59fcb30e34d64403b3499116ca3ef0e060647aca79f4244c37f2274dfe,fef0efe0c7c0c1e0c1e03ff87ffc7ffe7e7e3e3f1e3e071c1f803f803f803f98,
images/banh_can/banh_can_b03c117e21644f9e.jpg,banh_can,2,train,web,,b03c117e21644f9e4bf2c10953e5f9796f60e2f4af8213e9c94a62c0cf3b9bb9,03c007c006000f831fc03f807f00ffc6fffefbfcf9eefbeef658f018fc00ff00,
images/banh_can/banh_can_7c3c0e554228a3cd.jpg,banh_can,2,train,web,,7c3c0e554228a3cdae7e282cf0b79e00768465f341e1929e955c28b67d0f5809,00030000000007fc0e1f1f1f3eff3ffb7f4b7c03fffbdfbf7bfebd8c1ff00e00,
images/banh_can/banh_can_67ec34e07d70e232.jpg,banh_can,2,train,web,,67ec34e07d70e232c75b08c5f9fef829722aef2e92d6ce0d81c8c06150c113c3,01e003f003f807f80fe81ffc1ffc1ffc1ffc1ffc1ff41ff03fe82ff82fe06400,
images/banh_can/banh_can_a8ec314df285f0ca.jpg,banh_can,2,train,web,,a8ec314df285f0ca56be23cf7b564d9f335502f3ffdc2d48757e279eab2f8809,b00fd803dc213710bfffdfb5cf207f80e7c09b6939b531b330b3323138703fe0,
images/banh_can/banh_can_fb2bb832500d7d43.jpg,banh_can,2,train,web,,fb2bb832500d7d436c04ac12cf6472d81fe498fd8543925abcf0f85d37dd059f,f80ff800f600fc00fc00e001f808fc0dfc03e403e9e3db41fb02fb07fecffdff,
images/banh_can/banh_can_6221156d61aa07ee.jpg,banh_can,2,train,web,,6221156d61aa07ee1479b880e60c093528148c99598604867d8cfb2e44e07be5,20132ffb0ff90d7d0f0d1eff1c6e1c2e1c3e7d7e7f4e7fee1ffc07f800000000,
images/banh_can/banh_can_847ce536564f0b2c.jpg,banh_can,2,train,web,,847ce536564f0b2c18107e840a807dcea6731ccea1bebf9c04bd33b6c22089d9,01f003f00fdc1fde3fe23f827f833f8b3f893f833d863ee6fe04fd80c7c0f380,
images/banh_can/banh_can_32bc989754bcda2e.jpg,banh_can,2,train,web,,32bc989754bcda2e94e623ab66cd26fcf042f442fdf4f6c5748e2a57cd01896a,e7efe7c0c7c0c7ff000f07cf9fffbffeffff7fff7f3e00000000000000000000,
images/banh_can/banh_can_0a3b2234871b44e3.jpg,banh_can,2,train,web,,0a3b2234871b44e39e1de1a0f371fa007b899cebc98b5adb55a9d91acc9a7e49,38c039803fe0fff4fffee87cccdf3fee7ffe83fe877fe22378831eef01f80000,
images/banh_can/banh_can_8cf5d68455a79b6c.jpg,banh_can,2,train,web,,8cf5d68455a79b6c7a4f3ccddc286aecfa1b7adb2538414a096cc2ea86bab865,3fff7ffffe00ff00fc00fe00fc78db389f10ec00fc00b880dec06e20380c0e06,
images/banh_can/banh_can_eadfab456cfa270b.jpg,banh_can,2,train,web,,eadfab456cfa270b2fa4cad9e6e73c4183e902f419d799365b91d74f705ac19d,0fff0fff1f813f813f083f007ffcf798f7907a003e003e409f401b300c080704,
images/banh_can/banh_can_5e4265d602381313.jpg,banh_can,2,train,web,,5e4265d6023813131acbc7beff822926173dadeb0e984f5aa9d8b8958b9324c7,7701f3fbe1fbe0f770e77063706723672337373e1f30183038307c707c707e20,
images/banh_can/banh_can_b78fe46d1a78f258.jpg,banh_can,2,train,web,,b78fe46d1a78f2580383125fd96249dfc319b578db06f9610e4c72120149a418,c1dce09c200c60fcc7f81ff81f3ccf3e07be07fc07c907c407fd0fe31fcd191d,
images/banh_can/banh_can_475f14c750aa3bef.jpg,banh_can,2,train,web,,475f14c750aa3befe56bceee964daf26cd97c956d7d4fc45b0fc5bae743ce6c6,6283a00306420ff71fc81b90bb30ff61dfe0cfdc47273e417f807f80ff88ffc0,
images/banh_can/banh_can_791f762f66b19eda.jpg,banh_can,2,train,web,,791f762f66b19eda33cbcf6a2cd30cee84cc69dcf7727a00bdef7bd238a28713,003c00ff63ff07ff3fcf70c3e3e1fff1f9fb47d76f0e18ba01e60007100f001f,
images/banh_can/banh_can_bf9d1a9133906924.jpg,banh_can,2,train,web,,bf9d1a9133906924f15be2adc8b259060fe511463e275d223ba968fde219cbea,1fff1fff0fff07ff871f0b0626032019001d000500110000800dc001e007ffff,
images/banh_can/banh_can_1885d79f7c574062.jpg,banh_can,2,train,web,,1885d79f7c5740621f3b6bc800798d6f78eb41e47f2e9e6bbaa832360c995b55,ffffffff8fc709c7190718000ff01ff83ffc3ff81ff003c00000000000000800,
images/banh_can/banh_can_126f3e76526346bd.jpg,banh_can,2,train,web,,126f3e76526346bdc679232f7ef17b2417becdf5d3eb86b2d3990f25448dab77,00d801f8fffc4fff17ff21ff08b8f1c07fc03ff63ff377f07ff83ff80f900600,
images/banh_can/banh_can_4a455516c8b5d181.jpg,banh_can,2,train,web,,4a455516c8b5d181ffec3eda43cdea1e44e25e40eae30c0d453a932c14731f90,cf8fcf07e9064808081e0fde3bfe3bff7df765bf383e381eb000f80071c06080,
images/banh_can/banh_can_a579cd50121569fb.jpg,banh_can,2,train,web,,a579cd50121569fb1209b86680f60b9948a43d3ea363eae8d10be1bd651475f4,fcdefdfefffefffeff7ef99ff001f001f800f83ff83cf00cf002fc017c001000,
images/banh_can/banh_can_c1e1728ba614f838.jpg,banh_can,2,train,web,,c1e1728ba614f8384fc531d03c1f5a422fd21b8dd019cf91058a22f6829f92ed,19e018800000000003e00ffc3ffe3ffe3ffe3ffe3ffe1ffc07f0000000000000,
images/banh_can/banh_can_6faf4d5a540d8ef9.jpg,banh_can,2,train,web,,6faf4d5a540d8ef9865f36d2f79679947288ae3277c1e92877bab69bde16f1e5,fffffffff047e00070007a007c00fc0038c0b9e4fbf4fbf073f013f00fc08b00,
images/banh_can/banh_can_867b96eb1f2963fd.jpg,banh_can,2,train,web,,867b96eb1f2963fdfdd525860a52d71b0a266bc0c84953e25995475f21b018b9,00003fc0e1e0c1f0fbe27fc801f887fe2fef3f0f3e071f9f0fff0ffe00300600,
images/banh_can/banh_can_58f4d2c89058f2b7.jpg,banh_can,2,train,web,,58f4d2c89058f2b7cc6151e36a623d40eb4e7ced66c7d380edbbf9194a0018aa,f10c600c3067baffef9de780c7ff001f3ffffff07fe0000f03e10fe101c10000,
images/banh_can/banh_can_1c1b10424fc6ba67.jpg,banh_can,2,train,web,,1c1b10424fc6ba6705b9f2820b6f3df88e3ac42144830af7cb80205ed27cddeb,ffff07e11ff904790c182e0f271f34073007901f9806420d67193f713fc0ffff,
images/banh_can/banh_can_21053ce289903ea8.jpg,banh_can,2,train,web,,21053ce289903ea83968e12648f96a1b83f7a78a052e690f6d8cc1d19fc76a20,c000c3f807fe0fff1fff3fee7e7c7e3e7cf67ffce19c7ffc3df8004000000000,
images/banh_can/banh_can_db73a09e3c8f3732.jpg,banh_can,2,train,web,,db73a09e3c8f373205cfc40fbc1af79b030ba0c6a1a5996a41e509bc676bd406,f191e111e1e8f0ccf78ea3cea0fea0be00fe00eec47e85fe1b3e993cccf8e4f0,
images/banh_can/banh_can_d5ff5e370ed0a703.jpg,banh_can,2,train,web,,d5ff5e370ed0a703ee971088a2332814b851c04c31e4e0f308535758ade0d005,0003000003f00ff81ffc3ffc3fd87ff8fcfcf9fc7fb879b867f83cf000000000,
images/banh_can/banh_can_b4e255fc091d08d6.jpg,banh_can,2,train,web,,b4e255fc091d08d67f441cc1bdcdaa557561bc4ae3d7749c875e88cd975d8944,3fff3fff3fe33f03c701c700c700c780c701e021f9c3fe01f001f000f000f801,
images/banh_can/banh_can_935645302b9cfe35.jpg,banh_can,2,train,web,,935645302b9cfe3516a0bab0c86b2015db570e95d68dcdebc723e1b8d7f366f8,15bf20fe081c10c0f7c0ffc43fd63ffb3ff177f8fff87ffc37fc0ffc0f800f00,
images/banh_can/banh_can_a1494d0a7ca75abd.jpg,banh_can,2,train,web,,a1494d0a7ca75abdf20254664b6674ea79194d2bda36778a9a0e4e04df62b614,fffefffeffffe03fe008c00086018c0318030007c007000f0c0f898f8187a107,
images/banh_can/banh_can_5b1ce6115dd5e9a1.jpg,banh_can,2,train,web,,5b1ce6115dd5e9a16ba7969c2c8879095024a288756df6a3cf698a1997d2c4b4,ffffffffffc7fe038e010f001f001f011e01c1c1f3c3f801d001c001e000e001,
images/banh_can/banh_can_5232dedc7141036c.jpg,banh_can,2,train,web,,5232dedc7141036c07e9bc7d08d230d75900bb99a984f5cef907e45fd4359496,0000000100070383078003000000c8c00078007f07ff8fdfffefff0fe7fff83f,
images/banh_can/banh_can_a91653149360efc8.jpg,banh_can,2,train,web,,a91653149360efc814669e1e354e1b54283d4a16122e5ffafee888dee17e9d2c,839f0fcf1def13f13bb1fe31fc3bfc17e01f301f383f3ebf7cf9fffc72d03890,
images/banh_can/banh_can_c92e12aa298039f6.jpg,banh_can,2,train,web,,c92e12aa298039f6c3216b298c99e988b54d47c6b40c6b4671becec8ac1d190f,080200001de0b9f383dbe3fbe1ff878f8b8fff5ffb43f941ffc03f80ef80f8fc,
images/banh_can/banh_can_d316391bd8259834.jpg,banh_can,2,train,web,,d316391bd8259834d227c191c2dc7a5640fdfbfcef72ab3325fe7bed7f9a7fc7,03880fc95fe9fc63d967d937d827d836a0768474a04431e439e95fc90e012200,
images/banh_can/banh_can_cd80f99e6ba90d5a.jpg,banh_can,2,train,web,,cd80f99e6ba90d5a13eb921d64760da728418954c74f7fc2307001028fa6288f,7ffc7ffc7ffc7ffc7ffc7ffc7ffc7ffc3ffc3e1c381c20001000102000000000,
images/banh_can/banh_can_ccd644683564acfb.jpg,banh_can,2,train,web,,ccd644683564acfbbff482519dcfb4fd23cfd84f4d2de1240c76483b34849c8f,00ff01ff7ff38fe78fef0fdf9fbf5f311800000080100b14b1207fef48548489,
images/banh_can/banh_can_411b6b6446bce54f.jpg,banh_can,2,train,web,,411b6b6446bce54fe6663ab26d3aad321e19d1d8384fdac0e0ef44da70b69c00,0ffc1ffc19823e7e7efc66ccf8d8fc7cf004d0f87d9cc19c61bc7cf800000000,
images/banh_can/banh_can_c0902a2b7453da5a.jpg,banh_can,2,train,web,,c0902a2b7453da5a20b394670eccddeaf23940b03b08c6e596262b51a777a5e5,ffffffc73e077e07f8e372e3e660c7038303803f90ffc8fdc178f331f807ffce,
images/banh_canh/banh_canh_42ee754dafcbdbf9.jpg,banh_canh,3,train,web,,42ee754dafcbdbf9a7c1bf1fd415a7720771f16b9e538ba396c105141ac45ac5,218f418fc18fc0f7c0f3e02ff950f900f930ff00fec0ff80ff803fc01fc00000,
images/banh_canh/banh_canh_c443a43b751b7061.jpg,banh_canh,3,train,web,,c443a43b751b7061c58946a347b368506d1419fc723ab86a95122c28def7d6bc,218f418fc18fc0f7c0f3e02ff950f900f938ff00fec0ff80ff803fc01fc00000,
images/banh_canh/banh_canh_75d068780695b59e.jpg,banh_canh,3,train,web,,75d068780695b59ef15966e2b0b737fc5f649e6092349f13e36ded57e644bb22,fffffffffbffebffc9cfeddfd8fc9a7c03fe03ff03ff039103000f0002000300,
images/banh_canh/banh_canh_bd6a4a95c48e5f4a.jpg,banh_canh,3,train,web,,bd6a4a95c48e5f4a407d688bf15a43353aef7025d511bca5add128b56308220f,fffffffffbffebffc9cfeddfd8fc9a7c03fe03ff03ff039103000f0000000310,
images/banh_canh/banh_canh_8f214219e2950307.jpg,banh_canh,3,train,web,,8f214219e29503077fd24a63c182085c4e63cbf115e090d0a3ae90983356e386,0003006307700730371033b813d83bce398f380f08461e0116070e1f077f1bff,
images/banh_canh/banh_canh_dab8650180ef17b7.jpg,banh_canh,3,train,web,,dab8650180ef17b79a1e25f610858c5de26fb24ce7faba4514e718edb821144f,00030063077007303f1033b81bd83bcc3d8f380f08461e011e070e1f077f9bff,
images/banh_canh/banh_canh_a00dca9d6b6a9136.jpg,banh_canh,3,train,web,,a00dca9d6b6a9136aaf1de0626e59afca198d7e0e933287859832cd6532474ad,fcffdc7c8fff07ff87ff83fb03fa8fe0fe12fcc0fcc09e019e0f9e0f9e1fff3f,
images/banh_canh/banh_canh_f21c24cd3718c325.jpg,banh_canh,3,train,web,,f21c24cd3718c325f694ae118380786bee573cf92f64bd185131497e34873b4d,fcffdc7c8fff07ff87ff83fb07fe8fe0fe12fcc0fcc09e019e0f9e0f9e1fff3f,
images/banh_canh/banh_canh_8a1888528ec5bc58.jpg,banh_canh,3,train,web,,8a1888528ec5bc5819a981b3873fc166ba966c77ff60581efbe48a1cc02f5a3a,fe00ff81f83fc3cf83f333f97bfc7ff41bfe019c003900fb00a700070007800e,
images/banh_canh/banh_canh_1fd6781d5c3ae58d.jpg,banh_canh,3,train,web,,1fd6781d5c3ae58d374687be7a0a116723a4ae82d52048d7147ebd5e7bf8037f,000101c108331807704761c7efcfcf9fff3fc77f47fb2ffe37fe13fc0cf803e0,
images/banh_canh/banh_canh_45e3b92f24c1e42e.jpg,banh_canh,3,train,web,,45e3b92f24c1e42e0829aafc9d302bc5382546de748110fe07045d5e270cf103,efffe0fffc1ffc00e000c1e387f907e107c000e180019803c007600f3fff1fff,
images/banh_canh/banh_canh_808b9bf5c7648856.jpg,banh_canh,3,train,web,,808b9bf5c76488563bc468834fac91ad013801a2263905ee4a102820db61ce73,f3fff07fe00ff01ffffffefffbe7f9530039003940314011200318070f7f01ff,
images/banh_canh/banh_canh_44cac2e28d38996d.jpg,banh_canh,3,train,web,,44cac2e28d38996d8d5c36ef408e4dd36ebac7e4f7536e26add297845859e564,00001ff87fbe07bf0ffb1ff93ff03eff7efd03fc01ee00ef80fb60ef1ffc03f0,
images/banh_canh/banh_canh_4cf3e6f932e6f2b9.jpg,banh_canh,3,train,web,,4cf3e6f932e6f2b9e5e192390b77f0be6bf9e288e6ddc75912aa41977a7b14b1,00f701ffe1ffe00787c317e007e003f8fffeeffc27f83df078fc21e08080c000,
images/banh_canh/banh_canh_59100f27ab9d33fd.jpg,banh_canh,3,train,web,,59100f27ab9d33fd50ca6110ad657c96813d9144544b1c303387441e2122ca99,cff0dffcf80efc07fe63f023c981c7c0c3c1c001c001e00370073a0f1f0f07cf,
images/banh_canh/banh_canh_e4a33cb93450b2fe.jpg,banh_canh,3,train,web,,e4a33cb93450b2fe2114c4d3e94164d1eddf16b8b0da98ddab11ef9e6ca8882c,1fd8ffffffcfcdc7c07100fe71cf67970337e03fc1bf990ead3ce6383c010000,
images/banh_canh/banh_canh_57f48a15637db821.jpg,banh_canh,3,train,web,,57f48a15637db8216078b60a4af36de3048b9fdf19b027696b8cb2c325ac59d2,1fff0fff0fff07ff030d1f06241300190001001501128045c021c001f707ffff,
images/banh_canh/banh_canh_5949e0abccabd6d2.jpg,banh_canh,3,train,web,,5949e0abccabd6d21f1b209c0b18d13b9b66d79864201fc110cd217dda3577a4,7fd87fecfff7fffbf006c0c182f088399cf89f988e18ce30e180f800fe00fc00,
images/banh_canh/banh_canh_fc4ea929fc45e8c7.jpg,banh_canh,3,train,web,,fc4ea929fc45e8c70bd160e7d613dcd9bc389c791d7a3a645eb6ac7bcb70ef0f,713bfc7ff00fc007808383e303e303c30004f838fe38fffcfe7efe7ffe7ffe3f,
images/banh_canh/banh_canh_185c3fe279ef04a4.jpg,banh_canh,3,train,web,,185c3fe279ef04a4e5e867ed5c5e8e52bb625c844269fd83b4cd7b033c813fcf,fffff1ffe00fe01ff87fffbffb8fe0670003039343a340232027100f0e3f01ff,
images/banh_canh/banh_canh_ed9b191665443175.jpg,banh_canh,3,train,web,,ed9b191665443175ae066a313e1d5ff2b40105ab388cb921d086defe1c829e0f,33ff3e077801f800ff00fb08fc8cc4c4c60ed804c84ef408ff11fe0f3fff0ffc,
images/banh_canh/banh_canh_1d59eb8c4ed024f5.jpg,banh_canh,3,train,web,,1d59eb8c4ed024f5363c53024d06ee15e8a0b908bcac48fb58749657f95fcc9a,c07ef9fcf3e3c7871fcffe0fe407f007d87fc077c18f818e1ffb0fc34007c007,
images/banh_canh/banh_canh_0e66d00e0cdaa96c.jpg,banh_canh,3,train,web,,0e66d00e0cdaa96c1d53884b8fa320ad9245ef15fcf1b1ebd715c12b809c585b,fffff8fff0ffe07fe05fc03cc41cc01cc01cc07cc3ecc078e1d8f1f0f8c0ffe0,
images/banh_canh/banh_canh_4e8b763365b3b676.jpg,banh_canh,3,train,web,,4e8b763365b3b676509558bc944e9e66dd4e8c71b0c210caed13ea864d99c36f,03800fe01ff03ff87ffc7efc7efc7ffc7ffc6b747bf435e431e810900e200380,
images/banh_canh/banh_canh_a502d8fbf182f55b.jpg,banh_canh,3,train,web,,a502d8fbf182f55b5cde706c11710af0c50a137810ba54aea1e81a819a14f7bc,787f007f001e001e1f1f36fe7ffc7fff781ff800ff70fff8ff833fef03fe003e,
images/banh_canh/banh_canh_1ca17eebae93a773.jpg,banh_canh,3,train,web,,1ca17eebae93a773ab7903b8b265f9ea245ac14cbcf398c4b546cd811c662a73,83f8a63ce724cdd903c40fa21f391f0c1f741ff277212000c00370cf3ffc07f0,
images/banh_canh/banh_canh_6d9c08d7d994a214.jpg,banh_canh,3,train,web,,6d9c08d7d994a21481601c9544f5d268b52457e648c5a6f3de7ff83a766b2e39,fffffffffffffffff3c7f02ff81ff867fc433c80030003000101009f8038c001,
images/banh_canh/banh_canh_c36f5ffb42acde50.jpg,banh_canh,3,train,web,,c36f5ffb42acde501e9b9f56c41a90d0a201a0a75747688d6d6db922f545e56a,20308078007f00bfc7dfff1ffc87f987eb83ff83bfe909dd001c001e001f001f,
images/banh_canh/banh_canh_5362000362519baa.jpg,banh_canh,3,train,web,,5362000362519baa5da0e75870e846ef615c508ed295c639cdaa46998359aa0a,0073407b40ff41ffc80ff00fe00780038003c3c3cfc2fff6fffcfffcfff8bff0,
images/banh_canh/banh_canh_c976afea9aa03f18.jpg,banh_canh,3,train,web,,c976afea9aa03f187fa38750c84a4f1e94bd230ff9ac57e190c3fdf72273ef8a,fffffffffffffffffbebf037f80ff823fc713c9007100300018400cf003c8000,
images/banh_canh/banh_canh_a4236500615438d0.jpg,banh_canh,3,train,web,,a4236500615438d0474ea4fec6aef8fd0a4ec9eab16f992fb44b32cd3985dcdf,3f00000803e01ff87c0ff843f0f1f1b0f000fc41ffa17f1f3f7f0ffc00380022,
images/banh_canh/banh_canh_c2d585e0ea386e2f.jpg,banh_canh,3,train,web,,c2d585e0ea386e2faa5ba2f37a5c974933f3dff16dd49f5d0c45fe45613892ed,0ff03ffc703ee00fc00f800080098003a4079807b403fc03fe073f5e1fff07fe,
images/banh_canh/banh_canh_5ad8f8359cc0052d.jpg,banh_canh,3,train,web,,5ad8f8359cc0052de1b68e100a1f3cf822221f9d86489688dbe7337cec1e6280,073fffe3fbf3fe63f821d7301ff83ff83ffb3ff31ff01fe00fc2000600060000,
images/banh_canh/banh_canh_a8bc58b7adc7f5eb.jpg,banh_canh,3,train,web,,a8bc58b7adc7f5eb4ca8470465e663ef42af6f7b73257da8fe92327d46ced91c,ffc0efc0fff0f3f8641fe80fd88dd988f580f188c898e098e0b0e7f0bfc01f80,
images/banh_canh/banh_canh_dba27640ac76511c.jpg,banh_canh,3,train,web,,dba27640ac76511ca8e1fa4f7b335108fc30ab8bf0e70e52c548b50c3b4a1ee0,7e20fff0e7f0c7f8fffeffffe0ff07ef07de739fd81f001c033a000400000003,
images/banh_canh/banh_canh_c514026a5d474866.jpg,banh_canh,3,train,web,,c514026a5d47486684c47e01bb15edc2eb71cf0dd62796494b186e9f7bec5373,fcc3f843f80bfc07fc07fc07ce1fc63584209c009991cdf3f85bf02ffc3ffeff,
images/banh_canh/banh_canh_48ae183c137e88d1.jpg,banh_canh,3,train,web,,48ae183c137e88d19bb744a03052eb0b2d338db91a5a1ea2251d4ec3d3cff46e,43b047c0f3831fc17f087f64e036f01fc207f447fe3f7fff1fcf000f000f801c,
images/banh_canh/banh_canh_fd4967ebc2e965d9.jpg,banh_canh,3,train,web,,fd4967ebc2e965d9f666e5f15372510fa8e352f0f51736cc35731afd4a9823bc,004f004f004f0bef1bfcb03e307e707ff01f702f783fecffc3ff000f00070007,
images/banh_canh/banh_canh_fc1fae0b2995d000.jpg,banh_canh,3,train,web,,fc1fae0b2995d000947397f2c23034f5020f9c58a0f8fa05139ffaf63b591381,007e011fc01fcc1f7c3c3c201d00190031327966bb467446fc00f3f8f3fc7d9f,
images/banh_canh/banh_canh_87cae0c7f13acca0.jpg,banh_canh,3,train,web,,87cae0c7f13acca0a5ac5787ada20019fbb0ff9c3c57a03ab218a1deb7022b2f,ffffe207b7e007f007f01e703870382038ff38ff3dfe1c8018208001c007f81f,
images/banh_canh/banh_canh_9deb98915a7ddccf.jpg,banh_canh,3,train,web,,9deb98915a7ddccf8a4668ca731e2135eee5a8668c657222ed00d7c21e5232f5,39b8fc1efe17fc86f9f0e204c02308f10c194889ccc1ecc37fe73fff0fff001f,
images/banh_canh/banh_canh_ec09433038fc48c6.jpg,banh_canh,3,train,web,,ec09433038fc48c6050ab78860b54f36ea90efd71da11958a34b92acd51ca827,fc00f000e07887f717e733ff200f6000f007fee737df1bef5bff7fde7c072445,
images/banh_canh/banh_canh_4f4da7991907e29d.jpg,banh_canh,3,train,web,,4f4da7991907e29d7e65dd9c06948f39d87dc496454acb87a5ddb5026d418a36,8ff07ffceffee776f3e6ffdcfff0e783f807101f000f0007000701c300000000,
images/banh_canh/banh_canh_51be91c845a4d646.jpg,banh_canh,3,train,web,,51be91c845a4d6462fe2bd67d2d85e0bd432256760236e6e1cb349cfe6160ddf,fffffbfee1f8e0d8f030f8647cf638f3b3f387938f8387838303c003c007e00f,
images/banh_canh/banh_canh_82fed7fb10a1a5f1.jpg,banh_canh,3,train,web,,82fed7fb10a1a5f112d394ed4d621720f52dd209a661a28feb1464c452572c3d,7fff7fffe00f80130e0f0fe427e03f600fe01ff00ff002c10003c00ffff83fe0,
images/banh_canh/banh_canh_b1d99aee9a769e44.jpg,banh_canh,3,train,web,,b1d99aee9a769e444808e4218b1e0eb53dd227aacc887ad46f985429fb4cb2e1,8ff08f78080c33c667f36ff9cff1dff9dcf9c0b1c7e1fd19ffe3e920e0017002,
images/banh_canh/banh_canh_3219f8fcc737a1a9.jpg,banh_canh,3,train,web,,3219f8fcc737a1a97a3ec27b1cffaf4dfe8d1454026d7a308db53f54a8c41b6d,c01fe07ffe7ff00fc1c782e387b917e11fe18fe38ee7000f083f07ff001f0007,
images/banh_canh/banh_canh_dd9babcff0ff3cc7.jpg,banh_canh,3,train,web,,dd9babcff0ff3cc7f0a101b8a07229990a7bf46538afc3f56f7e5befa578c396,37a03ffc02ff97d13e119a0830011007a803eb03e783fe63ffd3fdcbfff7cf3f,
images/banh_canh/banh_canh_6cd4f9c96939feb8.jpg,banh_canh,3,train,web,,6cd4f9c96939feb85625df42e34897c8c73d775de181041f94d0423fccb4ba7a,0000000004003fe07ffcffcff007f01fe007f201f801f003f807fd1ffffedff0,
images/banh_canh/banh_canh_f3d0062f00e3b4b2.jpg,banh_canh,3,train,web,,f3d0062f00e3b4b2c4d726d9f820239a43125271369970b07950db11c52c7e0e,fa3fe707b7e007f00ff01e703870386038ff38ff3dfe3cb01ca01801c003e00f,
images/banh_canh/banh_canh_b89e5b3fe5322079.jpg,banh_canh,3,train,web,,b89e5b3fe5322079932b2499a8150f52820e3efe5a279d4414fc3380b0a78c60,3ffc7f9e791ff27fe13fe07fc60fdf87bf8fbf83ffc1dfe145e1406120021804,
images/banh_canh/banh_canh_79c3bda7dd158574.jpg,banh_canh,3,train,web,,79c3bda7dd158574b8a525dcb268ac1a743fd7ee156ac57dd63bd3af0d3fac54,fffffffffffffd8ff0c1e3f8ff9ebfff821f000e0000600130030f3f00ef000f,
images/banh_canh/banh_canh_9a888ab41821d514.jpg,banh_canh,3,train,web,,9a888ab41821d514da77b56a18471a31571ba5fdc1db2ed4239555c7efee4938,fff0fffffffffffff03ffa0ff806fc10e310638e713e1c3c079000f0001e0000,
images/banh_canh/banh_canh_51f3e9e058f4eb3b.jpg,banh_canh,3,train,web,,51f3e9e058f4eb3b4a29e0fb6a738e22e006a966047f6a8da09572e744912964,ffecffdfff3f7f3f3f3b1f380f001f00ffc0cfc003801e001f003fc03fe005d0,
images/banh_canh/banh_canh_0ca2559ef2e2129e.jpg,banh_canh,3,train,web,,0ca2559ef2e2129ef640b9f4ef65f3da19850675f44b3a231f7dee32b43fbdba,bf031e0018000300e72c098010c121e0cbb07ffaf7f8e7ede37ce3dcf19cf1e4,
images/banh_canh/banh_canh_a8a4470b80a79681.jpg,banh_canh,3,train,web,,a8a4470b80a796811de0f060c66aa93cb4e99c70fde9eb71b19e9d92887ee8ff,c1f9fbf3f68fe43f007ff01fe207e007c436900c38cc3ff06186e007f80ffe3f,
images/banh_canh/banh_canh_801883b054f6870e.jpg,banh_canh,3,train,web,,801883b054f6870e4227d15f3204aefce45ed5f70679b5400a06838f5cd2ff31,0fe07f0c7fe6f13be031e00df209c103f423ff83fe0f3fff1ff3000300030000,
images/banh_canh/banh_canh_74dd27a19b47d837.jpg,banh_canh,3,train,web,,74dd27a19b47d837125b0de1aff092e0b4cf6a6e94aa4c10471717c04162ae98,0600ff01ffeffffff00fce63ceb1bf01000c07f887f98719878300074006600c,
images/banh_canh/banh_canh_11103f731c43ba0b.jpg,banh_canh,3,train,web,,11103f731c43ba0bc43d4df288c551c9804b5be764df427a5773690acab86bc6,e007e003e0038001820188013801310131ff30cfb387b3c3b7c3ffebdffbefff,
images/banh_canh/banh_canh_15447240e9c82eea.jpg,banh_canh,3,train,web,,15447240e9c82eea78af4776f3670540263ba92c3b3af26abb666e60c7aaa917,fe43ff01de71dffce3ece0c0c8c8d084f144e210d006f002f036c036e084c0de,
images/banh_canh/banh_canh_05975f36373a051f.jpg,banh_canh,3,train,web,,05975f36373a051fe214731166203b7b7e02097dbeed6cffd6f92f8f0de085dd,1fe07ffcfdbecf879f81bfc91e201c00000000009000c003e003f80efffcfff0,
images/banh_canh/banh_canh_d73aef90063bb8be.jpg,banh_canh,3,train,web,,d73aef90063bb8be84ef54bca17d653aa321566d162c6cd327f3a5610f9adfd2,0000030007c00ff00ff80f7c1efe1cff3cff7edf7fdf7dcb7d923fb01fbc0f3c,
images/banh_canh/banh_canh_791f762f66b19eda.jpg,banh_canh,3,train,web,,791f762f66b19eda33cbcf6a2cd30cee84cc69dcf7727a00bdef7bd238a28713,003c00ff63ff07ff3fcf70c3e3e1fff1f9fb47d76f0e18ba01e60007100f001f,
images/banh_canh/banh_canh_b085db0ae8e69cef.jpg,banh_canh,3,train,web,,b085db0ae8e69ceff0d782b2806dcb8fccac6fc7b9cda6aea3fd80c88018f160,f60ee607c4c38061803198311811000034b01ff11fe85ff91ff93ffb1ff20bc4,
images/banh_canh/banh_canh_4e355840ac07fb85.jpg,banh_canh,3,train,web,,4e355840ac07fb853b302e5e10e6654fad6ef19aed09cb1651f799cc3fe75f6f,0fff7ffffffff200c7e087e00e60186039fe39fe19f018008001c0077c3f1fff,
images/banh_canh/banh_canh_69b476b96da488f4.jpg,banh_canh,3,train,web,,69b476b96da488f4e195de6473e3f48d1ac1e4c878647dc64314038d84ef7cc0,00000000000000000080010909290df70fff0fff7ffffefffeffffcfff3f7f3f,
images/banh_canh/banh_canh_60c22ef42c5e54f2.jpg,banh_canh,3,train,web,,60c22ef42c5e54f2a570fd002524e800c8bdabb57b63182b4b8c2b0e79231425,03ff3ffefff0fff0fff6ffffc7fe037801f801808000e000f8071ffee001fe03,
images/banh_canh/banh_canh_bb449e503162b700.jpg,banh_canh,3,train,web,,bb449e503162b700c6744b9f20e63f724b665597048fa8947cbd6f605ed0a2ce,7fc00c0800600ff07c8ff803f071f1f0f000f801ffe17f1f3e7f0ffc00380032,
images/banh_canh/banh_canh_bf9d1a9133906924.jpg,banh_canh,3,train,web,,bf9d1a9133906924f15be2adc8b259060fe511463e275d223ba968fde219cbea,1fff1fff0fff07ff871f0b0626032019001d000500110000800dc001e007ffff,
images/banh_canh/banh_canh_96497df04cb36954.jpg,banh_canh,3,train,web,,96497df04cb369543380b23d9825c7d58d2641e07349f57fbf15b57ea441e056,3fe03fe07f3fc61fe63ff03ffffffc3fe307c001800180008001c003700f1fff,
images/banh_canh/banh_canh_7572c12a1da3859e.jpg,banh_canh,3,train,web,,7572c12a1da3859e4c374f79e7435d38b5263ed4deb31aaf34de3252eb90abbe,fff0fff0fffefffefffcfffe07670433003b8019c01fc14a6047100f0007001f,
images/banh_canh/banh_canh_a90f633964e3566b.jpg,banh_canh,3,train,web,,a90f633964e3566b265b3c822fce5496b97aeefb093c1b1b5c1cc2f26b1da7ea,3fff7e7ff00fe007c027c013c0b3c6e38107800fc01fc01fc47fdcfffcfffcff,
images/banh_canh/banh_canh_045656ed6d51eea2.jpg,banh_canh,3,train,web,,045656ed6d51eea259d0a439b71ac3a1c806002d45d2743fad1d7ad133236f3d,fcffe03fc80f8fcf0cc714271003108711e701cf87cf879fe01ff01ff41ffeff,
images/banh_canh/banh_canh_1354c23d5382a880.jpg,banh_canh,3,train,web,,1354c23d5382a880403e38bf6796f362c729013f21c2a8301ea271e3f33ca364,fffffffffddff98ef186e006f207e803e402e006e006e004f004f809fc19ffe1,
images/banh_canh/banh_canh_940f91bd446691d2.jpg,banh_canh,3,train,web,,940f91bd446691d2211073768a153efb719fb8f5c9f518cef7927c6562fe1036,3ff83c3c721e621e621ee03ec83fcc9fcccffc37f43ff867780e700e783c3dfc,
images/banh_canh/banh_canh_d0081c0bd78b2594.jpg,banh_canh,3,train,web,,d0081c0bd78b25944a8cadb0827c2b89cf7e78bbe4b0095b3e995fa3ea51ba56,ffe3fff3fefff05fe847e805e008e00ac0078007302f003fb03fb87ff040d641,
images/banh_canh/banh_canh_35b2acae3c91bea0.jpg,banh_canh,3,train,web,,35b2acae3c91bea090afff175b8a310bcde3ccd4b3fff9768480bc845ffca960,ffff000000000000fffffefffc7ff83ff80ff007f007f80ffe1fff1fffdfffff,
images/banh_canh/banh_canh_146d371a34cf5f92.jpg,banh_canh,3,train,web,,146d371a34cf5f92a2cc50f116bde2395bc5bbddb7e00d11f5255221b22e1bd7,fffff3ffe10fe007e003c031e021c001c001c001c001c001411b618ff1cffdff,
images/banh_canh/banh_canh_ff39e4281b46b27a.jpg,banh_canh,3,train,web,,ff39e4281b46b27add7b42bdd6c623396d75f771350c305c9227d13509e5ea90,c007818311a3818370811981c1810dc30dcf4fc90fc10fc119e598478c43c007,
images/banh_canh/banh_canh_788f7fec005e10c0.jpg,banh_canh,3,train,web,,788f7fec005e10c0f590a4359462be4e4fc322b5506457fdf825e9d205d6039b,0fe01ff8680ec00f80038f009de5cfe7dfe59fe1cfefff17fd97ff1e3ff807e0,
images/banh_canh/banh_canh_4c519935ed819f76.jpg,banh_canh,3,train,web,,4c519935ed819f76ff2a24c1f247c4c66ef3bd5341ebed9dfd1d183593d4f1d7,fffffce1f87fb0617980ed98c018c049c0d8c018e198e1b8f130fde1efc1ffff,
images/banh_canh/banh_canh_53b50370eff1c7f6.jpg,banh_canh,3,train,web,,53b50370eff1c7f65636bd53613167b4d6cde0dae3faf5395988b692b04d55b9,f01ffffffc1ff8c7e0f3e0f9c005c01d60f9004300070c1f07ff001f038f0007,
images/banh_canh/banh_canh_ac09f3e5a647161a.jpg,banh_canh,3,train,web,,ac09f3e5a647161ada1cd5b3cea4f492bfd7a9dc5c37f256819ab90825b847d0,c01dc4068c0e8024a07080108009f00d700ff00fec0bee03d666d064cf09ee9d,
images/banh_canh/banh_canh_5af1b34735aa8d2c.jpg,banh_canh,3,train,web,,5af1b34735aa8d2c2598c498200f37bdd6799562fc098c920a37d6775c881412,fffefffffbfff87ff07ff011e010e000e000f000f800fc00fe00ff00ffffffff,
images/banh_canh/banh_canh_23fd6b94baf69230.jpg,banh_canh,3,train,web,,23fd6b94baf69230be2895d078349c415389723f64a18aa09b777906bb675dc0,39b07c3cfc7ff9f0e300c1230c1b7c8b76c73fef1fff007f003f01ff031f021f,
images/banh_canh/banh_canh_5b81303a7fab72c4.jpg,banh_canh,3,train,web,,5b81303a7fab72c46dfc09f4bf438a6b6cc1b626643f30dc2d9d9081e3786d43,3ffcfffef7ffefffc0fa1270013000004000800000403c003c01900fc00fffbe,
images/banh_canh/banh_canh_4af99ee2b9ef6e7d.jpg,banh_canh,3,train,web,,4af99ee2b9ef6e7d81d74a0e10823efc5e89cc764bc4fe3a7f0284c2d72391ac,fffffff3fc21f901f011e001e00fe00fe00fe00fe00fe00fe00ff01ff83ffc7f,
images/banh_canh/banh_canh_57854b8360d47e86.jpg,banh_canh,3,train,web,,57854b8360d47e868f5978d535214141968a43f6cafb1c17543283dd2c4795c2,fffffc1ff107e3e3cfe3c7b187118339c14340132007181f0fff01cf00070000,
images/banh_canh/banh_canh_45c725851537a6cf.jpg,banh_canh,3,train,web,,45c725851537a6cf3e52f7a536dbc32058cb6423b522bbea39c17d1fba7fc24c,f80000000038003e00080fe01ff03ff87fd83e983e381e600780000000000000,
images/banh_canh/banh_canh_dc44a547be446aa4.jpg,banh_canh,3,train,web,,dc44a547be446aa4aa96e07a1320b4907cddb8d85d7efadc8249f14b9171efce,c7f81fff0fc71fe13fe0fec0ff80f780e0003800080000000003c01ffffffff0,
images/banh_canh/banh_canh_af47690306c26da1.jpg,banh_canh,3,train,web,,af47690306c26da1dd6dc85bd41551de7bc172b2e4cbcaa75c33a109c05c376c,3f7c733c61aec7fe0fe7cff7cffbc7e387e383f3c1ebc183c013400660de30cc,
images/banh_canh/banh_canh_c4c654d4ec68c28e.jpg,banh_canh,3,train,web,,c4c654d4ec68c28e38dfa4904a23a5336768ed1f470b6e1a9a2428ad0e4aa5b6,000003f827e44ff887cc0fc20f931fc93ff03ff07ff0b038d04b60c63ffc0ff0,
images/banh_canh/banh_canh_94d478a47c297fbc.jpg,banh_canh,3,train,web,,94d478a47c297fbc6d7e5817fb9e801f12c700a5fbfe36fc2b89d2a3e443a28b,1ff01d183c46707ff86bf803c411c103e107eb03f907f3a7793e3ffc0ff803c0,
images/banh_canh/banh_canh_8ca0c65ea37e0c31.jpg,banh_canh,3,train,web,,8ca0c65ea37e0c310dd2b2d84f5ed0ade8bfaed050957b806ee1e80d28e4bc4b,c00201f48fffffcf278f10ff807f80bf00ef10670e3f80c783e7e791c001e047,
images/banh_canh/banh_canh_258237f989545739.jpg,banh_canh,3,train,web,,258237f989545739d254483d90412878cef1b32d0945bbd5036cb624b6fba360,1fc707ff03fe01fe01ff01c701c701c303f903f1016301030b8317c72ffc9fc0,
images/banh_canh/banh_canh_0f6399709c3ffd50.jpg,banh_canh,3,train,web,,0f6399709c3ffd50ddb919e6c78e9110e1d678f62ba783d8503c07ec964fcf30,fff8fffcfffffb86f080c1f887fe1fbe47c11c4118008000c000e0013e1f07fe,
images/banh_canh/banh_canh_9930a5c29309f3fe.jpg,banh_canh,3,train,web,,9930a5c29309f3fef554ba04ba5cdf2edb06758d96a5299ef3bf4133b7f4a7b9,000000000000100000070fdf0ffc0ffdbffcfffcfffcfffc7ff8bfe00f070013,
images/banh_canh/banh_canh_15973d530f1b6f5f.jpg,banh_canh,3,train,web,,15973d530f1b6f5faa4fcd3688c5e1be86a6b9477b83b82a974d8fe66c92df62,1ff0bdf8f9fcf1fce18ee006e006c806c026c006ce06fe0eef0cf0dcb858dc38,
images/banh_canh/banh_canh_8b1a19bd0356c2d2.jpg,banh_canh,3,train,web,,8b1a19bd0356c2d2345e2f2bb1a0c92ba644382abf84ff963e228efef736a41a,fffcfdbce79ef3cec6cf87f7f3e3f9c3f11bc03b88318000c000c00070003c00,
images/banh_canh/banh_canh_0f51fb7d4e298985.jpg,banh_canh,3,train,web,,0f51fb7d4e298985939f727582e13f86552e6cd325d7f8055281b948a5871fb6,e000e370eefceffcfffcff7f377f237ee31ee01cf41cb43fa023000100000000,
images/banh_canh/banh_canh_1ab5e8452605eb9b.jpg,banh_canh,3,train,web,,1ab5e8452605eb9bbd38b34e5e3379abafd1341f18157aebda99d163ef99ba16,fffff07fe83fe00f400738077003f00170017000f880f9c0e7c087c1c1c1e383,
images/banh_canh/banh_canh_0aa07198f7014792.jpg,banh_canh,3,train,web,,0aa07198f70147922b96389ca2c446fe2abb902ace633e9e6778f3ab3ccce576,0e781c1c3c0c3c863006700662036623e403ecf27ffe3e2e1f2c0f1807f023e0,
images/banh_canh/banh_canh_9434dc124794a8db.jpg,banh_canh,3,train,web,,9434dc124794a8dbcae2e537484afd4b6d501f7aa7d1c6671ebdcf0a7b44e3cc,1f003f803f8076c067ccefdee7e3c163c3e3c3e3c7c347ce77c03f803f001f00,
images/banh_canh/banh_canh_9deaef0b0d4fbc65.jpg,banh_canh,3,train,web,,9deaef0b0d4fbc65144ec8387d3e724fc1d4c97e2d1b69896a7c5d84c9780561,1ff03fe03ff07ff07ff87ffc7fb87fb87ff87f787f787ef83ee01fe01fe40488,
images/banh_canh/banh_canh_3e2c58e467cbc042.jpg,banh_canh,3,train,web,,3e2c58e467cbc042fb4de7f6f88d64193800b70c73d630dc74b460642d5264cd,3fbffffff23cee000e072607e7efe0f7e017f007f003f003f007e000f807f87f,
images/banh_canh/banh_canh_fb92570f3ca8a486.jpg,banh_canh,3,train,web,,fb92570f3ca8a486b236b718efe6622c19b85b0e25902b5ed30fcac63971eac4,0000018007f00ff81ffc1ffc3f7c3e3c3f7c3ffc1ffc1efc0ef807f003c00000,
images/banh_canh/banh_canh_066d13acebac2601.jpg,banh_canh,3,train,web,,066d13acebac2601f2d084301de582a515a7f298fcdbac51d4bdd22a50f6642f,7fff7fffe00f801b060d0fe027f01f6007e01ff00ff003c18003e00ffffc1fe0,
images/banh_canh/banh_canh_770c9464260843fe.jpg,banh_canh,3,train,web,,770c9464260843fef22397c3d1422efc85594ec68d718505243d123f49bf643a,a6c027f01f883fc07f60f419fc8cfffcfffd6e7d7e7f3fff0fff000700030000,
images/banh_canh/banh_canh_0325f1db4e49e10f.jpg,banh_canh,3,train,web,,0325f1db4e49e10f85bab2a790caaf2af0066706a7f1e24cc548afc1dcd0f96b,3000e0c8c1cc0ffcfffece1f880780030c090b0d0b4bc2e6707c1ff00f800000,
images/banh_canh/banh_canh_f73dfeb5d0343942.jpg,banh_canh,3,train,web,,f73dfeb5d03439426621d2150333dc6290b57e5fdc49bc79ea40dac8f25f62cc,fef8f87cf0dcde4ed45ecc4ec41ec20ec206d20ef23efc8eec1cf80cf818fc30,
images/banh_canh/banh_canh_b4f6bbb72a13f336.jpg,banh_canh,3,train,web,,b4f6bbb72a13f336576154adebc20339a597ebeb2bc02426638fb73c514b5a16,f80cf81ec03fd02991c981c9e1cbfdce9f9cdfccf0c4e000e006f0f4f8fc7e78,
images/banh_canh/banh_canh_eb2f45e9495c3f73.jpg,banh_canh,3,train,web,,eb2f45e9495c3f738b2d110c86b8a8355392b2fd6221ef40f6464fa6b8028357,c03681e4c7ff9e7f000ff16ff387c016817e81fbc3ccc3dce3ef70071e9f03ff,
images/banh_canh/banh_canh_a802adf3d38dea86.jpg,banh_canh,3,train,web,,a802adf3d38dea8626dda3a3085f3d620153711cad260f31062d2de0d77440df,7fe0ffc0ffe0fff8f87fc08f85e111723ffb3f391c711c60c300f800ff58ffc0,
images/banh_canh/banh_canh_381370243dbe1234.jpg,banh_canh,3,train,web,,381370243dbe1234078414c9b6c6f5a056af5e3bbdaa7e2cd57cd784cb261598,23013ffb7ffc6ffecffe4fcf4f873f070f070e030c070c070407060e030c01fc,
images/banh_canh/banh_canh_3dc4101962748f7a.jpg,banh_canh,3,train,web,,3dc4101962748f7ad96f8348368eb64d1ff6a30b49140921805e2c370b71bd33,ff00ffb0ff1efc0ef80cfc0cfe1ceffc83ff83fd97f380a3de83ffffffffffff,
images/banh_canh/banh_canh_3945f14558f194e3.jpg,banh_canh,3,train,web,,3945f14558f194e3e991526a805ab00bba81c1bc59136d47ce5032b4a300a0c3,ffffffffffd9dff9dc7ddc38ff383f9e30cc241c062c01780018000e078b0780,
images/banh_canh/banh_canh_b86e343771052e9f.jpg,banh_canh,3,train,web,,b86e343771052e9fd7848383485c48bed2527271b6d434f5816d01b747468c1b,38600be017e00ff01f187c4cfd0cff8efeeeedcebe6fff397e703e000e000e00,
images/banh_chung/banh_chung_58fa7a92b327591f.jpg,banh_chung,4,train,web,,58fa7a92b327591f53dadc94e9eab39d72e81a28092062fd1dcc6e3bf974c04d,fe07ffe3ffe3ffe3ffe0ffc0ffc0fdc0fc40fe00fe301f23024670067802f402,
images/banh_chung/banh_chung_b523354949bed10b.jpg,banh_chung,4,train,web,,b523354949bed10bfca19309a27f81354cb697e1df8f1197f1b1cd1dabfe1278,fe07ffa3ffe3ffe3ffe0ffc0ffc0fdc0fc40fe00fe303f22024670067802e802,
images/banh_chung/banh_chung_d406abce267d542c.jpg,banh_chung,4,train,web,,d406abce267d542c50fa27319687ef941b3d9dbb8b3c23fcb0504ffd75e26410,1f380ffeffffff3ffc9ffa0fff03ff01f3008000000600098036e06ce0b0e160,
images/banh_chung/banh_chung_e162e5559e8566ab.jpg,banh_chung,4,train,web,,e162e5559e8566ab84844b4372a215ee05e1edd170250f5955831c917eda6b76,1f380ffeffffffbffc9ffa0fff03ff01f3008000000600098036e06ce0b0e160,
images/banh_chung/banh_chung_48d447814de4ba7e.jpg,banh_chung,4,train,web,,48d447814de4ba7e3b82e64ee8c1f7d94097f5dc968956c84c26b979408e4024,007f00ff01f700f300fb00ff00ff188f103f48ff08f708f720f300fb000b000f,
images/banh_chung/banh_chung_e53ef4a7eaeb8aac.jpg,banh_chung,4,train,web,,e53ef4a7eaeb8aac56cfd3cad60a829f81978e672a2ebea8b13be9a2df363b63,007f00ff01f300f300fb00ff00ff188f103f48ff08f708f720f300fb000b000f,
images/banh_chung/banh_chung_bac8bc1006b7674b.jpg,banh_chung,4,train,web,,bac8bc1006b7674b64c0225e1c714f7cf81d22948aa5ea19e4fe9c28a1d20ace,1ffc1ffc1ffc1ffc1ffc1ffc1ff81ff81f781f380f880fe80ff807e800180038,
images/banh_chung/banh_chung_3a7620a8c68dbc51.jpg,banh_chung,4,train,web,,3a7620a8c68dbc51f3c77fc1bc7e7e66abb401b304ac3e800abfbe28b7a54aa2,7eff67ff07ffc19fe3bf47ffc7f02ff08913181b1818383838787cb0fef8fefc,
images/banh_chung/banh_chung_cc5a5c6f07a5be2e.jpg,banh_chung,4,train,web,,cc5a5c6f07a5be2e3e60aed34c1055932cb0b54a323395c07da712086171a280,fffefffcfff8fff0cfe501ff01ff01fb01f900f9007f003f00ff0fffffffffff,
images/banh_chung/banh_chung_e7a0560fd0e200e5.jpg,banh_chung,4,train,web,,e7a0560fd0e200e5523f5613094b5d057019045fd0d2f7bd5c6c9211ff4cd0c8,fef3f833e003e003c003c003c003c003c0036083200f215f101f9ffcfff8fea8,
images/banh_chung/banh_chung_0e88e5f08cd84d94.jpg,banh_chung,4,train,web,,0e88e5f08cd84d94b17b87cc89c5f83a29da490c166de0a8badf87caa4b196fa,08000100007822bce27efe3eff3e7f3c7f0dfe0980038787bf47bfffbe7f9c7f,
images/banh_chung/banh_chung_2c3e752e63997d9e.jpg,banh_chung,4,train,web,,2c3e752e63997d9e2362700c3c9c10dc382199c222ae743fa7c7b88403dbea63,00000000600070006c0718670007000e10073f633f7f1f7f3fff3fef3ff74ffb,
images/banh_chung/banh_chung_e0d8ee0824e44253.jpg,banh_chung,4,train,web,,e0d8ee0824e442537fd5e7eaaf08908398d5a1b30d9add067d3d0006f2344602,0f9e0fffffffffdffc67fd13ff80ff80f180800000010003800de033e06ce0b0,
images/banh_chung/banh_chung_b9d95c4964dae0c5.jpg,banh_chung,4,train,web,,b9d95c4964dae0c57596a1e19c9dec8386660139e52affe8d2bf2b148cc76ab7,1ce008e00dc0038003e007f00df81bf81ffc17fc3bdc38fe3efe36fe177c077c,
images/banh_chung/banh_chung_631b3a0354d10f53.jpg,banh_chung,4,train,web,,631b3a0354d10f530fc3afd5cef0e56d57c434559f10a890b4a9de4743a5ea20,00000000300018001f0f066f0007000c08070fa70fff0fbf0fff5ffe1ff617fb,
images/banh_chung/banh_chung_2b39052e58a473c5.jpg,banh_chung,4,train,web,,2b39052e58a473c5b0b6c36d494eb105b554f9a3738c599527240d076138d633,ffe0ffc0f81cfffeffffffff03fe03c10003000301900020401b60997197017f,
images/banh_chung/banh_chung_924b87f91015d5ba.jpg,banh_chung,4,train,web,,924b87f91015d5ba86bffe2e473d638193c6328c42d5cd1d4c5d29b62344a22a,078205e300be381dc09d001ca00ee00fe00761cf61ff703f703f747f3f1f3f7f,
images/banh_chung/banh_chung_52149e3181b3620a.jpg,banh_chung,4,train,web,,52149e3181b3620a4e2852c0a3722eccc889f050fa557a942a2bb1d1d05f462c,ff00e700000c000e000ec007c203c709c7d9e3dce38cf80cec08ff38fffa7ff6,
images/banh_chung/banh_chung_dae35eece5761e01.jpg,banh_chung,4,train,web,,dae35eece5761e011e2b066afb530a91fcfe99f1ab56191bd234c9bfe00af583,ffffefffe7f7cfc78fc78fc387c783038003810305018d016e017ef13ef03e50,
images/banh_chung/banh_chung_dad47e62e57e62a5.jpg,banh_chung,4,train,web,,dad47e62e57e62a5a1c9eb281b831c4a5e9d6bb25863d2d12efb15560823c957,ff1ffc77f827fb27c3849dc13dc07c40fd00ff00fe00cf008700070003000301,
images/banh_chung/banh_chung_b5079a389d13c138.jpg,banh_chung,4,train,web,,b5079a389d13c13803cc914e7d427f15dc5d735abfd2530684ece494e0c003b6,c000fb80fff8fff83ff003fc031c0c0c0c0ebc0e3e1f3ffd0ff90fc00fc00b80,
images/banh_chung/banh_chung_b1263aeca319d76c.jpg,banh_chung,4,train,web,,b1263aeca319d76c8d0f1965773db302b7a1418fec790fb08f75fdd59c1b5d21,3a00334837c836001e00fff8e0084048600807f8ffc8f5481158e1087ff80000,
images/banh_chung/banh_chung_57ad6a5bc41cc374.jpg,banh_chung,4,train,web,,57ad6a5bc41cc374a8fe4363f524ecf74f8e34fca446437bf679a53e7b9cf162,e199e1b0fcfefcfce0fcc0fe20f9325c210235c107bd007e04cc0000e380e3c0,
images/banh_chung/banh_chung_407338acb8a2bee7.jpg,banh_chung,4,train,web,,407338acb8a2bee7c1976a7c89c66dd142692ec84a958a6dbde91d4f9b160db2,c1ef83e787b319fb19fb3df93cf170f578757075343520912001200118030f83,
images/banh_chung/banh_chung_cc6bb4aa2c101759.jpg,banh_chung,4,train,web,,cc6bb4aa2c101759f1a2903f200467062e442355cbb8dce329b0436bcc54acb1,07e00ff01ff81ffc3bfc3fdc7ffc399c0c003c323ffe3ffc0fb8078003c00000,
images/banh_chung/banh_chung_192ab8564ff2cf55.jpg,banh_chung,4,train,web,,192ab8564ff2cf55371f68e550a337f0858a34e8bb6f97585464ced1f9996127,007f007f007f007f07ff07ff0fff0fff3fff3fff7e3ffc3ff81ee01efe0eff0e,
images/banh_chung/banh_chung_92ce6a8e91240eda.jpg,banh_chung,4,train,web,,92ce6a8e91240eda0abdd35f28d230cf4df2aa00db67aca1fcc5f72df6dc6cf7,0000012001e0018057803fc33fa9bf989fdcfffcfffcfff8fff97fff3ff81ff0,
images/banh_chung/banh_chung_606679f150a71ff6.jpg,banh_chung,4,train,web,,606679f150a71ff6ed2f24dd87cb6423eb1df949ae9c0624afe2f25b0e531ee5,ff00f300000c000e000ec006e203c709c7d9e3dcf38cf808fc087f307ffa7ffe,
images/banh_chung/banh_chung_c1693883ae0e561a.jpg,banh_chung,4,train,web,,c1693883ae0e561a86c8db988ad75bb87c8d29eda6431435d40c7569ffc77e17,67e6f3e0f3c2f9c6f8067046e1e6f3e6f3e0f3e0f1c0ff90ff101f101f101f00,
images/banh_chung/banh_chung_d05b416dadc081ba.jpg,banh_chung,4,train,web,,d05b416dadc081bacaf45d0d456cfa2002deaec134893b64ca84d647946008f2,0ff81ffc1ffc1efc3f3e3d3e24063e663fde1fce3bc626e63c063704313e37be,
images/banh_chung/banh_chung_1d3449f2930f02d0.jpg,banh_chung,4,train,web,,1d3449f2930f02d04eab0bc1239af4cfe77a3f443fce10a41139e0e82748b4f9,8003c180e380f000bc2004600e007f117f30fe70fcfffefffefff6ffffceffe0,
images/banh_chung/banh_chung_9030467a3dd0fb7d.jpg,banh_chung,4,train,web,,9030467a3dd0fb7d775eb64bc67ddbda0991d187413f7d450766454cc6529352,ffffffffdfbfffbf37ff77dfe7df61ce0000200000010001000300033023fdfe,
images/banh_chung/banh_chung_3f7200c46f0d4b99.jpg,banh_chung,4,train,web,,3f7200c46f0d4b99dd5fe063b5436e9de52b0b028b806891ad2ead803012aaf9,e1e0f1e0ffc0ffe03ff03ff8fcfc7cbe399e63cfe008e0f81dff0010201008f0,
images/banh_chung/banh_chung_29fd69ac53accc39.jpg,banh_chung,4,train,web,,29fd69ac53accc39eef90d14cd912c8a364f423bdc51b9aad681c1ae4c7ad9ae,07ff0fff0fff0f0f0e0f0c9f1d0f140f1c1f1c7f0eff0fff0ffc07f803f801f0,
images/banh_chung/banh_chung_cd1f0045af03dba9.jpg,banh_chung,4,train,web,,cd1f0045af03dba9493d417179bda110d551bbccfdd24ec19b42af6890ea974d,087e003403e00ff01ff83ffc3ffc33fc231c27fc2f7c37fc3ff81d7018603e20,
images/banh_chung/banh_chung_e623cb11410617bd.jpg,banh_chung,4,train,web,,e623cb11410617bde54d4d507c31c92b1b15ff16b59d096826a31cd5c3580f94,0df01ff01dfc1dfc191eab1ef83ffd3ff03ff01ff01f781e783e387e347c37fc,
images/banh_chung/banh_chung_81e6278fd189b290.jpg,banh_chung,4,train,web,,81e6278fd189b290f6e58ada0e67e268ea248878fbc19f141d39725f5f5250ae,e191e1f0fdecfcfce0fcc0fe20fb325d214635c105bd007c04c8c000e300e3c0,
images/banh_chung/banh_chung_5448457475885b53.jpg,banh_chung,4,train,web,,5448457475885b53c042440a3b5509fbf7da1aa0724ccbedbf7ea4a70a3fbe63,000000000000ffe4ff6fff7fff7f3e7f8019c003c007c00ce067f8fff8f0f483,
images/banh_chung/banh_chung_e6330d9d48b8b230.jpg,banh_chung,4,train,web,,e6330d9d48b8b2305fe364f034e5e060bcd375cec082b4549b2ce15a5da62cd4,ff17fc03fc03ec01e001f00ff10ff98ff9cffd74fd1fe043c043e047e07ff07f,
images/banh_chung/banh_chung_bfa4236a0059db1f.jpg,banh_chung,4,train,web,,bfa4236a0059db1f96556d8244a0b24cc75fdad72d1e9487a189e09b2d74b365,e3ee80cf8007000700030001018080f8f8fff8efe0ece008f01cfe3cffbdffc3,
images/banh_chung/banh_chung_40e5a97326df9865.jpg,banh_chung,4,train,web,,40e5a97326df98657012308d71f2adb7e91126c44cae1fbf6fb7e1aa27e6aa4a,07e00ff00ff81ff81bfc3ffc3ffc3d9c0c003e363ffc1ffc0fb8078001c00000,
images/banh_chung/banh_chung_cda75bf824912b9d.jpg,banh_chung,4,train,web,,cda75bf824912b9d5f54e6a8154e676b71aa9a18b3afee70855ce43daa3c4686,ffb08eae7fbf2dbf2f7f7cdb4dd85d981ff80ef03dfb7b77017f003f03320200,
images/banh_chung/banh_chung_cb7b0d236378bb55.jpg,banh_chung,4,train,web,,cb7b0d236378bb555cc47a4c491de64b3afdaeb1037b92668ad43e204bd55c72,3e3e18030f800400006007f00ff80ffc4ffc4ffe07fc07ec0780030000000006,
images/banh_chung/banh_chung_484f3930b645f7c3.jpg,banh_chung,4,train,web,,484f3930b645f7c30c4c6c329886cb56dbf7c2ff6f873f0ecea9c3d827920cfc,007f01ff01eb00fb01f901ff00ff308f203f90f710f710f381fb00fb00850005,
images/banh_chung/banh_chung_e546847bb458d50f.jpg,banh_chung,4,train,web,,e546847bb458d50f04123327435dc14276f235c41b4015c8b144753feeb3a84a,fff8fff0ffe0ffc04fc703ff01ff03f703f701f700ff007f01ff0ffcfffcffff,
images/banh_chung/banh_chung_b2db9ecdf2c5c5f5.jpg,banh_chung,4,train,web,,b2db9ecdf2c5c5f55138b5015abd203f507bd95dda64b24a8745fa1b8f5313cb,00f803fc07fe0ffe1fff1fff1fff3fff3fff3fff3fcf3fff3fff1ff61fe21fec,
images/banh_chung/banh_chung_b82d37c6e1090eab.jpg,banh_chung,4,train,web,,b82d37c6e1090eabdfe02b3857ef65a26209b997488499ecac5da0a6a25b841b,e040f030fe00ff03783b1819099811cc32e731f071b8783e761c7f8c3c0c1e04,
images/banh_chung/banh_chung_79caa0af7358a2cb.jpg,banh_chung,4,train,web,,79caa0af7358a2cbf3deee0784198da88371b941d4db0d686611fc6d5bd25b61,00000082008300ff10ff31ff1bffc3ffc3ffc7ffc7f1c7f1c3e1c1e1c0e1e003,
images/banh_chung/banh_chung_c67e633220cecad4.jpg,banh_chung,4,train,web,,c67e633220cecad4fd57cf43bf91cace217e35e7c0b82bdb7391a09424bff906,07e00ff03ff03ff83ff87ffc7ffc7ffc7ffc1ffc3ffc3ffc7ff87ff83ff81ff0,
images/banh_chung/banh_chung_3affd9831192705f.jpg,banh_chung,4,train,web,,3affd9831192705fd980ce10e88f6f5df856a864a9c6bd9b3295f42b30b49cd8,0000032003e00300af807fc37f617f283fbc7ffcfff8fff8fffbffff7ff83fe0,
images/banh_chung/banh_chung_4d1b4510f2d3cb97.jpg,banh_chung,4,train,web,,4d1b4510f2d3cb9734d27d1e466bf0cddeb370bea745d549d32db2bb3de15c83,03c003f003f807fc1ffe1ffe0efc0f7e1fbf1fff1fff3fff1e7f1fff1fde0fce,
images/banh_chung/banh_chung_8efd34a2635b3ef0.jpg,banh_chung,4,train,web,,8efd34a2635b3ef0bd5baf58063e36034abd41d0f79306c7527ee9d9ecdfa55d,00031fc33fe13ff11ff13ff01ff03ff03ff03ff03ff03ff03ff03ff019000000,
images/banh_chung/banh_chung_b5d6169b2ae3c036.jpg,banh_chung,4,train,web,,b5d6169b2ae3c0366b58c8a21399652486bcbd41fc5a74f5b0570a80fea112fe,f83ff81fd00ff00ff00ff34ff2c3f0c3f0c3f2c3f0cbf00fe7e1e7e0e7e0efe4,
images/banh_chung/banh_chung_2df7ef10cc440517.jpg,banh_chung,4,train,web,,2df7ef10cc440517a5e8d27aee43cea2b46739dc754c36745cade4452ca28237,ff79f838f001e001e001e001c001c001e1016041200711af1c0f9ffefffeff76,
images/banh_chung/banh_chung_7901fe4fe846fcc0.jpg,banh_chung,4,train,web,,7901fe4fe846fcc0f15be62c5c58905963014a3f4a02ad731c91ba3fc6d0d89c,00000000000000000800cfc0fff0fff87ff87ffcfffcfffefffffffeffffffff,
images/banh_chung/banh_chung_fba685250b80dc02.jpg,banh_chung,4,train,web,,fba685250b80dc021d718e4d5da0ef1ca1ec98f0637b414e4eb142deed3b4566,fc0fd03fb833b831383438351836183218331837183b3838383818310001c003,
images/banh_chung/banh_chung_d0c09cf008d86eb1.jpg,banh_chung,4,train,web,,d0c09cf008d86eb17bd8c7af42435ea12dcad0c332c14182b8d0d1353fadddde,046f1cff00ff002e1826240f008f048f34cf31c133e319fb11d700c70007000f,
images/banh_chung/banh_chung_26c411cb24ed430f.jpg,banh_chung,4,train,web,,26c411cb24ed430f97faffb79a97646fd37c53ee38e9e3a93ed99a2155cd8c42,ffffffff3fff1bff980f8f81aff8fff2e1e3c001c005c0430062f01fb81fb81f,
images/banh_chung/banh_chung_b66ceb6f3ee71605.jpg,banh_chung,4,train,web,,b66ceb6f3ee71605aedaa24e96850ce5c7e89ab5c480d488e601aa83e3a88a54,f3fff3bff11fe00fe001e000e001c00fc00f801f80f780ff900ff00ff00ff807,
images/banh_cuon/banh_cuon_4c01b14d45271024.jpg,banh_cuon,5,train,web,,4c01b14d45271024426e0048681c55e5a256940e4cb0f5da56e037193772dddb,07e07ff87c3c7c047006f802e002e00af00afc3eff1efffc7ff87ff87ff01f80,
images/banh_cuon/banh_cuon_e4ca690043abf5f6.jpg,banh_cuon,5,train,web,,e4ca690043abf5f6a297a840e8ca75499af97db2d8dda574d21b78c6a2fe25fc,07e07ff87c3c7c047006f802e002e00af00afc3eff1efffc7ff87ff87ff01fc0,
images/banh_cuon/banh_cuon_f0876fe54186c909.jpg,banh_cuon,5,train,web,,f0876fe54186c90986e5d7e28caab81bdc833389eb635ef2bd60b0b14bfcc147,f9857fcc227ce03078313013e000e000fc1c789f545fc9eff9fb7fdd3fe70feb,
images/banh_cuon/banh_cuon_f9611b0ca9fdf78a.jpg,banh_cuon,5,train,web,,f9611b0ca9fdf78aa352424240ad3d11e5b34e51f406e027151812ab157061b2,f9857fcc227ce030f8113013e000e000fc1cfc9fd45fc9effdfb7fdd3fe70feb,
images/banh_cuon/banh_cuon_612de9c648ad86d1.jpg,banh_cuon,5,train,web,,612de9c648ad86d1881e729146d5c80663f35195d310ca1ae25c27f1aee559e7,07006fa0fe000e00000000400660fee0fe70ff70fff0fff83ff83ff07ff01fe0,
images/banh_cuon/banh_cuon_7d5bb9e7406719dd.jpg,banh_cuon,5,train,web,,7d5bb9e7406719dda4ae0b8ed973a644f8e004d808e83adf8391ce5589c6274f,07007fa0ff400e00000000400660fee0fe70ff70fff0fff83ff83ff07ff03fe0,
images/banh_cuon/banh_cuon_4bf7639683a4abc3.jpg,banh_cuon,5,train,web,,4bf7639683a4abc300fea188ef51aa67d59c535519436baf8e12c8899ee9e8c3,1800bc00ff83e7ff8f7c1fd8dbd0fbd8bff8eff8b7f8c7f80e7007e000000000,
images/banh_cuon/banh_cuon_fc44e8cbeed48204.jpg,banh_cuon,5,train,web,,fc44e8cbeed48204d180309c8d2f8c30ed944a48cec3c81472066b6f31b498be,1800bc00ff83e7ff8f7c1fd8dbd0f3d8bff8eff8b6f8c7f80c7007e000000000,
images/banh_cuon/banh_cuon_3e7eb446da343f2e.jpg,banh_cuon,5,train,web,,3e7eb446da343f2e60db6efb0543a5dce3a7f3a56542731b4758b305b26d5449,7e3f760fc20fc20f024f826787fecfef03f707c306d90fdb0f8f0faf07ff07f9,
images/banh_cuon/banh_cuon_a4fda694118d9b4d.jpg,banh_cuon,5,train,web,,a4fda694118d9b4d5381f54a78daafae33607d3d97dad9632af4e9d736c8ee92,7e3ff60fc20f820f024f026787fecfef03e707c306d90ffb0f9f0faf07ff07f9,
images/banh_cuon/banh_cuon_76f59cf2e92b6672.jpg,banh_cuon,5,train,web,,76f59cf2e92b667293b3499a24af4a26c678eadef4688985345b7d936ae03cdf,11e127e10f701e19380d78077bf3e3ffe3ffe2ffe17fe01fe007e00360027006,
images/banh_cuon/banh_cuon_377ed4079d9f38d6.jpg,banh_cuon,5,train,web,,377ed4079d9f38d64c1d1be34589a072a0f4b35d75e72f5003c89e0d02fe18d7,73f860fc60fc60bc70fc705e780e740e761f7fff39fc3cfa1ffe0ff607c00000,
images/banh_cuon/banh_cuon_b7410870ac067bc2.jpg,banh_cuon,5,train,web,,b7410870ac067bc227492e31bd3dcd1137076c9cfa2ac9e4d119722ca5306d18,ffdfffc3ff07ff81ece2f16ab001200120332038f149ff03a60f3bc41f980ff0,
images/banh_cuon/banh_cuon_6a5c108835e95004.jpg,banh_cuon,5,train,web,,6a5c108835e950043dbdf6c7a20c0c8da1bca279015d25caa8b3174a34f1b197,8081800187e08ff09ff8bf9cbf5cbe9c9efcbe3cbffdbffc9ff88ff087e08100,
images/banh_cuon/banh_cuon_61d9be190db9bd9d.jpg,banh_cuon,5,train,web,,61d9be190db9bd9dc1895fb167f71bcc284341a4a94cc525454c2ac5401f449f,cc7fcdffee3fc007e007e003f4073c07e003f807ff07c187e1c3fb83fb6ff3cf,
images/banh_cuon/banh_cuon_f372161bba1c51bb.jpg,banh_cuon,5,train,web,,f372161bba1c51bba9230234e67544afb7a13c593e9c16c8a3f47bc8b9f0d8c8,ffbfff8ffe0fff05e989f0fbb003200700672073e226fe0eac1c3f111f311fe3,
images/banh_cuon/banh_cuon_ad12e8cd0f5121fd.jpg,banh_cuon,5,train,web,,ad12e8cd0f5121fd21b2f0a7fbc817233c7428fc0e3fbbc3cc5e2845f51232a3,fffffff8ffbccf149f40bc803cc0fca4c6e182e080f080f080008800f801ffff,
images/banh_cuon/banh_cuon_2931f3a3514de8a9.jpg,banh_cuon,5,train,web,,2931f3a3514de8a9159a893e13636bb1cfa1fe25601997c26dc610f8bcd7dfd5,03f84fff0fff13ff03ef200f03076205c501fc01f603ff01ff10fe10eec17f83,
images/banh_cuon/banh_cuon_b9eebae9f5b2b074.jpg,banh_cuon,5,train,web,,b9eebae9f5b2b07474ad5964ff74643d0925538d952affa963b0ad96c7fdd137,3e0f3c0f70077807f00ff00fc00f8013c04fc05f807f817ec1fec1fee0fce1fc,
images/banh_cuon/banh_cuon_c5737a2bcb8e3a76.jpg,banh_cuon,5,train,web,,c5737a2bcb8e3a76152126eb691da81d6de312fa0e83b85de2740d17dbbe183c,093e0fcc07e207810f830f800f80ff9f78ff7cff7cff7c1f384fe823c019600f,
images/banh_cuon/banh_cuon_7de2b6f0e5625751.jpg,banh_cuon,5,train,web,,7de2b6f0e5625751696a9717034b0660a41d9436a68ac5be64077da2bcd82879,cbc7cbe78fe78f470e473e431a530b731b471b41584102478347cb478baff3fe,
images/banh_cuon/banh_cuon_0bde0f6d2dccbbd5.jpg,banh_cuon,5,train,web,,0bde0f6d2dccbbd5fa1c2babf3599fa1e880e6534ff4f0b86ad43b9d89c9ebcc,7ff0fff9fff8ff78fd72b9608901db03f340f240f640e642600100000000fc00,
images/banh_cuon/banh_cuon_065b1c4ad69722e0.jpg,banh_cuon,5,train,web,,065b1c4ad69722e00eebc43e52bb3e366edfaf8db6e437a9069e96bcaaefc014,ffff9c3f3e3f1e1f1e7f1cbf2507c701c8509400a400a40097c7dfffeffcf7fb,
images/banh_cuon/banh_cuon_86952e3d5802071a.jpg,banh_cuon,5,train,web,,86952e3d5802071a01e691bb6959de783784a34ade621112cb93a668f3465faf,8ff1fffffdf887fed7ffffff5fff93ff23ffc5ff8fbdbffdfff9ffa13fc00000,
images/banh_cuon/banh_cuon_a93081d18d26e1d2.jpg,banh_cuon,5,train,web,,a93081d18d26e1d2228da6615ace212e90dac155f96a6a702eca9b6c83833ba8,6008640c640c600c603c602e707f39fb39fb3c7d1ffc1ff827f8c0fac1f8c3f0,
images/banh_cuon/banh_cuon_b1ca9d7d2f6bff43.jpg,banh_cuon,5,train,web,,b1ca9d7d2f6bff436dbc0c7c518c613551c2691c90b51339e361e75c864623cb,7ffc7fec7ffc7ffc7ff85ff87fc03ff01fe03fcc3f887fd07ff03ffc3ff037f0,
images/banh_cuon/banh_cuon_1a41d1aca4145b4a.jpg,banh_cuon,5,train,web,,1a41d1aca4145b4a8da507bf8aad62ef5d39c35a5baafcdcae39c8d29d7bee37,fffffff8ff7cff547fc07c807884f8a48dc405c405f000f000001000f000ffff,
images/banh_cuon/banh_cuon_d6ed58cb6ed04b61.jpg,banh_cuon,5,train,web,,d6ed58cb6ed04b613affac4ffee02fdfd013d512a450b4c01d3a14cc07904978,f01fb81f047f077f04ff54bf2037602027f01ff07878e038c03cc030c000c014,
images/banh_cuon/banh_cuon_229ddd2954875f85.jpg,banh_cuon,5,train,web,,229ddd2954875f85c97085c2ab854baa72fa3f134e960daf3ef4597b04c82a38,0ffc1ff03ff033f820f820f820fc20f411e4070023e027f027f00ff80ff80ff8,
images/banh_cuon/banh_cuon_0a2f3752600dfd11.jpg,banh_cuon,5,train,web,,0a2f3752600dfd1148c808c8572ea8f785cf8688cf4e142bc5e395ef16da1536,000003e007f00ff01ff81ff81ff81ffc1ffc1ff81ff81fd80e30066003c00000,
images/banh_cuon/banh_cuon_f65c4d25dc1088c2.jpg,banh_cuon,5,train,web,,f65c4d25dc1088c20e3ae37260c4a5df0cd73468475a2575d85c23be935f7a4a,305dfc79fc07f07f79f88023c263ffe3c007fcfffff8c800e01fe63842210001,
images/banh_cuon/banh_cuon_79eb22fcfd042891.jpg,banh_cuon,5,train,web,,79eb22fcfd042891989d7ad4a03bfb302817d3427b0b0f9e5d8618a2d58b8941,c034f03fb87ffc7fc43cc4fef9f773ff333f37af1feb0ffa07f003f001c00000,
images/banh_cuon/banh_cuon_2c7c3f214e27423d.jpg,banh_cuon,5,train,web,,2c7c3f214e27423d8098e0ad269a6be32fc7bad9b177547abeaa19dccb7b2506,ffffb8ff3c7f1c7f1cff157e280fcc0780838001ac01a801878ddfffcffbeeed,
images/banh_cuon/banh_cuon_776cd31661702be4.jpg,banh_cuon,5,train,web,,776cd31661702be4b0384a3e457736636cd8713a8b43954c52900d380bdf8aca,ffff800182c180df8f07fc01b0019f01970187c181f180018001ffffffffffff,
images/banh_cuon/banh_cuon_5c84fb6844d4a408.jpg,banh_cuon,5,train,web,,5c84fb6844d4a4088c4a184ce504a0755b282df59784b6fbde59073ab318bd3c,8001000000f900fc80fc0071004d3ffd07fd07f987fc9ffe9ffc0e7c0004c001,
images/banh_cuon/banh_cuon_bc72425a4ad26f36.jpg,banh_cuon,5,train,web,,bc72425a4ad26f363e911c303a95433d62e79288cdccd91b5700715fcdb7a1cb,0060007003681cc43c47fcf3fdff800fc003f07f39ff1987cf01e38ffbfffcff,
images/banh_cuon/banh_cuon_bcab7a1ca017f055.jpg,banh_cuon,5,train,web,,bcab7a1ca017f05543e02dc721e0db9a0b4460606a7f8eec0b813d3a378dbd2d,004000f003980f1c3f9c3f867f827f167f8e7cc670f4705c7df83ff01fc00000,
images/banh_cuon/banh_cuon_2b21847f242fef40.jpg,banh_cuon,5,train,web,,2b21847f242fef405009ca6fa3e3da113dab663a9af153c10de23603ef152c41,e00ff7bffe7fffdff88ff00ff01ff80ff80ffe0ffc1ffc1ffe0ffe0ffe0fff0f,
images/banh_cuon/banh_cuon_097b82d67d133c57.jpg,banh_cuon,5,train,web,,097b82d67d133c57c7caba854cef06af50a2957e27a21b72e60b7456d44a4f8f,fffffffffffff1ffe0ffc07f803f8007800fc029c04fe046e000f30ef01ff01f,
images/banh_cuon/banh_cuon_aac2a6a72212c569.jpg,banh_cuon,5,train,web,,aac2a6a72212c569e6e5d4815651ea93228ec7cfd12e96492e5f9fe8ef63b123,000038002c06000000000000001efc3ffc3ffc3fc070d074de7ffe7ffe7f0000,
images/banh_cuon/banh_cuon_bd0d3c27c842e2d9.jpg,banh_cuon,5,train,web,,bd0d3c27c842e2d924a8002bb144bd5a71a2c68934350eb52ffc4d407e243da5,fffff7fff5fffe7fee8fe74f624f603b00036001784338074e1307830fe11ffb,
images/banh_cuon/banh_cuon_b2643f97e4901576.jpg,banh_cuon,5,train,web,,b2643f97e4901576f897ed9d42a943f5ebc23f9ccdd34aee90e1f801a56d120e,07800fc00fe00ee01ef03f387c187c3ce63cf21cf33e7ffe7ff9fff13fe00380,
images/banh_cuon/banh_cuon_20b67f7fee2e9f35.jpg,banh_cuon,5,train,web,,20b67f7fee2e9f35a1309a4781d457b06858d76032cc4105d3e594821ba67a44,00007800ec1eee3fc67ec61dce1bce53f613f603e25ff75f7ffc07fe07c367c1,
images/banh_cuon/banh_cuon_b604fd11a51071f4.jpg,banh_cuon,5,train,web,,b604fd11a51071f4a07af423ae4154f72befebd5e1c8d14d7ed93feaf4e30f33,07f107f0c7f8273ede1ffe1f1e1fb403f639fe39fd3fffdf9ccecc60c080c001,
images/banh_cuon/banh_cuon_1ede3e9266b67852.jpg,banh_cuon,5,train,web,,1ede3e9266b67852542ea8de176dd898525ccba8dde996440fdda0c82e5e8153,18003c007c0e7cfe7ffe7f7ef27ce62cf63cff7edff4fe30fff049da0e700474,
images/banh_cuon/banh_cuon_7010025e328c8ee9.jpg,banh_cuon,5,train,web,,7010025e328c8ee94bd758a24eaea0b72f20d6faf3854452173d8a3b9525f978,00001e001e8037f817fc67fc97ff1fff1fff0fff0fff0fff1fff07ff03fe01fc,
images/banh_cuon/banh_cuon_e3ec0d9a0c7c9db3.jpg,banh_cuon,5,train,web,,e3ec0d9a0c7c9db35c8a2c4f00b2539525734e516d4bd0af89ac1529eddcb3b0,fffcff1ccf04f600fa00eb04f43086008fc4aff0ff70f7f077c006198e33dfcf,
images/banh_cuon/banh_cuon_fb37e1bc7a3de41a.jpg,banh_cuon,5,train,web,,fb37e1bc7a3de41ad1d97a4548201a3f6cec2bd5c41fdcca646d84b5f284d437,01c107e00ff01ff83e1c3c1c3a5c707e796ebfacbefcbffc1ff80ff003e00000,
images/banh_cuon/banh_cuon_932ae77fea3053b9.jpg,banh_cuon,5,train,web,,932ae77fea3053b912d0cf5b07f456ab7eafb25a7881a59e5c341557d39d6d75,18817c817e80e3e0e3c6e1e3f1f3d9d7ce030f010791c7c7cfc7efe7efb7ff8f,
images/banh_cuon/banh_cuon_787df998bc5e08d5.jpg,banh_cuon,5,train,web,,787df998bc5e08d536e349a2869f513057d58ae0c86cbf3768739fc00e3fa46f,67e361c3e3e3e3c3f763fe3efe18fe01ff21fc07980e101f001f02fd07d906b7,
images/banh_cuon/banh_cuon_3851f15083d9af81.jpg,banh_cuon,5,train,web,,3851f15083d9af818b4197a30caa5a7b46dad3b6ef8c1f7851b520e222db0ec1,077f857f357f06ff05bf84ff86ffbf8effe6fff2fdfff9ff61ff03ff00ff000f,
images/banh_cuon/banh_cuon_44edc6e1a50c7da2.jpg,banh_cuon,5,train,web,,44edc6e1a50c7da2d753c995201164d16c5c0ca5ca3941178be6a1c6b9ceb3cc,80038003881bd88df906bf0e7a0670045f0d7fff7eff3bcffd07fa06f837fe1f,
images/banh_cuon/banh_cuon_de78ff9218562043.jpg,banh_cuon,5,train,web,,de78ff9218562043b2cdffd8bc397c0ffb5aa44be0e227291bfbd5c005e818d1,ffc0fff0fd28fd24bf203f423dc03de03de03fe03ff0fff0ffe0e7e0f860ffc0,
images/banh_cuon/banh_cuon_26e3a62955edf197.jpg,banh_cuon,5,train,web,,26e3a62955edf1978b8db576cf0b216c74ebc1e7c308d94b0cc6657120f86fcc,c60fc00fc00fc007c487c20fc00fc00fc007c007c007c007c007c007c007c007,
images/banh_cuon/banh_cuon_bc929292e62cb8ee.jpg,banh_cuon,5,train,web,,bc929292e62cb8eecb0cc6b14f132e7c3ab35565f3be8a783b637711d5c4a207,00fe027e020e03f001fefefeff00ff00fe00fc7063fef7df0f8f07ff21fe0030,
images/banh_cuon/banh_cuon_11192150ef7bb256.jpg,banh_cuon,5,train,web,,11192150ef7bb25624cd08515bb342f4a911b984af7bea314c96f0b2811fd97a,0381010301c300ff03fc0ff01ff83e7c7c1e700ef00ff00ff08ff80ff10ff30f,
images/banh_cuon/banh_cuon_1e888f18fabfb375.jpg,banh_cuon,5,train,web,,1e888f18fabfb3755c2802a446d273d8d32b8f5c9316481b1a32e08ec6c5c39d,4ff727f7fe33f309072007d0e606c22243022006222c673cf9befffff9817c20,
images/banh_cuon/banh_cuon_3d07a7a7d5d7ecf6.jpg,banh_cuon,5,train,web,,3d07a7a7d5d7ecf69a536280571216220642c343fd8c4ec7c6085a80566d243a,000000000000007801fc3ffc7fffdfffdfffdfff87fffffe7ef03fe00f800000,
images/banh_cuon/banh_cuon_f1b66b36f2116f4b.jpg,banh_cuon,5,train,web,,f1b66b36f2116f4b2a973bf9a1a984f2b5e16bfcb8660dc7c96871170786f1f4,f800f803f80ff83ff8fff0fff1f7e1ffc1bfc1bf81ff00ff007f000700070007,
images/banh_cuon/banh_cuon_1e06743f7aa8f62d.jpg,banh_cuon,5,train,web,,1e06743f7aa8f62d594cea421521b9d4189137cdcfb8f9ef0c9230e0bcb6b8a2,ffffffffff7f7e7f7f3f001f005f10c80088810000138400402060403191027f,
images/banh_cuon/banh_cuon_bec24e970a483c93.jpg,banh_cuon,5,train,web,,bec24e970a483c937614a7f4516061f2a656c017cff9ba1799a2f6a2620b1563,3fa73f077c03f808700470867603f44ffc67eca7fc07709f67f77e37360f347e,
images/banh_cuon/banh_cuon_7b06fa04d8cd5ba4.jpg,banh_cuon,5,train,web,,7b06fa04d8cd5ba43207235e2d24936d2bd3c7652bea604944b8663bb98d211e,ff80ffc0ff80df003f083e081f0eff8fff87ffc7fec6d5cefcc4f880f848f030,
images/banh_cuon/banh_cuon_900e3ccd6c37afdd.jpg,banh_cuon,5,train,web,,900e3ccd6c37afdd6d982b8762e251bff4d8b79cdeb0fda4d2c8b68fe7adacfa,e7bf830183004e61dfdfd3ffedfffc3f3c9d0c7c07ff01fe00000038bfff0e0f,
images/banh_cuon/banh_cuon_0acb0b17f630730d.jpg,banh_cuon,5,train,web,,0acb0b17f630730d6aff7b3978ef7afa543ce5c88aa1178a2fb5350cb2fafb52,7fff7fff7fff7fff7ffe7ffe7ffe3ffe3fec1ff80ff007e00000000000000000,
images/banh_cuon/banh_cuon_311c4b266ea7241a.jpg,banh_cuon,5,train,web,,311c4b266ea7241aa78ca4c7ec30bffe7eff806d48dcd8587c27a0a7e58bc5f7,fecffc87f003ee81fe01fc018e01f80178017001c301cb00f243f00ae9fffbff,
images/banh_cuon/banh_cuon_3df5e41bc0cfd80a.jpg,banh_cuon,5,train,web,,3df5e41bc0cfd80ad1b43b50a148707083ed35fbbf332386d1a12bd6f14a6924,e007800303f80fff1fff039f210f620fec03fe03ff03ff01ee21ff83bf833717,
images/banh_cuon/banh_cuon_cccdb5193cb9459c.jpg,banh_cuon,5,train,web,,cccdb5193cb9459c24ee7b00c57d058f456850cb5b89bd50cf5cfe246acc0f88,03c00ff00ff81ff81efc7ff03dff107fe073c03fc01fe03ff87f7fff07ee058c,
images/banh_cuon/banh_cuon_af1e6489b6a80725.jpg,banh_cuon,5,train,web,,af1e6489b6a80725ebb17d9d406e9528c32e9d93897b854974f844227c1ffabd,1ff0fff8ffb0ff70fd72dd21c503e902f940fb40fb40f24032038000c000fc00,
images/banh_cuon/banh_cuon_e650e15290fef4c0.jpg,banh_cuon,5,train,web,,e650e15290fef4c0a823121c97b897a1beab4864b7ddbb972e8708b1271d44ac,0038033c038e0fde3fe4fbf8f1e0f7f07ff07ff87ff03fe03fc03f803fc01fc0,
images/banh_dap/banh_dap_138ef21dfc96f067.jpg,banh_dap,6,train,web,,138ef21dfc96f0675acbc6b10f1211d014416853fdaa547e1183a8108ba63ab2,ff00ff9ffb80ffc0ffe0f9f0fffcdfdcca3ce03ce0fc7ff83fe03fc018000c00,
images/banh_dap/banh_dap_7ee3f0222d91f566.jpg,banh_dap,6,train,web,,7ee3f0222d91f566c85ce782b2724d28af04d8df9c9ccb1653da73a7f24a4405,ff00ff9ffb80ffc0ffe0f9f0fff8dfdcca3ce03ce0fc7ff83fc03fc018000c00,
images/banh_dap/banh_dap_071b0b2b6c0004d0.jpg,banh_dap,6,train,web,,071b0b2b6c0004d036e94fecc1e6383c1a9ac65798e5023384d7a48d35427f3d,3f3e7fef7ffffff8ffe0fff0ff20fe007e007e003e003e001e5006e007e00380,
images/banh_dap/banh_dap_ffce7d8b2aa8b276.jpg,banh_dap,6,train,web,,ffce7d8b2aa8b27671db56b9bb7ba2113aa5e3d3a1fc6ee9a9996e9fdcb32585,3f3e7fef7ffffff8ffe0fff0ff20fe00fe007e007e003e001e5006e007e00380,
images/banh_dap/banh_dap_4e6e6a934feffe30.jpg,banh_dap,6,train,web,,4e6e6a934feffe30096fdf69492d284a8001c6ea27b687feb0fca5f09e82d40f,000000c000e018e019f03ff03ff83ffc3ffc3ff83ff83ff83f703f101f001c00,
images/banh_dap/banh_dap_85f2c805d1edfd88.jpg,banh_dap,6,train,web,,85f2c805d1edfd88c515eabbc2d258570b52e17c430264b549297f7b33c28cd2,000000c000e018e019f03ff03ff83ffc3ff83ff83ff03ff83f703f201f001c00,
images/banh_dap/banh_dap_0e8957c9b8a3791c.jpg,banh_dap,6,train,web,,0e8957c9b8a3791c53c1166791b387cff55197cd44c83fd4d1479bf79574a437,3fa0c5a080a081c087e0cff038782f1cf87cf71efd16ed87e1ffefffef1fcf01,
images/banh_dap/banh_dap_4ab027837c567bc4.jpg,banh_dap,6,train,web,,4ab027837c567bc4e9580cb659eb86f51ba29ff756c431291dbedc18317a2c93,3fa0c5a080a081c087e0cff038782f1cf87cf71efd16fd87e1ffefffef1fcf01,
images/banh_dap/banh_dap_850b1c29fad44327.jpg,banh_dap,6,train,web,,850b1c29fad44327303cf8dfa4e64ba0afd231c1d46548f84f631761ce10d8d9,ff80ff81fe03f81ff997fc1bf80ff800ffe17f13ee118e08fe1efe170e031c03,
images/banh_dap/banh_dap_a3f1415255a72b84.jpg,banh_dap,6,train,web,,a3f1415255a72b84e7b0f091f5cd2393e2ef1506119008ed5835676a2cc33b14,ff80ff81fe03f81ff997fd1bf80ff800ffe17f13ee118e08fe1efe170e031c03,
images/banh_dap/banh_dap_241c2885bd4d4705.jpg,banh_dap,6,train,web,,241c2885bd4d4705bcebed2b5ced500765965b5fe83e04bdc438b7ab8b369cc5,2607260326e02ce02eec3eec3ee03edc3e1f3f1f0e1ecb1ecc3ece3cc34083c1,
images/banh_dap/banh_dap_9578c18dc6ea71bc.jpg,banh_dap,6,train,web,,9578c18dc6ea71bceacbefbc0356564579781dc2f45cd3a7e2732e2cb874cda3,2607260326e02ce02eec3eec3ee03edc3e1e3f1f0e1ecb1ecc3ece3cc34083c1,
images/banh_dap/banh_dap_1e5b0d88faa7b657.jpg,banh_dap,6,train,web,,1e5b0d88faa7b657e7d75991d5e3f663422781051feb536d11922a2e9bdab34d,f80ef80ce1c0ed009db0ffb8fc78e03ce13ef76ec0efc40fc81fc00f001fe07e,
images/banh_dap/banh_dap_debc59718da9a137.jpg,banh_dap,6,train,web,,debc59718da9a13720ea1455efae8347cc1e8000b34c9d1d71b7ce2fc95ebc41,f80ef80ce1c0ed009db0ffb8fc78e03ce17ef76ec0efc40fc81fc00f001fe07e,
images/banh_dap/banh_dap_15760bfbf6354998.jpg,banh_dap,6,train,web,,15760bfbf63549989360612e936ec3761d073108974e5ca8939549efdcbbb3a7,fc0ffc0ff80fc00fbc0b7c0f7e3f3c7f3c7f7efffde3ff43e703c31802000c00,
images/banh_dap/banh_dap_f352e552ee62737d.jpg,banh_dap,6,train,web,,f352e552ee62737d33232045870cc6bf7de1f178bf2934e741095213c39a64b3,fc0ffc0ff80fc00f3c0f7e0f3e3f3c7f3c7f7efffde3ff43e703c31842000400,
images/banh_dap/banh_dap_3aac7a44b1bdbcad.jpg,banh_dap,6,train,web,,3aac7a44b1bdbcadbc54df2037ee5c842fadc7b4456566d29e5cfc77bf2b1357,07000f000f00060838397cffc2ff81ff81ff01ff81ff81ffc3ff87ffff7eff18,
images/banh_dap/banh_dap_988582aa23ea63f8.jpg,banh_dap,6,train,web,,988582aa23ea63f87411c3fc3d6f823e9369ed098762d4269688cc2a409f2c42,07000f000f00070838397cffc2ff81ff81ff01ff81ff81ffc3ff87ffff7eff18,
images/banh_dap/banh_dap_5a750fe199375de1.jpg,banh_dap,6,train,web,,5a750fe199375de1d8bfcc9624bdd45a91695ad149f7b68100a3136fc5adb7d1,01000fc03ff07ffcfffc7ffe3ffe3ffe3dfe399e041e0c121800000000000000,
images/banh_dap/banh_dap_f6e68f93ee05d350.jpg,banh_dap,6,train,web,,f6e68f93ee05d350a740fb0e7bce4bc7b0063db48b4255c1862b29b6bf5e5f06,01000fe03ff07ffc7ffc7ffe3ffe3ffe3dfe399e0e1e0c120c00000004000000,
images/banh_dap/banh_dap_dfdc83d8ef811468.jpg,banh_dap,6,train,web,,dfdc83d8ef811468895143ab629ca3f2de80f3b38430ec1e780263389ad23e6e,f0ff00e100f01af01078f07ff31fe11f60df60ffefffffbfdffe8ffc03f00000,
images/banh_dap/banh_dap_eb0984ec8544432a.jpg,banh_dap,6,train,web,,eb0984ec8544432aa4b5b1fb9c079b1607702697fd00bb8da73bb8d153be6f1b,f0ff00e100f01af03078f07ff31fe11f60df60ffebffffbfdffe8ffc03f00000,
images/banh_dap/banh_dap_5e603fdfe2af9f39.jpg,banh_dap,6,train,web,,5e603fdfe2af9f39f3223243aafb6147c23734776c51e5b69d6ec99e75adb520,1fff1fff0fff07e307c30ffb0fe90fd106f007c01f2038383038107800f801f8,
images/banh_dap/banh_dap_946b59e2476887c9.jpg,banh_dap,6,train,web,,946b59e2476887c9a229d90e6201946178260cd3d6486cf29bba3f48950ec7db,1fff1fff0fff07e306d30ffb0fe90fd106f007c01f2038383038107800f801f8,
images/banh_dap/banh_dap_06d58e5ae5897353.jpg,banh_dap,6,train,web,,06d58e5ae589735351498e6552cc7ce95676a3313166e83e95872b07d0e14e81,4007c00ff8ffe7fff7ff83777de7f0cfff8fff06ba1f381fdc0fc00600208070,
images/banh_dap/banh_dap_6003e50dc8e47f35.jpg,banh_dap,6,train,web,,6003e50dc8e47f35464c0dce05e3df81bc8d858423744af282525daecefe2843,4007c007f0ffe7fff7ff83777de7f0cfff8fff06ba1f381fdc0fc00600208070,
images/banh_dap/banh_dap_558b4d52301ffa1a.jpg,banh_dap,6,train,web,,558b4d52301ffa1a8a944af1c673ff1f0145bde31f672e0e4e654d741148720c,ffe0fec0e37e603f807f80f600e700ef007f037f07fe03fa32fe70fc7870f800,
images/banh_dap/banh_dap_85213190123c6681.jpg,banh_dap,6,train,web,,85213190123c66811c8b779868d542c906898dd9363748b09db43add634ca459,ffe0fec0e17e603f807f80f600e700ef007f037f07fe03fa32fe70fc7870f800,
images/banh_dap/banh_dap_d67c5a762a067ad8.jpg,banh_dap,6,train,web,,d67c5a762a067ad8fb81ca711d1756fa424664a490618da3fb2e91ad11405189,00007ff07ff8ffd8ff8ed788d2c8cfc0ffc0ffc0efc0edf0ebf07e003c000100,
images/banh_dap/banh_dap_f930d8c4382fc5ae.jpg,banh_dap,6,train,web,,f930d8c4382fc5ae8d703be9ad4667f9729315c9228ecd2ffd487e6d0a464123,00007ff07ff8ffd8ff8ed788d2c8cfc0ffc0ffc0efc0edf0ebe07e003c000100,
images/banh_dap/banh_dap_1a08848077dbae69.jpg,banh_dap,6,train,web,,1a08848077dbae69122f817c6f216954a8bdbdabc7641a16bb368cf2a9e1a769,001e023e0e3c0c388630e420e1e0f06cf17cc0748028f2c0ffc0ffe07ff0fbf8,
images/banh_dap/banh_dap_cd673c4169fc6fcc.jpg,banh_dap,6,train,web,,cd673c4169fc6fcc4a323dff24f22c6b00698573de7b23be20eb73b2b303090f,7e00fee0feb0fe00fe04fe027f00ff001f8007802fe0eff4c7ee8007800707ff,
images/banh_dap/banh_dap_ca6f31a9c791599a.jpg,banh_dap,6,train,web,,ca6f31a9c791599aa2d4e04388d57a314a6729a309875f029197453f00a128f9,00f001f803f903f903fb1ffb3ff37f01ef81ef81ff837f9f7f0f3e0f000f005f,
images/banh_dap/banh_dap_9b4df74b965c6aca.jpg,banh_dap,6,train,web,,9b4df74b965c6aca99ff7bf970860f5a382b383b9be5c3f7964c00777ac3c2b0,03000fc00fe01ff01ff83ff83ff83ff01fe00780002000600000000000000000,
images/banh_dap/banh_dap_29f8272706b0ee73.jpg,banh_dap,6,train,web,,29f8272706b0ee7313a93c66eb32b0a006e92461f5565687b7fba047e32d1463,e7c0efb0ffb8ffb8fdb8fda0ff80f984f9ccfcb8f898f018b010101010900090,
images/banh_dap/banh_dap_adde1667fa7844ba.jpg,banh_dap,6,train,web,,adde1667fa7844ba068ea78660501c21a830cc4cf86ad189e78f2c83fd32b35b,ec3b867fc677f077c077e07be0fbc2b3c393e7bfe3bbfc1b7fbbfffffbfffb79,
images/banh_dap/banh_dap_17438a513cdb01df.jpg,banh_dap,6,train,web,,17438a513cdb01dfea91ab9fe26d05b77d5da21bd09574c921dc4c4fa080bba0,105ff867fe00ff80ff8fff0cff00fe80fe80ff00fef0fc38f80cf80c7808f900,
images/banh_dap/banh_dap_d725b1c9fd1a5f14.jpg,banh_dap,6,train,web,,d725b1c9fd1a5f14c78aca42e84b414983155f50341c3add54b1e8b8d2313f0a,0007010301030803080300df753ffe3ffe2fff0ffe3ffeeffc0ff80f780f0103,
images/banh_dap/banh_dap_b58b7329676fe0f9.jpg,banh_dap,6,train,web,,b58b7329676fe0f90ad05dbd7c2c3836e52e5b05ab91b282c2bcd8231cdfd5b7,005800700060004007c00fe01fe81ff83ffc3ffa379b7f9b7ff17fa17ff1fff1,
images/banh_dap/banh_dap_55cbc255e3ed61a3.jpg,banh_dap,6,train,web,,55cbc255e3ed61a3682dea9b6eebfa4b3f73a108f020bb70e4dc9e403b4c84ed,1803ff27f706e7002600a4f07ff80ffecfeedf5fdf7fde9f8f1e86fe07380020,
images/banh_dap/banh_dap_a5433752524695fa.jpg,banh_dap,6,train,web,,a5433752524695fa1f3f20c5b6b91c57523e33b4e2698a42f0551d68a89fed80,0000000000702078707cfffcffffffffffffffbfffbfff9eff807f0030000000,
images/banh_dap/banh_dap_4ae659f240ac0e6e.jpg,banh_dap,6,train,web,,4ae659f240ac0e6eb74e403a39ac302c5ff66fbb9a77f83ce1e3eb52f225542d,379e1fde3fe023e021e0abe083e397f38ff68ff68ff40fe61fe77fc31f820001,
images/banh_dap/banh_dap_3437cb57a755cc4c.jpg,banh_dap,6,train,web,,3437cb57a755cc4c2a8e00a1df3a1bcffefcdbccaf30c95180365caebde2c733,016101e001c000800f801f801fe03fe03ff07ff87f6c7f6c7fe47fc4ffc4ffe4,
images/banh_dap/banh_dap_14b12256379d7211.jpg,banh_dap,6,train,web,,14b12256379d721159452905d160ecdd5e32c83b1932e03ae8945a89aa8c0202,07f807fe1f7f3f7f3cff79ff783f31bf171f068f078f87ff83fe00fc00010600,
images/banh_dap/banh_dap_1bf03a5b8b12fcdb.jpg,banh_dap,6,train,web,,1bf03a5b8b12fcdb3623c7f608d0d8af7466dfdee2dc1b092e91f47940a02fb6,0cfe0ffe0fd831c4617e60ffc0ff80fc80fea0febffe9fe09f60cf91c7816303,
images/banh_dap/banh_dap_24c8061363442108.jpg,banh_dap,6,train,web,,24c80613634421085973e882f38dc7b4d1bfde83b1fdc1e0a856aad9fc8a6abf,807880700fe23ff27ff2ffe2ffc3ff80ff80ff807f803f803f800e0006000000,
images/banh_dap/banh_dap_b1b1943063a13664.jpg,banh_dap,6,train,web,,b1b1943063a13664aef9e25120acc9f43ccaced735e77f864227735ba99f2feb,fc00efc8fc6ffc2ee2286729fffffcd83cf4fcfcfdcac902df0d9f801e401e40,
images/banh_dap/banh_dap_33904d4a4e4c2ba9.jpg,banh_dap,6,train,web,,33904d4a4e4c2ba970da8e64ec013d9caadf7729078a55d7125ba22686ec0fc3,1ff007c007fc07bc03f80ff0c5e001c003e007e006f00ef00cf0d7e1e787fdaf,
images/banh_dap/banh_dap_0e7b10bc2da40ab0.jpg,banh_dap,6,train,web,,0e7b10bc2da40ab081ae14c6eab4320356c0496fcc3bcc027b880c36ff60d601,00030007007e00f801e001801f803ff07fec7fc4ffe4fffc7ff87ff07fe07cf0,
images/banh_dap/banh_dap_e43f719528c8a709.jpg,banh_dap,6,train,web,,e43f719528c8a7093589ff68d3a91beae6c40940d76541d67a19f56f9028f71a,18003c003e007ee0fea0fe007e047f007f001f0007c02fe0cffc87fe8fff0fff,
images/banh_dap/banh_dap_fbc98289229f245e.jpg,banh_dap,6,train,web,,fbc98289229f245e4fcd15e07254cf6adcbb81282290b60d777eefae60850fec,ffe0fbe0f7cfffc0ffc07fc01ffe00ff01ff01c701cf01ff007f001800000000,
images/banh_dap/banh_dap_79a11a02df03b65a.jpg,banh_dap,6,train,web,,79a11a02df03b65a8138a2b5176b98532fecb03ff024753c9135dbf239f713c1,008007c01fc01ffc3ff83fd83fcc7fcc3fc83ff85ff01fb00fb00722010c0030,
images/banh_dap/banh_dap_f39b32ac2730b4e2.jpg,banh_dap,6,train,web,,f39b32ac2730b4e2b3fc7d2770dc4f7e08a60e8bad0d18e5f7183d226f2f7705,03df27cf3fc07fc17d09ff87fb87e20348013e385fcc9f8433843f809f00de00,
images/banh_dap/banh_dap_066b1f18634c822a.jpg,banh_dap,6,train,web,,066b1f18634c822aa00ae00579f03a2e49020dccc2318421b159c4a58e188f1e,00c000101e183fc07ff07ff07ff07ff81ffd1ffa1ffc1fe10be00000000001c1,
images/banh_dap/banh_dap_60e993eec5bb20f9.jpg,banh_dap,6,train,web,,60e993eec5bb20f9722e1f52eb31e6327022f20e8e7ad42ca52049e641ce1827,1ffffefffe3fd80df007e007e006a007b007d80fcfe7f3e7ffffffffe0ffc01f,
images/banh_dap/banh_dap_732338b671ba53ab.jpg,banh_dap,6,train,web,,732338b671ba53abb578e9d105a3544d62b8c51e3796858493e2e3e21cadffad,07f00fd863dc88ec086e1e6e3fb67df03ffc3ffc3ffc1ff80ff001e041fe01fe,
images/banh_dap/banh_dap_f96e2f152b812428.jpg,banh_dap,6,train,web,,f96e2f152b812428d58536312f5523afd244cef5d78cf4a17e42b442f8e3232b,fffcfffcfffefffefefef071e070e1f0f860f061ffc39f808fe083f003f80078,
images/banh_dap/banh_dap_b78b649ed90fcd5d.jpg,banh_dap,6,train,web,,b78b649ed90fcd5db8c715d938db583cd681a4226cf09e33cfb5a5552e28b88c,f400f400ec08c80090f980f81cfe3fef3fff7fff7efffe7ffc3efc38f818f000,
images/banh_dap/banh_dap_197e8024c670f15b.jpg,banh_dap,6,train,web,,197e8024c670f15be7a72153d75ec25b575ccd2bd45db4e25043b5099e6ed5c0,000001f00ffc1ffc7ffcfffefbfffe0eff06fefed81effeee0fe0fce18fc0180,
images/banh_dap/banh_dap_ec7d37b96730ffd8.jpg,banh_dap,6,train,web,,ec7d37b96730ffd895d1baf5f55bf639f4e20c8d6b3a2b131e07006893a22361,cf020d071c673c466ec0dfe0d7f8d7fcdffcdfe0ffe0ff80ff00be001c000000,
images/banh_dap/banh_dap_62a150cdea57da07.jpg,banh_dap,6,train,web,,62a150cdea57da078d9c3941c7d7950f09f39160984596c862fee162eec12535,01ff01ff03cf0787078f070f0f1f0f1f0f1f0f9f0fff0fff07ff07f687700330,
images/banh_dap/banh_dap_66762d03218fd0d9.jpg,banh_dap,6,train,web,,66762d03218fd0d999dc50cbc77ae0690ca0c071e359a09bcf7e67942a33616b,000000000078407ce07efffeffffffffffffffbfffbfff9fff80fc0060000000,
images/banh_dap/banh_dap_00feb746f0ae1851.jpg,banh_dap,6,train,web,,00feb746f0ae18511d59a2c44e960fee2c8233a15350145697926258260449f0,037f07f7ffffdf850b8909ffd9f8dbfcc7be530f770378036001200130011003,
images/banh_dap/banh_dap_afdcba04041cb1af.jpg,banh_dap,6,train,web,,afdcba04041cb1af8a42813908dce38f183069eb2e1c08a5d23b4db318495837,fc407c00fe00fe3fff3ffeff3eff10ff02ff1c7f181f000f0830086000400040,
images/banh_dap/banh_dap_677fc6a3d6fe9823.jpg,banh_dap,6,train,web,,677fc6a3d6fe9823b59561b99ce3c8df8e9e1f7240f5bc5a551e8a23198b0ed8,fef1ff9dff9df710fbf14c03060f0f8f31cf20c738f939bf1f37a4030c100423,
images/banh_dap/banh_dap_a25427a0aec48844.jpg,banh_dap,6,train,web,,a25427a0aec488443ea0dcb3d00ca166c2a99a7cdd380df657930472946a1d63,01f003800130026004580cfa2efe332f37bf263d873f0fff1fff4fdccfdbf65d,
images/banh_dap/banh_dap_425a0468ca17a992.jpg,banh_dap,6,train,web,,425a0468ca17a9929216d164a12596ca97ed976536ce59877a97279b1b8e22a9,007f00ff01ff3bcfffdfffbffffffe7dfe01ff0000000000008004020020e000,
images/banh_dap/banh_dap_78c8b47a83b14e67.jpg,banh_dap,6,train,web,,78c8b47a83b14e67246531e6a49380797e069a88cabbc3e55932f47644f25738,1e001f00110001f08bfc01fd41fc037e03ff03ff03ff39ff61ff40ff40ff003f,
images/banh_dap/banh_dap_0011c945815d46b0.jpg,banh_dap,6,train,web,,0011c945815d46b0d748210ef0014ed2fca6f721214df3f84acab49a21d00712,107ff867fe00ff80ff0fff0cff88fe80ff80ef00fef0fc38f008f808fa08fb00,
images/banh_dap/banh_dap_e66495899bd31e08.jpg,banh_dap,6,train,web,,e66495899bd31e0815688e309d0f478425ff7b0a0ac623de5af1cec4fd4604a4,000001f00fff1fff3ffe7fff7fff7f3e7e3f7bc67fb87ff87f107fe01f800000,
images/banh_gio/banh_gio_2539e32879fc4e9e.jpg,banh_gio,7,train,web,,2539e32879fc4e9eb117435f5299f75182831b4a0a2e8a557ff520db3f7ff7a0,fbfff9fffcfffc7fe1f3e07fc01fc00fc00fb007b0038019c011f801f83f7fc7,
images/banh_gio/banh_gio_2fd1a1c806ec87cb.jpg,banh_gio,7,train,web,,2fd1a1c806ec87cb7f8c1fd5c2b7b05125fd91e7fc41b0f35be83434ed83f3d9,fbfff9fffcfffc7fe1f3c03fc01fc00fc00fb007b0038019c011f801f83f7fdf,
images/banh_gio/banh_gio_5c41578b686feb1b.jpg,banh_gio,7,train,web,,5c41578b686feb1bee1b9ef57b0fd66fca9c145af9a21792f9c763ceba8756f1,60004008e01cffffffffff9fffffffffbe7f891f08c00c00040f031f800cfaff,
images/banh_gio/banh_gio_c4f1a0fb1df27a17.jpg,banh_gio,7,train,web,,c4f1a0fb1df27a17b6b4c265bdb5bb3af4b3be2ae6ff8df20f44a7cd9af10364,60004008e01effffffffff9fffffffffbe7f891f08c00c00040f031f800cfaff,
images/banh_gio/banh_gio_29e6f6bc0be71dac.jpg,banh_gio,7,train,web,,29e6f6bc0be71dac6c9ef555ab5cdb939576c465bcb630636122b37fca60d0b6,ffffff0ffe07ff0cffe4f7ff31f1046005808191800f600d3031800380070000,
images/banh_gio/banh_gio_b8c0c2358e36ed1a.jpg,banh_gio,7,train,web,,b8c0c2358e36ed1a2167d7dc309e080715754334b104149f4a1f29f047e7e788,ffffff0fff07ff0cffe4f7ff31f11c6007808191800f600d3031800380070000,
images/banh_gio/banh_gio_127b90aec922b68f.jpg,banh_gio,7,train,web,,127b90aec922b68f70da4551ada4fc2379474744ac7738c7b25582c92b52947c,ffcfffffff0fff8eff8efc1ef821f8017c010b01000004011e01480040103910,
images/banh_gio/banh_gio_91b365f52de899bc.jpg,banh_gio,7,train,web,,91b365f52de899bc9751cb3a7b55b572eb02bd17e7e3eee25c544b3cbd19fd25,ffffffffffffffffffcfffe7ffa388a080c08020803000100000000000008000,
images/banh_gio/banh_gio_f84ef3173ca631d9.jpg,banh_gio,7,train,web,,f84ef3173ca631d9e35b3357b9dc974118bf61489dd24b901f11f163e45b7081,c000fbe31ffa07e903c019e101e76063f1f8f80f3c6fffff5def688f7ffe0700,
images/banh_gio/banh_gio_2a0bd4b73f0483b5.jpg,banh_gio,7,train,web,,2a0bd4b73f0483b5a2b768ab5e353a3494fff9904b58aad4915a063dbeadcc09,ef3fcfbf5fe73fe13ba67f1c7ca063803e03900ff0fefbe4ff80cf0006000000,
images/banh_gio/banh_gio_a23a3f7ab3a5887a.jpg,banh_gio,7,train,web,,a23a3f7ab3a5887a4418de198f41f28a268c6ca87a70ca9c54475fbc75c79759,01c1017f01ff03e30f811e064c0ed0bec0f2c7dec6dd80ff80ff4ffe7fec3fc0,
images/banh_gio/banh_gio_a3811bd91cad8e74.jpg,banh_gio,7,train,web,,a3811bd91cad8e74c5cbc34f62c33481fad30154b835eca26f6755aca54c5349,fcfef87efe3fceffc2ffe3ffe7b8e7b827bc073c1f9c3fc437c223c001c100c3,
images/banh_gio/banh_gio_a9dfab283b381dc8.jpg,banh_gio,7,train,web,,a9dfab283b381dc8c552492e379985eeea030b074119f1e3b6748c598d46db45,67d007c007c0079807d8d7d8c7801fc83f803fc03fe0ff60ffc0ede0fcc0f840,
images/banh_gio/banh_gio_26634717cfa08096.jpg,banh_gio,7,train,web,,26634717cfa080963454fb189309fc4a0f70ec978577d5e598396de9be509e25,808000470003018101c103e001f8c0f8c0e04007001fc1ffffffffffffffffff,
images/banh_gio/banh_gio_f769aaed4d1afc93.jpg,banh_gio,7,train,web,,f769aaed4d1afc937d0842759e5cc83e6ee24510030617e6cbe53976148655d2,03610161014380c7b1c897e09ff387f3cff38ffb1ff91ff80ff807f007e00000,
images/banh_gio/banh_gio_1805dbfd9013d347.jpg,banh_gio,7,train,web,,1805dbfd9013d347eb874bda0d7add0656bf4f345d8fbb35c92da94b3edfaad7,ffffe476460602020286000410ffffffffff664203020000000204461010ffff,
images/banh_gio/banh_gio_8b731f359dea845c.jpg,banh_gio,7,train,web,,8b731f359dea845c49ce0f7baac37d4e444390f0ee688a2a249fe7f36b9575a6,c003f831fe383fb83f8f1f8f3f8cff80ff9cff8cff80ff80ff00ff01ef000000,
images/banh_gio/banh_gio_e1195c4477028ea9.jpg,banh_gio,7,train,web,,e1195c4477028ea994d7d199584bb4f6395a9aaf9ee1719ec0f1e189b05449b4,0608c0000080018007c01fe03ff03ff87ffe7ffa7ff86ffa27fc100c07f00080,
images/banh_gio/banh_gio_fed2a30f640bd3e9.jpg,banh_gio,7,train,web,,fed2a30f640bd3e9d8b8539ac5e92425f0d98dd104780b1f02a4ba704a423f83,fc00f840ff40fc60fc20fe00ff80fc00fc40fe00ff00fd00fd60ff00fe00fe00,
images/banh_gio/banh_gio_09e2fd9c612dfa20.jpg,banh_gio,7,train,web,,09e2fd9c612dfa205fb814436abf7180381841a47f096569acf2c524492120c7,9e7edc3e8c1e841c001c081818081000300074187c3cfe3eff3fffffff7ffeff,
images/banh_gio/banh_gio_44260e0068def6e1.jpg,banh_gio,7,train,web,,44260e0068def6e127c174c87f34433092466df598346937d92c2167d7073e93,fffffffffc1ff80ff80ff80ff807f0076007600700032007101f0fff03e30007,
images/banh_gio/banh_gio_29834a13574e854c.jpg,banh_gio,7,train,web,,29834a13574e854c659f8ac072de2eea5fb582202fc482921582cec38a72e9e2,fff8fffeff7f0f3f1f0f1f031f033f013f007f007f000f00078001c000010001,
images/banh_gio/banh_gio_01a228b79902d394.jpg,banh_gio,7,train,web,,01a228b79902d39435951c3dcde475bddbf1978e53a2be78286a61d637950d69,f840ff40fc60fc20fc00fe00fd80fe00fc40fe00ff00fd00fd40fd60ff80ff00,
images/banh_gio/banh_gio_d0f5446bb5e09ba5.jpg,banh_gio,7,train,web,,d0f5446bb5e09ba5d71dbc886d047697556672ad8e059f3ca3ca56040acb544f,ffff81ff80079007b00119002080a1c0c080e000f800ff8fffffff7ffcffffdf,
images/banh_gio/banh_gio_3cb3f69cdcd73f8b.jpg,banh_gio,7,train,web,,3cb3f69cdcd73f8bfda74654dfbca9216597dd9907777fcfdd99e17b43a6ff7e,023e033f37bc7fb87864004200c000ce001e823e1ffe277d2479357d00000000,
images/banh_gio/banh_gio_2c95331ebb2690f8.jpg,banh_gio,7,train,web,,2c95331ebb2690f8c2eea441d6a16008fc0f90474bf8e44424657547c898abc5,009c079c0ddc05f803f007f807fc03fe01fe01fc03fd03fd07ff07fb0ff703ef,
images/banh_gio/banh_gio_bbbb38f06c517c7b.jpg,banh_gio,7,train,web,,bbbb38f06c517c7b00503c2b519d64e6a3a15e52877c3b88aab3e041de71465e,0000000000000000008001800f801fc01fe03ff83ff87ff87ffc4ffccffcfffe,
images/banh_gio/banh_gio_69000df2aa9bf1c9.jpg,banh_gio,7,train,web,,69000df2aa9bf1c9af60ab3300c32913b4b7e314a70e28850cda9af959c04eea,ff83ff02fe02fc00f800f8e0f060f020e024e024e00ce00ee01fe01ffe3ffe7f,
images/banh_gio/banh_gio_b73613e2b7ba1827.jpg,banh_gio,7,train,web,,b73613e2b7ba18274cf444c5630fe0f64af6126281d88591b26a68f5a23e3499,c009218961c563c063e0f3f0f7f0e7f0c7f007f007f003e001e020e020002000,
images/banh_gio/banh_gio_98d959ebe110594c.jpg,banh_gio,7,train,web,,98d959ebe110594c199c72bf16b5876cf38f064a9b4ef0e7058d2b734e4e7e33,803e803ac018f800ffc0ffc0ffc0ffd8fe7ff97fdef79ff3df61d70098019001,
images/banh_gio/banh_gio_17acd2289e06aeaf.jpg,banh_gio,7,train,web,,17acd2289e06aeafc28ed9b71e194a08b937d1b2cd9294ce508d6679c162a5eb,0bff00ff007f007f00718821d820b8600fe00660002000200021c83ffc3fcf3f,
images/banh_gio/banh_gio_6a5e642e5ae8ccfd.jpg,banh_gio,7,train,web,,6a5e642e5ae8ccfd79c4db06d0f8aa38775025d1a200a37cb0aa68697bcd1966,c9ff83dc9fc0ffe0ffe0fff0ffffff0fffb707ff07ffc007e0071fff00000000,
images/banh_gio/banh_gio_f299805e166a5f62.jpg,banh_gio,7,train,web,,f299805e166a5f623ee3bc9f027255ee7f404895401420efd1f4612700118585,0001024107c90fed0fee1fef3fe73e67382f69ff4ff37f797fff7fff7fe73f62,
images/banh_gio/banh_gio_1f84e839c59f9aa6.jpg,banh_gio,7,train,web,,1f84e839c59f9aa6705607c7a85f918281e108afb9aef2402cd8c235396819c2,f387f3c7c0d7c0bfc0ffc1f7c3ffe3fff3ffc33d833d833c8338838083208320,
images/banh_gio/banh_gio_feff8af35da09a3b.jpg,banh_gio,7,train,web,,feff8af35da09a3bf94a35494774142384715c9edcf409e2f20e4f8528f22f0e,7fff7fff7fff3fbf3fcb3bf1083318033fc73fe7bfe70ff507f9002100210040,
images/banh_gio/banh_gio_d960e6cc4d7f4414.jpg,banh_gio,7,train,web,,d960e6cc4d7f4414788774423f5f2450fd3be7b93ef9d70908934b64a6ded58f,6ff007c00f90079007905fb0c7801f801f803f803fc0ffe0ffc0fdc0fcc0f8c0,
images/banh_gio/banh_gio_a4caa7178c40bbf5.jpg,banh_gio,7,train,web,,a4caa7178c40bbf51edc5c31ca6e880423a0a736d16aeae48d79069105fce430,04b800000000000007c00ff01ff83ffc7ff67e7e7e3efe1efe1e7e1e7f9e3fbe,
images/banh_gio/banh_gio_35cd3472dc8af545.jpg,banh_gio,7,train,web,,35cd3472dc8af545f051142f7d791e4c4254595917f41efc05b4d9adbe08ea02,1800180010231ff81fbc1f9c00fc307ef83ef8fa7dff7ff37ff33e171f171fb0,
images/banh_gio/banh_gio_40ab0a74cce8f0b7.jpg,banh_gio,7,train,web,,40ab0a74cce8f0b7ea5f6b66e6322a3943c6e337700def6d912583c4e9091ae2,003e00ff00ff10ff7ffffffff87ff06fc47388791879001b0007100000000000,
images/banh_gio/banh_gio_971ff0ebd018447e.jpg,banh_gio,7,train,web,,971ff0ebd018447e5f568e552ac8f7a4ba1d9f76adbd3b3790c8e8f3941b7918,ff9fff0ff887f8c370c1f0c5e0e6e160c1e0c1e0c010e010f000fc00fc00fe02,
images/banh_gio/banh_gio_9b06c256edd2e029.jpg,banh_gio,7,train,web,,9b06c256edd2e029eb1ac1b54f5a506b1c7f8e14ac7105d935b940c266254b72,01c01ff03ff86fbcdfbcdf3c8f3ec63ee20ee003f303ff9fffff3fff0ffe00e0,
images/banh_gio/banh_gio_4da1786f7e61b92e.jpg,banh_gio,7,train,web,,4da1786f7e61b92e8aa5e25d3c525b5175a5566461f6dbbe7520f8abac6a5cc9,ffffffffffffe7fffffffffffffffff7ee7ff81e901f0003000080000000000f,
images/banh_gio/banh_gio_727ccbe2611c849c.jpg,banh_gio,7,train,web,,727ccbe2611c849c0f877f5096a10b7f736ecda44c9ba01f207ffcaef25e904c,c000f780fffef01f8003fef01e311e79ce09f6031e7c060c0000ffffffffffff,
images/banh_gio/banh_gio_dfab32667bebb040.jpg,banh_gio,7,train,web,,dfab32667bebb040b10ea2123fe98a357296c1f269165a6ee904a22b813cade1,ffff7fff7fff7fff000706010e010c071c1f380f700ff007e007e007e003f003,
images/banh_gio/banh_gio_cffe65c64ceccc1c.jpg,banh_gio,7,train,web,,cffe65c64ceccc1c6a49b1e72b0c14db3d4f350fce7f2cab1d01e1190cfa178b,ffffffeff3e7c1e7c1c1c0014000418043c0e7c2ffe67f8e7f8e3fbc0f7803e1,
images/banh_gio/banh_gio_312571ce79f50726.jpg,banh_gio,7,train,web,,312571ce79f507261896176c743dfc36e6683fac6113b56662925cf8ddf7df72,040c0000008001c00fe03fe07ff07ffcfffafffdfffcdff947fc000c0ff00000,
images/banh_gio/banh_gio_84cf62cf0a7417a2.jpg,banh_gio,7,train,web,,84cf62cf0a7417a2bbcddc467d0633a8b26bf6e0db69f193a32eb6bb278d82e9,ff8fff87fc47fc43b861b861b862b060b0e0b0e0b010b800bc00be00fe007f02,
images/banh_gio/banh_gio_6b3cccd53f17522f.jpg,banh_gio,7,train,web,,6b3cccd53f17522f0197ddf551ac1b755c9af20960f281129ac6b82ba8564475,e60fc7078303ff07fffffffffffffeff8a3e19f51d800c000403060f02030000,
images/banh_gio/banh_gio_d0a41c682122c440.jpg,banh_gio,7,train,web,,d0a41c682122c440627b676fac11d247b486ae7e4ddee8524acf05d5ae7ea252,3fff03ff07ff03ff03ff1fff3ffefef3fe41ffc3983f803fe03f3fff00000000,
images/banh_gio/banh_gio_9a0cd67264fe4c10.jpg,banh_gio,7,train,web,,9a0cd67264fe4c10f213acdba63f22f4253f43475bd3bf97e1c00500f0c35b29,80018001bff1ffbffc1ff01ff03ff83ffe3ffc0ffc07fc03fc07fc0ffc1ffe1f,
images/banh_gio/banh_gio_5745db3c69a1c8f9.jpg,banh_gio,7,train,web,,5745db3c69a1c8f9329ad5adba7a1faabe02f220bfb856306c3a2fe26576399e,0ff01458301c7c3c7c3e4e06c407f02ff03cf038fa0ef81efc3d3e781ff00fe0,
images/banh_gio/banh_gio_680039d77ec53ac5.jpg,banh_gio,7,train,web,,680039d77ec53ac534187ea1ca5ac8901a9c7a0954b5ca7469442a127995ef7f,0001001c000700000fe61ff03ff873dc709e701e600660167f3e3e7c1e7887f0,
images/banh_gio/banh_gio_727afbb4aa9c4b26.jpg,banh_gio,7,train,web,,727afbb4aa9c4b26a259699ce02970a558da46687ea99cbe0b1a6680c96858ab,0f810f800fc00fc00fc01e001c601cf01ff83ff83ffc3d7c007c003e061e021e,
images/banh_gio/banh_gio_220db244f58a73a4.jpg,banh_gio,7,train,web,,220db244f58a73a47534b7077bcece73bcf4d5fc64353c08eebccb27bfcbc0ab,800c800c000ca02cfe3cffbcff3cfe1ffe07fe07fc0ffc0f7c1f1e1d07fb01f3,
images/banh_gio/banh_gio_76539c962e8d6849.jpg,banh_gio,7,train,web,,76539c962e8d6849ac7f0b22ec7a2ca600f1247a41fc529a6d8343b8bb31da6b,300e384c78797f3d3ffa3fe23fe43ff80ff90ff00ff03be0338036115c110e3a,
images/banh_gio/banh_gio_98c5610c72326888.jpg,banh_gio,7,train,web,,98c5610c723268883e7063ae440fc6b99d02fb4d66a866a0d4f3d3bba7b42898,0c001e701ef03ff83ef81e78f87f1c273e703ef83ff83ff83ff83ef81cf80070,
images/banh_gio/banh_gio_9b6a3e08cfc4cfac.jpg,banh_gio,7,train,web,,9b6a3e08cfc4cfac4fe7c7fec544014313d2d8625ab535ae6be5cce3dc3d0d62,bffffffffe3ffc03fe01fc03fc0fc207e007e01bd003c00f788f3f8fdfffe7ff,
images/banh_gio/banh_gio_9f7a6ccfb6a73bd7.jpg,banh_gio,7,train,web,,9f7a6ccfb6a73bd7de80ce205de8cec01d03be164386f8784cc4099fab854677,9d80fff000e330409818f9fcffffbfff7c3efefcfffc807e907c077300070004,
images/banh_gio/banh_gio_746ab4fe0af28815.jpg,banh_gio,7,train,web,,746ab4fe0af28815cc49d9013661566e9483adae94a19fc9138972130a99b10e,0000000000007ffc7ffc7ffd3ffd3fe07ff87fbc7df87d707fe03ffc3ffc3e70,
images/banh_gio/banh_gio_8019ecbd702adb02.jpg,banh_gio,7,train,web,,8019ecbd702adb025dbe0d96f9cbe0fe2c4c8f8c1c0ecf1d172f775e235da300,27f80ffc47fc87fc1ffe1ffefffe7fff7ef70c70412078000404000040003300,
images/banh_gio/banh_gio_76413d2230b26d5e.jpg,banh_gio,7,train,web,,76413d2230b26d5e452c551f2dbfb73e5e0ae00ef6f11a649f522674ad9ebbb3,033f3e3f7cffec7f80ffcc7ff87ff03fe00fe018e000f800000381ffffff3fff,
images/banh_gio/banh_gio_285be1981a30d259.jpg,banh_gio,7,train,web,,285be1981a30d2592d66cb1739561cbf91cbd78167801a4ab5390c55d435f3cd,0000001006310e380f3c1ffc1ff80e7e0e160c121803100310020002ffffffff,
images/banh_gio/banh_gio_25643a8f4f5b7a0e.jpg,banh_gio,7,train,web,,25643a8f4f5b7a0ebc7d8021aba1ac524d37df1259e6bd016d63fa9a4ed1822f,03c0037f01ff07e31f823e06980ea0bf80b38fde0edc00ff01ff8ffeffec7f80,
images/banh_gio/banh_gio_cdb33f2221bb5b75.jpg,banh_gio,7,train,web,,cdb33f2221bb5b756db0edc40d704816a4969a13f0844a6d85340516e9461d2d,fe10fe00fe0880ff87fe0fff0fff1fffffbeff38ff20fe20c600000000000000,
images/banh_gio/banh_gio_8a287526d15654bd.jpg,banh_gio,7,train,web,,8a287526d15654bd2c1bb016602b6f726145c186588b979a1a770a9b38014b5f,807f8037806f83ff07df1f1ffff8fffc7ffc73ffb8039c07860f80ff00000000,
images/banh_gio/banh_gio_c97545b373b9b888.jpg,banh_gio,7,train,web,,c97545b373b9b8880958dd3bc2a33d29419bebeaf1cc29f7c7c4d6c6512547e1,8ff41f983d857c0160036003e003e00be00bc00b80fbc2ebe2636f777fff3bff,
images/banh_gio/banh_gio_cd0bf927fe35f217.jpg,banh_gio,7,train,web,,cd0bf927fe35f217c05c0eb02dbbc3ea2844fb56e76062626e051b96e2aa573f,00c700cf00df017f017f004f00cf00c7006f003f00ff03ff0fff27ff31ff30ff,
images/banh_hoi/banh_hoi_353484949abc7f76.jpg,banh_hoi,8,train,web,,353484949abc7f76869e30d12f045642afb8deab1bf9ff3fb37bd64ee318eafd,0d7e007c003c00cb03a703df07ff077f077f07ff07ff03e303c10b0100000060,
images/banh_hoi/banh_hoi_4486ac6f60c4364e.jpg,banh_hoi,8,train,web,,4486ac6f60c4364eb941a8d276d7f0d2b6118a8c17325bee2d052ea812f628f7,0d7e007c003c00cb03a703df07ff077f077f07ff07ff03e303c10b0100000860,
images/banh_hoi/banh_hoi_601759149a5cc703.jpg,banh_hoi,8,train,web,,601759149a5cc7031a380387a7461d872f711f6eea56ecc3c487084bae05dd64,00c0008101be1fff19dfd085923fc01f800587000249dcc1eff7fffffffe7ffe,
images/banh_hoi/banh_hoi_da2ae3b69a9eb515.jpg,banh_hoi,8,train,web,,da2ae3b69a9eb515c2c78c50a80213bbae8b4548f31fe151ceb0632a9b30940c,00c0008101bf1fff19dfd085923fc01f80058700024ddcc3eff7fffffffe7ffe,
images/banh_hoi/banh_hoi_5ac077b601fb4f9d.jpg,banh_hoi,8,train,web,,5ac077b601fb4f9da34e6d72360c9173f5217179b6e0deb6926bab42fa13d871,30383cbe18bf03ed0fef1ffe3ebc7c0ef817f00bd00fd01bd007e807f01f6cfe,
images/banh_hoi/banh_hoi_6944a1bb64c77642.jpg,banh_hoi,8,train,web,,6944a1bb64c776428991d7d52fc2de359b8a717b0831276db2cde04662dd28a1,007f07ff065f003f039f1a5f02570004800fe0ebe0dbe07ad1f2c0f67efc7e7c,
images/banh_hoi/banh_hoi_f6aa4ecd2f419f37.jpg,banh_hoi,8,train,web,,f6aa4ecd2f419f377ddeff69cbf230fd082987407df47026d6333cc8ed055204,1ff0373867fc1df03fe039f07878c8b8c8b88018c018f03ce1fcf5e0ffe02f30,
images/banh_hoi/banh_hoi_af3926ca9f33426f.jpg,banh_hoi,8,train,web,,af3926ca9f33426f657979366f33124185be0aaa4c1e5ea8fc2ec2adb982973b,3fff1efe3c7f709f601fc06fe01ff01ff01ff10cf1b879f67bf63fc21f800000,
images/banh_hoi/banh_hoi_05e38fe36d43266e.jpg,banh_hoi,8,train,web,,05e38fe36d43266ec53da7ae74937abe96eaab81041c66cd7c7f84f6d02a4301,fee0f2c0e0e0e0f8f0fcfcfcfff4fffefbb6f3fef3b6e3fcfa94fad8fe78fc00,
images/banh_hoi/banh_hoi_8f92c1eed1bed6cd.jpg,banh_hoi,8,train,web,,8f92c1eed1bed6cdcc326442a9c55e8f180b9a7af21e902ba5b0d1afa079ac2c,02000000e000f3c007f08fb88f7c0ffe0f5c1dbe1f9e1f1e0f3e1ffe9fde9ffe,
images/banh_hoi/banh_hoi_0e1e7be1bf482913.jpg,banh_hoi,8,train,web,,0e1e7be1bf482913f1f5b08fe4588474c5da482ee888f48570908ce708b31d78,03e0026000000000060c01fc83cccfdc7fdcffdefbbef9fefffcfdf47fe8ffd8,
images/banh_hoi/banh_hoi_e0eb055207f950d3.jpg,banh_hoi,8,train,web,,e0eb055207f950d37693628b6a2d1c29abda994455956738ab26442c8e01055a,881c001c0e0e1f171f53187118393c1c3c1c3c7d7c397f393bfd3bfd3fe20ff2,
images/banh_hoi/banh_hoi_bd842069cc95e910.jpg,banh_hoi,8,train,web,,bd842069cc95e9104fd4bb82528afaafbd1cd45af0c396dfa4935acb0a67ea1b,cfc01fe020706038403c001c001e001e001e303e807e4afe6ffe7ffc3e7c1df8,
images/banh_hoi/banh_hoi_65dc9e51c3c062fa.jpg,banh_hoi,8,train,web,,65dc9e51c3c062faed3850ff2b1df4395a7ff3846973e7743336bd61c2820fee,f9808f8009e00c92004101c71f6137d8a7dc3267b1019388f9ffffcf1fcd0bff,
images/banh_hoi/banh_hoi_2d53cf5a81a0873b.jpg,banh_hoi,8,train,web,,2d53cf5a81a0873b5359a6548e0ee4d931dfd8f623570ff960d61c9b83c147e3,33fe3fe11fe0cdd85c30fd307818381c100804600e711efc1dfc3c787ce878fc,
images/banh_hoi/banh_hoi_9aa1a763773ec5a1.jpg,banh_hoi,8,train,web,,9aa1a763773ec5a1d25b03afdf65903639bf5ed8f44fd9746a986a787feca52f,fe7ff81ff00fe007c007c407c307c103dc03de03cf07ef47ef9ff64ff81ffc7f,
images/banh_hoi/banh_hoi_1aa0326e346ad67b.jpg,banh_hoi,8,train,web,,1aa0326e346ad67b8f017f3a056a40e6859f3c18919d030f5fe587ad33e849de,ee07df07ff83ffc3f3fd60ffe0ffc0ff00ef01b7019f01091e0180038003c007,
images/banh_hoi/banh_hoi_6c7dba661f7b9cab.jpg,banh_hoi,8,train,web,,6c7dba661f7b9cab93f23aa7ac2744536c0ff4631faeb729c9a8a8f266c87bb6,ffe0f800f380f7f8b7e8cf908ff0efc0af8027c027c4c1b4d800f800fe38fffc,
images/banh_hoi/banh_hoi_9b257bb42746d52d.jpg,banh_hoi,8,train,web,,9b257bb42746d52dceb9a3bba26df5dfd3727f4357280b3f7ab81fca8bbdaff9,e07ff87ff83ff03ff83ff83ff87ff87ff83ff87ffa7ff01ff81ff81ff87ff83f,
images/banh_hoi/banh_hoi_66a16132b634e0c1.jpg,banh_hoi,8,train,web,,66a16132b634e0c1a060ee4ea0d34fd2bf46864d708711e154e0aeaddc59cfa8,0ff81bbc13fc0ff01fe01cf83c3824b82418c018e018781c78fefbe0ffe01798,
images/banh_hoi/banh_hoi_164a764dca5ddb28.jpg,banh_hoi,8,train,web,,164a764dca5ddb28ae820bdb507f9c897d645d0c63b2633c02a713f2ef88929d,0000003e487700ef00cfe0dfe0dd00ed006b007f2b3f477e4c3268d838480938,
images/banh_hoi/banh_hoi_74e53267b2614518.jpg,banh_hoi,8,train,web,,74e53267b261451825faf6b3dc24ea33d31bd1acb97a88b341c2deca22e16766,3202fe61fe31fe31f771e31fe31ff70cfc99fcfe441445dc87bf879fc98f60fc,
images/banh_hoi/banh_hoi_9843c35e5825f312.jpg,banh_hoi,8,train,web,,9843c35e5825f3127dded7ab683d608d66314f65509177923907fd28d04f3ad2,5f00e600e7f0fffc3ffc3ff67c336c49fa0df80df805ec05e003e163f863780a,
images/banh_hoi/banh_hoi_770d29a5ccbfc166.jpg,banh_hoi,8,train,web,,770d29a5ccbfc166b65d79e540b08be712c49ce36b6dda0b015e4568cbbda519,000000000c007c02f407d41fb7bf28be2cf3eae2f4e7fdefffff7fff3fff127e,
images/banh_hoi/banh_hoi_71c2d231168422de.jpg,banh_hoi,8,train,web,,71c2d231168422dec12e26bd0d0d732aa9bc5e3fd054e823e77fe6f31b2de293,001801a0013909fd3fff3e7f381f380f7107f807e007e00ff907f807f807f177,
images/banh_hoi/banh_hoi_0d4ac1a0536518e5.jpg,banh_hoi,8,train,web,,0d4ac1a0536518e5a2613f857397c492f175931d3a1edee853cf4a4b7d28ad67,f3f1f9b0f9f0f960f428bfe491ef01c703c12341306132203f003e10be3dfc3f,
images/banh_hoi/banh_hoi_979bc8b8e5a146ce.jpg,banh_hoi,8,train,web,,979bc8b8e5a146ceed6f6a11330acbffaeb9a5894ad2584dcf7613c6a2bb4f08,cdfffcfbfc7bf4ff34e776017e05fe007c0678067c0171016005100300038007,
images/banh_hoi/banh_hoi_d8fd098fe7fac3de.jpg,banh_hoi,8,train,web,,d8fd098fe7fac3deea20e256182ba3eb7f5c183addf2e6a4a0bb5ed8b7297dda,607f607f603f603f607d01fd007c007d007f027f01ff03ff87ffe7ff07ff07ff,
images/banh_hoi/banh_hoi_3ef3cdf50daa6131.jpg,banh_hoi,8,train,web,,3ef3cdf50daa6131f44499e0c53fadd3ac45930da7120d1f9c595f35c3e342f7,f65ffedff9dffc9ffffffff1ffc0f700fc80f800e001d043d00fc04ff04fc84f,
images/banh_hoi/banh_hoi_02f3d8e019c6d7f9.jpg,banh_hoi,8,train,web,,02f3d8e019c6d7f950cb344a06853718742196cf02b13afd5ca8cf32805cccd2,0fff067f043f003f003f001f001f200fcff71ff9fe1f61076003e001c2a1c2a1,
images/banh_hoi/banh_hoi_de9350f0dffa83c9.jpg,banh_hoi,8,train,web,,de9350f0dffa83c9238a945d2262c29a375de9f1cf247f566d56e3598ee3be52,fec3fd07fbe7fff33f1d2e0c0c0e1e061e060e0e079e0fdf67ff63fd71fb7807,
images/banh_hoi/banh_hoi_2c98dde576ee9725.jpg,banh_hoi,8,train,web,,2c98dde576ee97251aa47e574d7c3aad004a153461ecaffeae571c1c1be8ceeb,ffbf7fff03ff3be73e5f3e5f3f9f7f1f9f9f8f1f9e0f82058001800100010003,
images/banh_hoi/banh_hoi_5f73850531198760.jpg,banh_hoi,8,train,web,,5f738505311987609ccd997812b088aa2499ca92b0b19b7706d57aa6973f572b,00000000000007f01ff81ffc3f9c3f1e3f0e778e77866703f743ff17ff07ff07,
images/banh_hoi/banh_hoi_ed7c1503b26d6072.jpg,banh_hoi,8,train,web,,ed7c1503b26d60726b9ac28bc67c31f7df48ab6b9690f558cf3907c42b57ef26,fef33f891f4c4a54ccd2d52ad669b4d0e771c32b36bf329e391ed9d8e0f1f801,
images/banh_hoi/banh_hoi_f6ceab72d760c875.jpg,banh_hoi,8,train,web,,f6ceab72d760c87594f5f1a58ce46357141c7ac713e39d573f6d23809950d766,006110fe01cc6f7e7d7f353f2eff6fff5ff777f037e01fc00fc20fc307020000,
images/banh_hoi/banh_hoi_3499714388b2582a.jpg,banh_hoi,8,train,web,,3499714388b2582ab1a4a364e929ff08b7bfc036d3e8294ec9d2de380a483e7d,fdc0e280c020e0f8e0fcf9fcdff6f7fef3baf3fef3a2c2fef298d2c8fe78fc00,
images/banh_hoi/banh_hoi_053577d63d3a10a2.jpg,banh_hoi,8,train,web,,053577d63d3a10a296c9f1bd278978ddccc9ec11b39ea9a6ed23aacf27c6100c,0a690640078c1c003e001f8227c86dfc7ffc3ffccfdc83f821fc98788039800e,
images/banh_hoi/banh_hoi_0689b173204ecb02.jpg,banh_hoi,8,train,web,,0689b173204ecb02617a3ba2fa5e80b8ead9665f9dbcd8ba166ef8803fd29fd5,ffffffefffc7fbc7f4cfc24733c703bff07bf87bf03bf003f000f00cf0307890,
images/banh_hoi/banh_hoi_5d4f562b3dabaa19.jpg,banh_hoi,8,train,web,,5d4f562b3dabaa19c430d2a3b50eaa23b7f4284431f323ee98b66bcef62cce7b,887a147c305c480e47072743b3438347c83fdeffe3fce1eec1ff817f61ae73ee,
images/banh_hoi/banh_hoi_2052458f623847e8.jpg,banh_hoi,8,train,web,,2052458f623847e8c74a0b574a456df7e95c3abdcd559f29302031417d3d0255,1f221fff33e7f1bfe70987099fed01d105819c039c3f9cffddffa40900010000,
images/banh_hoi/banh_hoi_722f4f21a99662a1.jpg,banh_hoi,8,train,web,,722f4f21a99662a140072162919a5b95225c137f3ad7009d5b87a50e38140339,1cf81ff81ffc1ffc1ffc0e781c381c78186c1cfc1cfc1ffc1ffc19fc1ffc0bf8,
images/banh_hoi/banh_hoi_e899d9b26504bd0e.jpg,banh_hoi,8,train,web,,e899d9b26504bd0e5dc762dd4d030610271c827510bde1e6bb41c8d99eaba241,fffffc1ff00fc00380018c0187038180bc00be019f83ffe7dfcfee6ff3cffcff,
images/banh_hoi/banh_hoi_2cdd8f84b200de1e.jpg,banh_hoi,8,train,web,,2cdd8f84b200de1ebb76d4195bd081e3e5677dfe420d5cb5253a020b64160e2c,00bf0f3f3ffeaffa3ff7f3fff7e877fa64f4c7f81dfc3804f8003c003c001800,
images/banh_hoi/banh_hoi_36efc9a8230b8163.jpg,banh_hoi,8,train,web,,36efc9a8230b816325d7a2bba19cf605ae5fb1c56ea0a3cd4431e20e91035e48,f070e070e3f9d6f9ccf9c87d803d803c107c107c80fc80f800f880f280f0c0e0,
images/banh_hoi/banh_hoi_e79ee8819a2752a1.jpg,banh_hoi,8,train,web,,e79ee8819a2752a1cb0509ed558eec9a4e1ecf37ff5d791791f3a6f65a5e8df6,fc04f807e007d0066007800e800c820c830cb71fefb3fbe7fb7ffefdffffffff,
images/banh_hoi/banh_hoi_3e40d395b1ff6c9d.jpg,banh_hoi,8,train,web,,3e40d395b1ff6c9dcac2b06a98e21b4b9cb4db196db31d81d15001bd0485b86d,81810fe11ff81ffc3ffe3f7637fe7ffe3ffe3ffc1fec1ff007f0000000000000,
images/banh_hoi/banh_hoi_6f6231848b759577.jpg,banh_hoi,8,train,web,,6f6231848b759577c5e3f5735e22732ebdb0e36f10f76ce24f02f06e551b89cf,008e0f3f7fff6ffb7ff5e3fde7a4e7fcecd487f809fc3004ec003c0038003800,
images/banh_hoi/banh_hoi_f836e147fdf1a302.jpg,banh_hoi,8,train,web,,f836e147fdf1a302ba4b03c8a38cc73ecd78fb0d45550c684a740689510fc819,6fc667c4607078ec3fe73fe37fe37e037c23fc03fc03780338072009031003c0,
images/banh_hoi/banh_hoi_79ee7248992508ee.jpg,banh_hoi,8,train,web,,79ee7248992508ee1e82412c432b6596622f645c0074e0b171a0cde462612522,180030006c004e006f4066007e41fe00ff00ffc0fff0fff0fee4f8fcfffffdf3,
images/banh_hoi/banh_hoi_0670d7d9547d47a5.jpg,banh_hoi,8,train,web,,0670d7d9547d47a5fa182fd81d28302504cb0ff2ae8fb0ed405d4c4e25f2b020,ffe0fc00fdc0fbf0fbe873c1e7e1f7c0e380cbc0c3c0f0e07c007c007f387ff8,
images/banh_hoi/banh_hoi_fc50802f5a3f01db.jpg,banh_hoi,8,train,web,,fc50802f5a3f01db7212f98f5924dd62b88820a72be89698946a0be394814361,01800fe03dfa3ffe6fff7f7be7fdfdffffff7fff3fe61ff80ff8000000000000,
images/banh_hoi/banh_hoi_bfc0920ef6d3071d.jpg,banh_hoi,8,train,web,,bfc0920ef6d3071d7d417baeb1ce612177b1b3cda3053504a920dacc5160463c,8ff80fdceff0e218c30083c2c7e0fc30e831f83cf837f837fe33fe0176071746,
images/banh_hoi/banh_hoi_75390a7fa4f876f5.jpg,banh_hoi,8,train,web,,75390a7fa4f876f5701979a311f6846c112aafc9d17663101edb6beae6e202ba,78fbe1fe83fe07fe0bc703e7001e001f881ed81cb810f383ffe3f3f7ffffffff,
images/banh_hoi/banh_hoi_fe65ce6899ab1fae.jpg,banh_hoi,8,train,web,,fe65ce6899ab1faea255566d56251123ee5db1eb8c087b0fd1a567a1f4897de0,77e70e331e393e0c7f0c7f043e077c0e300e380e380c1c3c0ff81ff807e00040,
images/banh_hoi/banh_hoi_2838d9a46824ece8.jpg,banh_hoi,8,train,web,,2838d9a46824ece836b8387b53ac6123857045e0b330592d2f96b627d06a611a,04690640078c0c001e000f8633c8adfcbf7c9ffcc7dc83f821fc48788039c00e,
images/banh_hoi/banh_hoi_0339edb2ac560048.jpg,banh_hoi,8,train,web,,0339edb2ac560048b2676f86db148064e50063e6a8d2758944aee86f6df2f009,7ff8fffcff0ee003c81bc059f018d90c9000c000c031f219f019f81ff8fff1ff,
images/banh_hoi/banh_hoi_de9653d4b0693e1e.jpg,banh_hoi,8,train,web,,de9653d4b0693e1e610316ef06634709ee95a7373b0eacd0b0296afec6ce671d,fcc1f803fbe1f7f8ff0e5e079c07bc033e031e070f8f1fef8fffc7fee1e9f003,
images/banh_hoi/banh_hoi_2adbc265f245d86b.jpg,banh_hoi,8,train,web,,2adbc265f245d86b0352c74a94a9cb0853eb054aee66e35160884a16d75cd7f9,000007c8078803e007fc80dc8ffc1ffc3ffcbffebffcfffcfffc7ffc7ffc3ff8,
images/banh_hoi/banh_hoi_cb7cd84e751e4ac1.jpg,banh_hoi,8,train,web,,cb7cd84e751e4ac12ea29d5a56a199decb2f2079befd7d6118e2db58aa11dc56,3ffc7ffcfffeefee7ffe7eff3c7f183f00790219043184310020000001800080,
images/banh_hoi/banh_hoi_127b977a2ea57287.jpg,banh_hoi,8,train,web,,127b977a2ea572873db51ee6b7ab22694f7b44f3f4bb7a6952b327fc94127d51,cf8bdfc3ff01fe00bf003fc07fe07fe07de03c163c007c083e201c000c000802,
images/banh_hoi/banh_hoi_4d8bd1ae4e26dc56.jpg,banh_hoi,8,train,web,,4d8bd1ae4e26dc56d08b5aa05469c86e3caec543bf4156ee9119358965e2c18c,03e003e000800000061801fcc7dce7dc7ffc7fdcffbcfdfcfffc7ff83fe8ffd0,
images/banh_hoi/banh_hoi_c13427c105889ae0.jpg,banh_hoi,8,train,web,,c13427c105889ae0398dc4e086d93c961d7cee98f0662aa2b2b71206456e89b6,fff0fff0fff8fcf8fdb9f73bf01ce618f418f430f070e270c670c1e0e1e0ffc0,
images/banh_hoi/banh_hoi_c33854d46b631d7b.jpg,banh_hoi,8,train,web,,c33854d46b631d7bcb2a751661a908223a946c5fc649689833748c137dce7eeb,000003e00ff01ff81ffc3cfc3dfe3f7e3ffe3ffc1d9c1ffc0ff80ff003e00080,
images/banh_hoi/banh_hoi_1d6ec7ecfd2aab2f.jpg,banh_hoi,8,train,web,,1d6ec7ecfd2aab2f0d8c6cd1ec5847c5f24a15302741693a15a5e9dbf293f231,7c26f800e041cfe14ff17ff077d8e7f883fc81fc01f800f001f801788020c000,
images/banh_hoi/banh_hoi_f8ec9f36e9805763.jpg,banh_hoi,8,train,web,,f8ec9f36e9805763f143013e349e6c52f7eebfe9ec5a4984251176b1191fe101,bf9b3f83fe03fc007e007f90ffc0fbc0fbc0f8067800fc087c403d0019001002,
images/banh_hoi/banh_hoi_63603a36b7f29466.jpg,banh_hoi,8,train,web,,63603a36b7f2946646395f58af5741372ea10db9c3f6acf766438b1a49131840,fc02f803e403d00368038007802682068106bf8eefd9f9f5fb7ffffeffffffff,
images/banh_hoi/banh_hoi_749283d689079791.jpg,banh_hoi,8,train,web,,749283d68907979124ff25463c56fb7913a6ada67f6d2578e58cf3e85dc5ed11,000000001800ec00ec016c0fe75dd09fd8fcd4f1ec73fcf7fefffffff7ff627f,
images/banh_hoi/banh_hoi_89ea1cb1debc1f3d.jpg,banh_hoi,8,train,web,,89ea1cb1debc1f3d9266199f00dca22acd79886a9a22788fc655e9d1aa7a4470,e700df80ffc0ffc07fe070ee32e912f000f92069186678e0fbe07fc0ffc0e180,
images/banh_hoi/banh_hoi_e5e54ee8617cf1f7.jpg,banh_hoi,8,train,web,,e5e54ee8617cf1f77206030d818823b13f7b255d2bd75b560af69f45962e73d9,3ff87ff87ffc6ffc7ffc7efe1c7e187e067a063304734462006001c001800180,
images/banh_hoi/banh_hoi_ed97346aacad71b0.jpg,banh_hoi,8,train,web,,ed97346aacad71b02cef57e50c43915a787bf2ac709b28ca1f8268f52bcf0867,ff0ffb8fe339883989c107c01ff01c3104709c719c719c719cf18273c207f01f,
images/banh_it_tran/banh_it_tran_aee4270c673d1630.jpg,banh_it_tran,9,train,web,,aee4270c673d16302013d92bcaaf59eca0c9a6dfa31513a4dc14b18b1ac1808a,0f941f48233ce33d639ee79fff1fff1fff1ffe0f5c1e781f780f3806180e0c39,
images/banh_it_tran/banh_it_tran_b954d8735ccd9863.jpg,banh_it_tran,9,train,web,,b954d8735ccd9863a6355ea0ffadf777a3c4cfad177f659ea02702f5d24f380b,0d8c080858087cff7d7e40033cff1fcf0e030c0b7eff7fdf08317fff7ff34893,
images/banh_it_tran/banh_it_tran_697f07e0da1cf9d1.jpg,banh_it_tran,9,train,web,,697f07e0da1cf9d1eea61c81df0c281c7b6ca230cf4c67104ab4b7630bc20154,00001c402fe032c6f20ffc2dfc299fc0dfe0fff0dfe0fee0ffc0fd80f800f800,
images/banh_it_tran/banh_it_tran_27c68e10249db467.jpg,banh_it_tran,9,train,web,,27c68e10249db467b419c1b68289962cf7b72c18b91078018b2cbc521aeff6e5,fc007d003d003d0c1d0c1d0c3dcc3fc4e000c00001e203fc07fe0fff023c00f0,
images/banh_it_tran/banh_it_tran_e398c770b13ff2e0.jpg,banh_it_tran,9,train,web,,e398c770b13ff2e0f16f7e9831c0da06d2db51f03c6ded3fe8300925e1e901ce,ffffffbff007f407e42beda7e5a7e007e007e004e527eda7e527e007600f000f,
images/banh_it_tran/banh_it_tran_42329f4110b52e2d.jpg,banh_it_tran,9,train,web,,42329f4110b52e2d55c28387bb9eb8cd95be9a9a81e8e61e0f936683018b504d,01000ff00df83f5c3ffc33e872587edc3ffc7ff0767e703c1dbd9fffdfc7fdcf,
images/banh_it_tran/banh_it_tran_c885d2e13f070f26.jpg,banh_it_tran,9,train,web,,c885d2e13f070f265775ce78c6b17e0aff70b6c185bf178c33d926b99f42e066,9e9f9f888f80ce03c003c19b813819bcbdce3ccd7877f87efe3e5e1fdd1ffe8f,
images/banh_it_tran/banh_it_tran_3e40b1c0228e847d.jpg,banh_it_tran,9,train,web,,3e40b1c0228e847dbe98565ec6b9a9945ddd2cf02e119d558e587ac2b88a1f88,8e77800bb18b800f8103cc33c013e013c83fc147f007fe0fe01ff23ff03ffc3f,
images/banh_it_tran/banh_it_tran_ec3b126f9d802438.jpg,banh_it_tran,9,train,web,,ec3b126f9d8024380471062c2131ee8747de33d7faa5260e1621ce17cb783e62,0fff6fffcc2f800f8c031c133e717e401c3e00c1060d0e3d7f210f831fc71fff,
images/banh_it_tran/banh_it_tran_1fbede15d210d341.jpg,banh_it_tran,9,train,web,,1fbede15d210d341fa1612a4c433d2dbf483023350ce946b2178500fc1e09ba4,f718fe3cfc26c95ec85ef97af364e3bc393c3c6e3e6f763be23236663e7e3c58,
images/banh_it_tran/banh_it_tran_1b88591a1622a4ba.jpg,banh_it_tran,9,train,web,,1b88591a1622a4ba8c6347f5802e68d6a3f238a15a1992a0d7f268cdcce83f74,ffff7e7f3e3f3e3ff81ffc07f803e006f10cf10ce100c000e000e000f0a7f81f,
images/banh_it_tran/banh_it_tran_73b4961300338688.jpg,banh_it_tran,9,train,web,,73b496130033868877196c5474cc21cb7a1474c0d7b61d1a4d59f0b622a5d0c9,010007800ff03ffc7ffffc3f6c37ed3f7ffffffe7ffe7be001e081c000008080,
images/banh_it_tran/banh_it_tran_db5fd02f0540f5f8.jpg,banh_it_tran,9,train,web,,db5fd02f0540f5f82df107adc47506e80fe466650560b9a9eefe3df99d053308,000000007fbe7bbc3ff0bffcffdefbfffbffffffffffffffffff7ffe00000000,
images/banh_it_tran/banh_it_tran_c3367aa057010c85.jpg,banh_it_tran,9,train,web,,c3367aa057010c857223a4880b0da78342954bfecbc07473b97a027427d4bb17,1f800ff8c3fec3ff03ff1ebf043f08099df99ffd9ffd9bfc066c806480048000,
images/banh_it_tran/banh_it_tran_f117a01e9117c4b6.jpg,banh_it_tran,9,train,web,,f117a01e9117c4b6a08725f0714a1ff0568fbb665448a9241b035296b3b89c18,19001d003f8033c03fd83fd83f7c37ec3ffc1f6c1fbc03fd0fbd073103838000,
images/banh_it_tran/banh_it_tran_bee7e30bc3b51814.jpg,banh_it_tran,9,train,web,,bee7e30bc3b518147ddb8dbf37182a1d5a7537eea0b6ef588d584880ea5c4803,0000000000ff40fff3f0fffcffffffff3f7f3fff27e13fe33b83181e00000000,
images/banh_it_tran/banh_it_tran_e738608a2e17d7d5.jpg,banh_it_tran,9,train,web,,e738608a2e17d7d57b4a4133dfb18772d937176dceb44c6649ad1d606fb30a40,0fd70fc723c37870d831880cc80c8a608f68df9c3f9c0ee80fe18d61c723e207,
images/banh_it_tran/banh_it_tran_9a9d553d455d7417.jpg,banh_it_tran,9,train,web,,9a9d553d455d741782d40fe894b04f5653986e28bfa27705e3158b5c2dc6590e,f30fdb3bbcf17eceeffe6478e43ee42e624678327a3077b807988301c003e007,
images/banh_it_tran/banh_it_tran_0b6ffb01d737d9e8.jpg,banh_it_tran,9,train,web,,0b6ffb01d737d9e80514f7fb7f5aa2044877f4282cd0a6dd81a3d51d1edb6861,dfffed3fe18ff9f74db74cbb8ddb0d7a0d33893383b78187810fc01ff03fdfff,
images/banh_it_tran/banh_it_tran_7c40ba7162e9165a.jpg,banh_it_tran,9,train,web,,7c40ba7162e9165a7166fe3a2ce7ce51d18e0ee523873c2c431e3a711e0efb55,fdfefcdafc06f600f474ff7cfc79fef1ef0de707ff03fe03fe017e817e811c01,
images/banh_it_tran/banh_it_tran_24329724bdc1a328.jpg,banh_it_tran,9,train,web,,24329724bdc1a328a3d498bfae7f8b521060a2ff3c14032048e638c1495243d2,464067c676e774ef20ef0cc76e05ee42eee7e0e948e8326853107fd077813720,
images/banh_it_tran/banh_it_tran_b63b300266ceb12a.jpg,banh_it_tran,9,train,web,,b63b300266ceb12aff51d8725c7e9dfa604f699f05ec7e2655f27c9304dac3e6,0ff70ff30ff03ff0b870b980bfdcbff53bf539dd099d0e1c1fe016b11eb91ff3,
images/banh_it_tran/banh_it_tran_57bf8eca0cbb4f78.jpg,banh_it_tran,9,train,web,,57bf8eca0cbb4f78f152a36abb9560aeb5e49a73178f128e6b2a11ba010463ea,03e803f807fc1ffe0ffe7e9c61c421e0200021f090f060603e780fe0ffffffff,
images/banh_it_tran/banh_it_tran_d6e742a0f34ee212.jpg,banh_it_tran,9,train,web,,d6e742a0f34ee212224111fac9ce3010127ee54a33532f9288569cdf6af597d5,ffffffe3e1c1c001f0007c013f030703e18df18df881f843fe3fff7fff7fffff,
images/banh_it_tran/banh_it_tran_671d444d5476739b.jpg,banh_it_tran,9,train,web,,671d444d5476739b074a93d838615c17ba99ce1305c147ffca65240b23a968ae,ffe8f7eb3ff97e2be037c138c7f8df48fc08062c838c8308df08df1c813671e7,
images/banh_it_tran/banh_it_tran_b2b0d54992782f6e.jpg,banh_it_tran,9,train,web,,b2b0d54992782f6e2a567063601dec8853262bb0c360d95628cc7e3ea29a9f5a,7f013f090011c181f7d9f7e1efc91f8f9e0fb60fe02d4205c044004400e488fc,
images/banh_it_tran/banh_it_tran_46b79832a60bcd27.jpg,banh_it_tran,9,train,web,,46b79832a60bcd27f5b942abeb2ba1f84ba36dbdff32054dca2757e515bfa630,9ffffbff41ff187f1b7b0ba30393383239303bb4138801900100000000000000,
images/banh_it_tran/banh_it_tran_7bd6ad7febc92aab.jpg,banh_it_tran,9,train,web,,7bd6ad7febc92aab4ac3fcdf70e7a977948f11ad8eb49d597f0b425982c6c9af,83008307803b803183fbc6f7467f066e03e007e09f903f186304630063006300,
images/banh_it_tran/banh_it_tran_2bcaeb2fcab24996.jpg,banh_it_tran,9,train,web,,2bcaeb2fcab24996a19a9b18e25d9ff0a59c272f229a4353c9b6cb2b1364729d,1f661c3f18beff80cf3d09c10b8418dff1cd6581041104100631032221842c7b,
images/banh_it_tran/banh_it_tran_f0afee01abaf8cb2.jpg,banh_it_tran,9,train,web,,f0afee01abaf8cb27a8a33460ccee35bade2c2f91bb6322f3970d010973ba0e8,e00eeffff7ff7eff4fbf2dcf4b207fe33f9fe79138203180c013f01fc083c000,
images/banh_it_tran/banh_it_tran_6cd27e21eaa62502.jpg,banh_it_tran,9,train,web,,6cd27e21eaa625024128d085f80ad4fbba20e98ad80ad716d6548ea18fc658d3,007c007c007c00fc00fb00f911f839fc78fff0fff7fff777e47ff03ff007c001,
images/banh_it_tran/banh_it_tran_7afa332f89bf6ee5.jpg,banh_it_tran,9,train,web,,7afa332f89bf6ee59f798ed06a841e758507f8ae4f10966ade08ff1362245c49,1ce33ee33cf338f360f378c178c3f9c3fba3c3a3e3e103c08380c302e103fc07,
images/banh_it_tran/banh_it_tran_88d9611f2fa4aefc.jpg,banh_it_tran,9,train,web,,88d9611f2fa4aefcb5aa81d76a9fb80ac74c1264d30d0dce6538d5bc17e7cbfe,f29ffbfbfd03c801c011f418f278e2007f38be08b0008601c363c467e00fe03f,
images/banh_it_tran/banh_it_tran_cf0c60304bc85eca.jpg,banh_it_tran,9,train,web,,cf0c60304bc85eca58269593882e67ee58360e6dc498ed8091f2c2cada0b4f45,fffdfe2dfc2ffc1ffc17fc1ffe37fe62c4608001c001c003c67ffffffffffffb,
images/banh_it_tran/banh_it_tran_f9b39627826fa530.jpg,banh_it_tran,9,train,web,,f9b39627826fa530b41d976c3b106d87786659a4b635bb30531bdd12b163c96b,d13fd03f983fc01ff43ff21ff00f9c0f880f820f9e6f94ff907f3a3f1c0fd80f,
images/banh_it_tran/banh_it_tran_2672d087b3bc9d4a.jpg,banh_it_tran,9,train,web,,2672d087b3bc9d4a1292862d9b036a61691eb514a0d4c00008d9c8bb3ecfada7,3fff211701c703f707f947fb05fd09dd07dd0ddc06bc077c0738077803f001f0,
images/banh_it_tran/banh_it_tran_7d9d201b78088eda.jpg,banh_it_tran,9,train,web,,7d9d201b78088edac0723d8844e34d6b15ede94f001ba08b826bf160b00dc173,37777727f30f8046e460f673e66e060e80ce60e472e4e00e800e8e0f8e61ce71,
images/banh_it_tran/banh_it_tran_6735a2b86e843e0c.jpg,banh_it_tran,9,train,web,,6735a2b86e843e0c2404a474a971db54161dd8def441b0c5f46b9bf60b328644,00000030083c3c3c3afca3dcf7dffeff7e5893d9fbfeffdc73c88ff85e602400,
images/banh_it_tran/banh_it_tran_eadea131a01b7d48.jpg,banh_it_tran,9,train,web,,eadea131a01b7d48c5c52d820c98d3fb56e3b6a5de3e6b6fe151e2f77feacadc,f000f800fe08f7e0cfe0fff0fffc7ff732611de30ff307ff07ff03ff01ff00ff,
images/banh_it_tran/banh_it_tran_a62729b56a51ce48.jpg,banh_it_tran,9,train,web,,a62729b56a51ce48fe5f11db065e1a6bd6b0ab1c429b21fb835eb7c11910fb0f,ffff87ff07ff1f7f060fa347cff3ded183b0c3b04180000080008007c03fc3ff,
images/banh_it_tran/banh_it_tran_dd28ded40003f587.jpg,banh_it_tran,9,train,web,,dd28ded40003f58746a35162e75cc42ce563f8c7dfed6176e0bd67ac005caf66,c07fe07f8031c011800180018061800dc007fc07fc07fc07fc1ffe3ffe3ffc3f,
images/banh_it_tran/banh_it_tran_b85ce7c93a5c59a8.jpg,banh_it_tran,9,train,web,,b85ce7c93a5c59a8c7826eefd506852746e2b3c3626073442e094cca20108073,7ff87f787e50ffc87eef7c59396c03fc02fe02ae01ce18cc3ec4ff491e00ef00,
images/banh_it_tran/banh_it_tran_ce33d8d399ab6c7a.jpg,banh_it_tran,9,train,web,,ce33d8d399ab6c7a1414193b66a09992bf362a1837d4d60df862d860276edd97,ef804f801f709f781f781e780c30014411e409e639e679e679c0380030000700,
images/banh_it_tran/banh_it_tran_eb86618d12313add.jpg,banh_it_tran,9,train,web,,eb86618d12313add3fb9d0138ae96e74807edb97621599f95c95d993c89425e8,1fff0108fc3efe7ffe70867882708070c278f67ffc3ff83ff01e800c8000f0f8,
images/banh_it_tran/banh_it_tran_03b2a486a495d34f.jpg,banh_it_tran,9,train,web,,03b2a486a495d34f2daf9d46356426ea57aef18c3a8b93f14e9cbb68d7eca66b,ffffff8fff83ffb3ff33ff03c00380030c07248730830031888089048dc40088,
images/banh_it_tran/banh_it_tran_311478f6630de5d1.jpg,banh_it_tran,9,train,web,,311478f6630de5d14d2a92857b2491f31ae7be154c4fd7d0f0ba99617fe25088,c338c330c3308b069c0e9c0f1c4e18ee08e400e000c00e080e1cde1cce1effdf,
images/banh_it_tran/banh_it_tran_7ecd00c364063485.jpg,banh_it_tran,9,train,web,,7ecd00c36406348506ac6db6595fddc1d8789e0ad2678bcd951b616bb7849745,3070004c02ec4bf45a701be003c00cf81f989f988730fe70fff0fff0dd80efc0,
images/banh_it_tran/banh_it_tran_ef32cd29ba3b4525.jpg,banh_it_tran,9,train,web,,ef32cd29ba3b45251261284c9564c4322062fa1aaf18286c5cb77d239d036c77,3326320620606660060e20cc70c4604f7beffff7fbf8fffe3fff07ff027c0000,
images/banh_it_tran/banh_it_tran_7bd287f86a3a4f17.jpg,banh_it_tran,9,train,web,,7bd287f86a3a4f178ae463ad53251a3455784bf5066b83c7230a79873e9455d3,5f1b1f313f607ec0f4c1f9837d26d906e38cc788579833f03be029c000400080,
images/banh_it_tran/banh_it_tran_47bbfab86f92a4d9.jpg,banh_it_tran,9,train,web,,47bbfab86f92a4d9d1b5b1aad45f74a0f1ed017aa27a7d03c6a4bdd815f2b917,010107c103000fe01ff83ffe7ffefffffffefffe7ffc1ffc0f7c01d800380038,
images/banh_it_tran/banh_it_tran_0823878fa2395fd0.jpg,banh_it_tran,9,train,web,,0823878fa2395fd0100719f40935d1b62a70a56ea05429886b13559bee42c5a0,0fbf0ffe0fbc0ff41fff0ff703f613fcd3fcfbfcffc4bf803f823f0108000000,
images/banh_it_tran/banh_it_tran_61b309ff028cd3a4.jpg,banh_it_tran,9,train,web,,61b309ff028cd3a495f2e6abefe5293f9a38da75ac726e682ebf009c46331778,008c04002103000300066405f5c6ffe6ffe6efe7fff4eecceee3ec83fc81fccf,
images/banh_it_tran/banh_it_tran_0de89863b9ae6778.jpg,banh_it_tran,9,train,web,,0de89863b9ae6778d66f61d18bc850e9c0162c45995158c2e4913054ce7f85ac,00001f003f807f807f4c6ffeefb7eff78fe7f7e6ffe077c077c03f801f000000,
images/banh_it_tran/banh_it_tran_c883d18f2baecd9e.jpg,banh_it_tran,9,train,web,,c883d18f2baecd9ec7485572eeb6631c0e3328a8ca0af321a884f944fab12ae4,1c8f1cb33ebb6ff973c91bcd11c48805dc39dc191d9959db01c310c7001f0f7f,
images/banh_it_tran/banh_it_tran_4b9bd0f89866c97d.jpg,banh_it_tran,9,train,web,,4b9bd0f89866c97da28fe5d4c1deb07c958974b20f6e97e095612fb0cac7cdcc,c3e001fe000000003d80fd80fbf6bffb3f7977197339333b079f078f17ff03ef,
images/banh_it_tran/banh_it_tran_31ccb065d06d237e.jpg,banh_it_tran,9,train,web,,31ccb065d06d237e4aad83cf4ef6b69afb96e57e8c56ec52e6dd5d93dda381c9,00020008000001c807fce7f421fe786f307f31ffffff7ff33ff01cc01c00000f,
images/banh_it_tran/banh_it_tran_c6da765152fa0e6c.jpg,banh_it_tran,9,train,web,,c6da765152fa0e6cfc842861403cd12eb2c4aa30a85cf202db359238307025c5,f7dcf38ef1cef1e6f4eefaecf4bcf81cf81e700c701c301438701df80ff003c0,
images/banh_it_tran/banh_it_tran_2ebcc2b77f07714a.jpg,banh_it_tran,9,train,web,,2ebcc2b77f07714a6429a2a56573f382ac12ceaad02bb66676415a6af9ca01af,001f123f7e3bde614c415841f961b7d107c10373c17f607f6cbfde1fd60f1320,
images/banh_it_tran/banh_it_tran_642bdfeaea7ee517.jpg,banh_it_tran,9,train,web,,642bdfeaea7ee5173eda624a25c981c025962bb926153a825b72fddcf0536911,00164600f200f000b8009862f046f23271b0f18cf80cff00ffa0fff8fff8fffc,
images/banh_it_tran/banh_it_tran_d66aff25a1baaa7c.jpg,banh_it_tran,9,train,web,,d66aff25a1baaa7cf741b8080880425ae68e2727b40c0678bd09c43e4a11e77c,cfffc76fce775e7f5eff1f7f1f7f023f0e3f0d3f1e7f0e7f047f006f00af003f,
images/banh_it_tran/banh_it_tran_395dd39bdcbb1a62.jpg,banh_it_tran,9,train,web,,395dd39bdcbb1a62f1d51f38069903fe841195444361070a201a31de98c8f0c0,381f2c1f408f400ff00fe20fe047c067f01ff00fff87ff83ff817f80ff807f80,
images/banh_it_tran/banh_it_tran_2ea4c4be3255359b.jpg,banh_it_tran,9,train,web,,2ea4c4be3255359ba62a8975845b01907502249022dec74e52fb7fc6dbc4f08b,1e041e0f3d07e12ef3e2ffe37e276c7fe64de7ccdfcc0dfccd3ffd1b799031b0,
images/banh_it_tran/banh_it_tran_c9c13c3596a6a710.jpg,banh_it_tran,9,train,web,,c9c13c3596a6a710ec5ba74906436fdb43bc14e5c1d295db5f2f2b89d30f2521,eff8efd8f798f818ffd8f380f3c4e388c0040003000f010b001f003f007f00ff,
images/banh_it_tran/banh_it_tran_f054ffb7058a127e.jpg,banh_it_tran,9,train,web,,f054ffb7058a127e62b50ce37b7ca4ae708f20635808d001a822f099db509c33,0a001ff05ff8defccefce8feccff8d2381218021c851e1cbe38673003e000000,
images/banh_it_tran/banh_it_tran_592dc29345814cb5.jpg,banh_it_tran,9,train,web,,592dc29345814cb5329929eb639e48decfdde91bd635e618208d460ce2c7b759,7030c078e078f07cb87cfc7cfe6efd6e697f3d673f471f431f7b8f7bcf60c000,
images/banh_it_tran/banh_it_tran_60811abd29c85a9e.jpg,banh_it_tran,9,train,web,,60811abd29c85a9ee5dd426c5b7ca88859488f86762d6b128914506eb90085cf,00d107c917ff3c772dbb7fff5bffce750c1d3dcc19c01d85200d211d399933cb,
images/banh_it_tran/banh_it_tran_de5e19dbc9f755c8.jpg,banh_it_tran,9,train,web,,de5e19dbc9f755c86691b32a970ae6d36f8f5a36cedec90768afdae201607c20,00180218031c033f07f8077006701e711e7f1ffe0fee1fc61fc70bc7038603c7,
images/banh_it_tran/banh_it_tran_02d2983b267d5b0d.jpg,banh_it_tran,9,train,web,,02d2983b267d5b0d228ec18dbe8c0c2dd4894cb75afd25044c166a668190db23,00300473267366df7edd5afddff7ff6ff6d71adadffafa3ed8f73cf33474004c,
images/banh_it_tran/banh_it_tran_c60168f3e4a7c2f8.jpg,banh_it_tran,9,train,web,,c60168f3e4a7c2f88e31caef5431d59fd3d921755cec50be68739eba3879c5d3,f8fcf8fcd03c803ec01bc01f83e08ff0fff0fffcffde9f8c8cf087c007000000,
images/banh_it_tran/banh_it_tran_3a269b0def43ef42.jpg,banh_it_tran,9,train,web,,3a269b0def43ef4265c04dde2259d672c576411e1a4c6fa1a01a9482dc8649c1,3ffe7e1ffe0ff007f037e873e811f809f809f829f001e001f3c7ffefffffffff,
images/banh_khot/banh_khot_2c442a6408d4a711.jpg,banh_khot,10,train,web,,2c442a6408d4a711ed0796ca62e202f911ad8d6a679b4009134054a31efd8870,01e003f003f00ff01ee007c00fe01ff03fb83f483fc83f683fb83fd837f03fe0,
images/banh_khot/banh_khot_c920cd14af8b206b.jpg,banh_khot,10,train,web,,c920cd14af8b206b3e8fde60c9eb505bb6900c70e2e51d2e51851b5f80131c3b,08d00dfc03fc03fe5be659f7887fa87f5c3e1f3e2b7f2f7f3e7e1e6e397c19f8,
images/banh_khot/banh_khot_50f13865cdc71a9d.jpg,banh_khot,10,train,web,,50f13865cdc71a9def67615f090a6abc1aa6a2d3baa867aae6e72326ff5ba48d,c000c0008c000fc00ff80ff88ffcd91078203c3e3ffc7fe0ffdebfebffffffff,
images/banh_khot/banh_khot_82ea78e07ec34c92.jpg,banh_khot,10,train,web,,82ea78e07ec34c92051428678a2e459e609811703ece01ff346fe5812fb79369,ff7fffbffff3fe63ffc0fdc0fd98ff187f003f003e00be608ee0ce70e660f000,
images/banh_khot/banh_khot_a3fb1ec369164867.jpg,banh_khot,10,train,web,,a3fb1ec3691648676f9f03489972f05e7530500f6bd944917c772e12b0ac1602,0039007b00430073027bffb7ffa5f86fc3f7810fa35f057f06ff09ff07ff07ff,
images/banh_khot/banh_khot_25d14009f0303e13.jpg,banh_khot,10,train,web,,25d14009f0303e13e57fca717d3c3b47933ce0975d841d76494f2292f49b0e1b,e3de4ffa1dfb7bd3620771c0f1f9e38300f1bcf0ffe03d60c178e13082908200,
images/banh_khot/banh_khot_f89b29bc1eeb7333.jpg,banh_khot,10,train,web,,f89b29bc1eeb7333ec487dda817462a54760f8c9c007df794ca41edd299a38af,17fa1ffe1ffc0ffe03820002018302432003200120c120f121fb23ff1bff1ffe,
images/banh_khot/banh_khot_9c33119aa534c36a.jpg,banh_khot,10,train,web,,9c33119aa534c36af34ca750ee9b3d5edd34c0038ccb156e805ab617f595fcb1,010201033e837cc3f9f6f9fcfffcd9fe99f01df883c880e800f800f8f8fcfffc,
images/banh_khot/banh_khot_952f30f650a708d1.jpg,banh_khot,10,train,web,,952f30f650a708d1e38e63056535d4a2005582a4a318b3f105be2637b80c753e,ff7cfff0fff0fff0ffe0ff00fe00ffe0fff8c0f8e0781e000000300038017800,
images/banh_khot/banh_khot_2e8ed11544199607.jpg,banh_khot,10,train,web,,2e8ed11544199607411b4787d236a3c0a97ece23162b2bf6d8f27c7d0b839b5d,c0fffff7ffa7fee7fe2ffbcef80ff007e333c6700270802080108019cc3fcc3d,
images/banh_khot/banh_khot_2ee0887cc89fda8a.jpg,banh_khot,10,train,web,,2ee0887cc89fda8a0fd04af08f0124953303ec712d19de64fab19801e781d521,0003002300612fe07ff07ff0f830003e91fad7fe05b707f7fffedfee3fdefff8,
images/banh_khot/banh_khot_fd57e8fec85d1131.jpg,banh_khot,10,train,web,,fd57e8fec85d1131231cef389f8031f39dcccafc6f95c891d19027a634100b93,00000000200ce406fe8e7f9ef2df4cfebffe2ffe07fe07fc0ff80fe00ffc0ebc,
images/banh_khot/banh_khot_ccc7b9d70a061744.jpg,banh_khot,10,train,web,,ccc7b9d70a0617443d3303e731a23eaffd035945abf167ad17a3f26d72dddb77,01ff01ff00ff005f000f010f000718475047780ff81ff81ff85ff19ffc3fff1f,
images/banh_khot/banh_khot_955692f47f447b7b.jpg,banh_khot,10,train,web,,955692f47f447b7b33d9ce9d50d138c404e2d335ed530aef49d5a7717c207d69,010101033e827cc2f8f2f9fefbfedf5cc1f818f919db818800f800f8c0f8fcfc,
images/banh_khot/banh_khot_df1a74fcfac7ff0a.jpg,banh_khot,10,train,web,,df1a74fcfac7ff0a6f7c02651d2b693d1d688dcf0a6918f82a1049931ab8749c,c018c000e000ce008000c80fb28fc7c7ff87ff87fb07fe03f603fe03ffc3e7e3,
images/banh_khot/banh_khot_cb5356931ead27bc.jpg,banh_khot,10,train,web,,cb5356931ead27bc52605ddd92a4685fefa082fef4c3bbb7c4acce4016246ffc,8f018f019c003800fe00ffc1efc8f3e2f001fe03ff00cfc0fdc6f8c0ff40ef01,
images/banh_khot/banh_khot_b0effc7b63b86c04.jpg,banh_khot,10,train,web,,b0effc7b63b86c049a4742ee25c7612cad65c7203ea5539ec3a8756cee63ae65,02f000f80050006000408240ff7eff3effbff9bfe19fc18cc180d13067003e00,
images/banh_khot/banh_khot_667c0c51c6b79714.jpg,banh_khot,10,train,web,,667c0c51c6b797148b7717d936b74ccbe2168175ef4a41c7de92378bd180a955,fcffdbcf83c10380038001800180e1c1e46ffc1f7c0f7c0f7e07fda1fc8ffe1f,
images/banh_khot/banh_khot_a20bfae1c1aa496a.jpg,banh_khot,10,train,web,,a20bfae1c1aa496ad4dfde02bffcc78262b5a8240b416f50238acc1deed7614c,781f799f7bcf03ef03e0f3e2f3cff18ff00ff00ff3cfe3c70700070006200700,
images/banh_khot/banh_khot_5634520f677c5c5f.jpg,banh_khot,10,train,web,,5634520f677c5c5f18ee81712933d6d6635046831d4f22d566e9f93386fd4747,f059f497b19cf939c947cc0fcd9cf308f3b1ffb83fda3fe28916c808ca08f609,
images/banh_khot/banh_khot_b925513507b2c0b8.jpg,banh_khot,10,train,web,,b925513507b2c0b842c5a0a41e52f1a6f729bb3044fdcf93fe2f21fab7c0ac00,f007f003f983f7874fff07ff23ff37f011f0a800d800f000ec00fb00fe0087c0,
images/banh_khot/banh_khot_2b9b799edeedb1ff.jpg,banh_khot,10,train,web,,2b9b799edeedb1ffa07678e5107db1dd655e9a0e7f73b8682cc24ffe0d970f86,47ff07ff238d01fe01fc1df03e303e003e001c001ff003d807f80fe80fc00fcc,
images/banh_khot/banh_khot_c6b3df14ac4d7efc.jpg,banh_khot,10,train,web,,c6b3df14ac4d7efc4ca15bd4b3d1526230f1a39c7eecc62c91a982c44f9d7830,fcffc07fc03fc01fc00fe007e003f003f003f007f80ffc0ffc1ffc1fff7fffff,
images/banh_khot/banh_khot_d077c40f101f3002.jpg,banh_khot,10,train,web,,d077c40f101f30023c8f8949d9b8f98b21c4b44b96babb6b4135ce8bc67dbdd2,803f821f83c087f0fff8e73fbe0fbe8fbc4fbcc7ac072c8f6c174fff464f1fff,
images/banh_khot/banh_khot_8e39be5ca94ab7b1.jpg,banh_khot,10,train,web,,8e39be5ca94ab7b19e7d4510657cb69fb743fe6965a36ff4626c6e597b85b704,0000f000f00078207e00061c1226047940fc80fc9bfe1ffe1e7f1a7f177e8734,
images/banh_khot/banh_khot_61e6a886673ea34a.jpg,banh_khot,10,train,web,,61e6a886673ea34a7ead6b001dd7acbb5ea821f9f42b804b51dc99308a831837,01fc00ff01ff1fd03b80400dfc7c9da0df82e206cb8cfffcfff8f7c8f0087008,
images/banh_khot/banh_khot_ad2efab826b01100.jpg,banh_khot,10,train,web,,ad2efab826b01100b4f5aa1a8f19d29a760127c9865d3fcaa57de4c342cd1e5e,000000003fe03ff07db43ff87fb87ff863fe7198f808ff78fffcfffeffe8fe00,
images/banh_khot/banh_khot_1d3164f52ee5b0b2.jpg,banh_khot,10,train,web,,1d3164f52ee5b0b28eb0441a2bd9bcb3b9abaef4ef808b5e85338d6984e31a85,0318001c381f3e27fe79f05fe2fe043a48be013d013f013f007f01ff03df039f,
images/banh_khot/banh_khot_12f4595b0a646b7e.jpg,banh_khot,10,train,web,,12f4595b0a646b7e86f811939b21c292cb750adeed29e94322aef1a8e2416672,f703d1bfbdfbbe9bb609c1014001e801ec3dcc3fcc3fc61f860f1883fbc3f3fd,
images/banh_khot/banh_khot_5aafbab84de949e6.jpg,banh_khot,10,train,web,,5aafbab84de949e613ec1f609cc2dad6abb8378b4d4387fbdc12580069fd0ba0,0000000100000007004703e33fe3fff3fdfffffc6ffc3ffe7fff6ffc3f9dffd8,
images/banh_khot/banh_khot_bab21680c1ac880e.jpg,banh_khot,10,train,web,,bab21680c1ac880eafe2e264d9cb4ed55eafdb3083e86c82214007a3df34d07e,fffffffffffff027e7c70f7703f399fbcf3b4df0e08020001000080006000000,
images/banh_khot/banh_khot_d608d22bff0c7812.jpg,banh_khot,10,train,web,,d608d22bff0c7812bcae079241a5e42f3f1c2bb8fc32e29380d3fde6440973a6,07980318101f3c1f7e71f84fe2df806f183f41be011e013f013f807f01ff03ff,
images/banh_khot/banh_khot_c57003f9163406d1.jpg,banh_khot,10,train,web,,c57003f9163406d171233efe442f9397dcf97a7e1eab088c7d2e7d4fff2d9480,0000000020407c40ec40c1fc987e3e777ee77e7f3e7f7e7d3e7f3c3e081c0000,
images/banh_khot/banh_khot_9d78a6e53f465db6.jpg,banh_khot,10,train,web,,9d78a6e53f465db6a11026774734f1bacefbe6111be2d81ed3a5ef0505e3844c,01c300e301c30fc31063e023c01fc01fe01fe01fc4bfe03ff03fd85fe31fe03f,
images/banh_khot/banh_khot_8215c37f971ac4e7.jpg,banh_khot,10,train,web,,8215c37f971ac4e7ab3c7b91bb70aa08a08a2ffd9abdf9eb75d1cae74a7542cd,0007004008f00ef61ecf48ef73e7fbef701f4f9f1fd81fcc37c23f801f000000,
images/banh_khot/banh_khot_4fbd18efb3257876.jpg,banh_khot,10,train,web,,4fbd18efb3257876e24d838f43a39083fb0468a730b32d92d435f70e742ff84b,fffffcfff9ff33ffe6dfeedfcbcc91863e737e497e007e00be10dc78c810e018,
images/banh_khot/banh_khot_877317fc1e56f148.jpg,banh_khot,10,train,web,,877317fc1e56f14842fb2ebbe409730f65ac5166a4a58f6a9187be69a39cd46d,1ce82dec0d8e7c1e6109078719377dc5c103e837f9b7e46786664e666ee67ecc,
images/banh_khot/banh_khot_37991be7272277d4.jpg,banh_khot,10,train,web,,37991be7272277d40a755a6500ba572be7f4b9eac31ae14855d94a3870226738,1fc01ffc1ffc1ffc1ffe0000b000f000f0033f16ffd0e840e9cd7ce1bfffffff,
images/banh_khot/banh_khot_cbac2852b75df3ba.jpg,banh_khot,10,train,web,,cbac2852b75df3ba1f0db67a2b85d8c35465053cdb49c23d493346c2dbab6565,6002c446d8e2fce3b913328b0e8f8fcd8e89809dd0f1cf3f0eb801173b823eea,
images/banh_khot/banh_khot_2183be70e1758754.jpg,banh_khot,10,train,web,,2183be70e17587541b00fe901f47a758aff3366578cdc9de3661490767a49ca4,f007f007e007d183c3e383e383c187e387f383e381c38103c003c083ed87f647,
images/banh_khot/banh_khot_006e7e58eaf96b7b.jpg,banh_khot,10,train,web,,006e7e58eaf96b7bf81e00c4024db01239a961528160c7c6f383117fc8c9d3fd,0238003f3c6f3e9ff0bfe06e987f413e011e013f803fc07f01ff03ff23bf0627,
images/banh_khot/banh_khot_019e720dd080be68.jpg,banh_khot,10,train,web,,019e720dd080be68767ccca279f8ad0a48284096b400282d780512c5fcc1e606,fff93ff83fbf3c1cfc18fe03fc03fe03f403f0c3d0e3c0c1e003e18148009820,
images/banh_khot/banh_khot_b4c716b789e54471.jpg,banh_khot,10,train,web,,b4c716b789e54471ab760a3f52e97ca20841e6582926c8068d23d3426d655f11,87801f303fc87f44c7868fb7ff93ff87df3fc3f741d3408a83beb7fc0fb00300,
images/banh_mi/banh_mi_9455e69e7b82ff58.jpg,banh_mi,11,train,web,,9455e69e7b82ff58c00a7a224dbede838a0af8c63c47ffc481108069b38f8595,ffffffffff7ffffff9a3df07100f000f001f000f000e0009000b000b00070007,
images/banh_mi/banh_mi_a8d8e7b834306d00.jpg,banh_mi,11,train,web,,a8d8e7b834306d0003bbd57b6bd970993605a30c4d6d934f10b3b32f9da31124,ffffff7fff7ffffff9a3df07180f000f001f001f000f0009000b000b40070007,
images/banh_mi/banh_mi_a6504ced7cd30df5.jpg,banh_mi,11,train,web,,a6504ced7cd30df5ebc18c54fa5043201577d3e168ce5c755a50e2db70785fd3,de00fa00fe00fe7cffdeffc79b81c300ee51fb7173f87358e338e3b0e3e0c1c0,
images/banh_mi/banh_mi_2ca1de08e1f6b1bd.jpg,banh_mi,11,train,web,,2ca1de08e1f6b1bd1de0597faef96237898db9e16c7ad37fac0e72972c107f46,07bc3ffc7bd9738b73837f11ff0ccdb4f0d8fc48fc80fe40fe10fe00fc00fd80,
images/banh_mi/banh_mi_49e8e2cb44257b71.jpg,banh_mi,11,train,web,,49e8e2cb44257b71e630956f83069ae8198de9de8d855ae88be81ddc88a8f93a,00000000fe1eff7fff7ffdfff9fff7fffdfff9effc7fbc7f013f013f10070000,
images/banh_mi/banh_mi_e436f7d03a667e4e.jpg,banh_mi,11,train,web,,e436f7d03a667e4e2aaf6d487c7359b9dd1ce461437015a9e022e4ff63623b94,ffffffffffffffffffffffffffff7ffd1ff000008001c001c003e007f007f807,
images/banh_mi/banh_mi_23410f6f0eadde39.jpg,banh_mi,11,train,web,,23410f6f0eadde39e6c7f8345f55ee43d88a77a4f27f573d2da7855695d6aae9,f87ff070e0f0c000dc00fcfdf1f1e041c0c0c0fce07e8e00ff80ffb8fe7ff0ff,
images/banh_mi/banh_mi_6fb736e321495211.jpg,banh_mi,11,train,web,,6fb736e3214952116366947810fb81bcfc193c835da4417b6759b5f927fa1fa6,000003e00ff00ff81ff81ffc1ffc1ffc1ffc1ffc1ffc1ff80ff807f003c00000,
images/banh_mi/banh_mi_0394201ab90380b6.jpg,banh_mi,11,train,web,,0394201ab90380b6d2d4d1cb4bf3fa24264a9178404eac64818fb7adcd3bc181,7df07fe07ff03ff421f077f07ff83e7830383f8c170c039c0f8c0f8e0f9c079c,
images/banh_mi/banh_mi_e026a2e26dc92ece.jpg,banh_mi,11,train,web,,e026a2e26dc92ecea43a12e081889e678ebb45655a46775613ecb28023af9467,7c0f2c870e881ff81ffc3ff41ff811fc11fcda7c9a7e9a3dd825000000000070,
images/banh_mi/banh_mi_8d589dde47cab33b.jpg,banh_mi,11,train,web,,8d589dde47cab33ba52dbed829772887a9b63e82c2940860bbbc1ca7f487a228,03f003f003f007f03ff03ff07ff87ffc7ffe7ffe7ffe7ffc3ffc0f780e700ee0,
images/banh_mi/banh_mi_ba458f99ca6e97fb.jpg,banh_mi,11,train,web,,ba458f99ca6e97fb1d1a380df28625e0170e150cae45086b9378a98346da211c,7fff7fff7ffe7f9eff87ff01ff01ff21fa23fa03f203730700070087418f610f,
images/banh_mi/banh_mi_88afc48dea431c2c.jpg,banh_mi,11,train,web,,88afc48dea431c2c0f21fa17507a93c797feb232bb0122fc45b80f4e082cfcb9,fffeffbeff3fff3fff9ffe1bf8dbf8fbf8f378136003002300430067400e8000,
images/banh_mi/banh_mi_383de776e08e9cf4.jpg,banh_mi,11,train,web,,383de776e08e9cf4847f0709b340871f9993d576a5ddadd4d6c0ff69eb01616e,ffbfff9fe7dfc7dfffcfffcffcc7fcc7d820c031e010e000f002f001f801f801,
images/banh_mi/banh_mi_2e155ceff44ed826.jpg,banh_mi,11,train,web,,2e155ceff44ed8269c2144266c27d3b2daed6a02432feb51e3fa0abd3b81d125,ffffffffffdfff9ff01ff00fe00ee05ec01ec01ec01cc23cc07ce0f8f3f8fff0,
images/banh_mi/banh_mi_375a87df42b15db8.jpg,banh_mi,11,train,web,,375a87df42b15db8a8f972e8257ca05628b7fca44f4f93c7442f7bf5eb40379f,7107318f019f01f801f801f883f806488720f1ecf3d2f7fafcfbf0f3f097b007,
images/banh_mi/banh_mi_33f5bb34b4b29fa7.jpg,banh_mi,11,train,web,,33f5bb34b4b29fa7e6457cad731f06dbe805841fe6444ca13d3aa8b2b202a8cc,3e007e00ff00ff80ff00fe38787c7e7e7e6e1e3e1e1e070c0780078007000700,
images/banh_mi/banh_mi_af6730c0bd408d93.jpg,banh_mi,11,train,web,,af6730c0bd408d930f254d4909d0c3abe7034486ba050c79a676400b6bcea95b,ffffffffffbffc1ff817f80bd003c007c027d001c001c001e001fc03fd87fe07,
images/banh_mi/banh_mi_f998145a39db5279.jpg,banh_mi,11,train,web,,f998145a39db527901906ee7186693a03cee96462b2cfb780c43ca43c30be578,803040000000c03bbb9ff99e79fffe7ffe7fff63ff63ff23ff01f20100008000,
images/banh_mi/banh_mi_ed2b50ff78ae7c32.jpg,banh_mi,11,train,web,,ed2b50ff78ae7c32030f0c2fdc942ad08726487265d4750f37af125d91b8a232,0898001e001e001e01ff0fff07fc0f7c0f7c2f9c379817fa1ffe1ffe1fef1f6f,
images/banh_mi/banh_mi_32452495fc425039.jpg,banh_mi,11,train,web,,32452495fc425039f70e9a933d1f8fa70f749859ff77f0085541ef16ff2e221a,ffff7e4007201fb03fb83fb83fb83fb87fbc7f1c7f1e7e1e7c1efc1eff382000,
images/banh_mi/banh_mi_56daca265e3b5c56.jpg,banh_mi,11,train,web,,56daca265e3b5c56b192f46d68cc8c132fbb5b9ed8070e0e1fea40952cb133bb,00ee806cc464e3eaffbffc1efd06f802f0026003210301078007c00fcfff8fff,
images/banh_mi/banh_mi_06023780ba5b1d22.jpg,banh_mi,11,train,web,,06023780ba5b1d2204bdbfcf9bdc9b84941e0588e2716cd7d6bb41b16ef83bb5,fd5fc91bcbd3863386f7067f0e6f1e7f3e3e3f5c39b838033013301300930093,
images/banh_mi/banh_mi_2eeb26e34f77cb97.jpg,banh_mi,11,train,web,,2eeb26e34f77cb97575ef551ccec605295af136dcb33cdb70a546e5f20884ffd,11fcd1fce8e6fdf7903218917b9dffbdff9cb79cf6bca63ce61ce70823080000,
images/banh_mi/banh_mi_97bfecc307ff8013.jpg,banh_mi,11,train,web,,97bfecc307ff80130b5ac003f0d331791f470215e73f9454534d2e8f100802ae,ffdfffd380e78077012787a38f230f238f338fb18fb08f30866084e0e0c3ffc1,
images/banh_mi/banh_mi_49f0f1e0f699af45.jpg,banh_mi,11,train,web,,49f0f1e0f699af4513adb13caf763b3a7b9e00b2adcfc219ef3686ea729cf76a,000301f103fc07fc6ff8ffe0ffe0fff0ffc0ffc0ff80ff06fe00fc60f9c09ffc,
images/banh_mi/banh_mi_9bda059f253a9fb0.jpg,banh_mi,11,train,web,,9bda059f253a9fb021aeaddefacd05bed961cfa026f5d223f83587b305f735b1,afc09fc0cfc1dfc11fc01fc01fc03fc03fe03fe03fe07fe0ffe0ffe0e7e3f7e3,
images/banh_mi/banh_mi_e47de4d5cb4b5d31.jpg,banh_mi,11,train,web,,e47de4d5cb4b5d31ccda10570dd01a3542bbfebd708e2c3040a37b57dcf8d6f9,e2007f383ff01f308008e2f87ff8fffffd8d240305f705cf209b46ffc7f7831f,
images/banh_mi/banh_mi_f9b632482e8b1fc3.jpg,banh_mi,11,train,web,,f9b632482e8b1fc333f6b7d659ae50c834700228f9dcba06ac134d9c44a08049,00ff001f90079803b0c031f0e182f882f003f007f00ff00ff00ffc0fff8fffcf,
images/banh_mi/banh_mi_99aea1eed3911b28.jpg,banh_mi,11,train,web,,99aea1eed3911b28de73edc556a1a8292764d7838fb4905b4f23623d1d99034d,f881f18061e001e001fc01fc06ce0fdc8e7886b8c4fcc3fcc3ece378e030f003,
images/banh_mi/banh_mi_159370801ae4e555.jpg,banh_mi,11,train,web,,159370801ae4e555e34f89b51ca9d5626ddf7713c1853a652fd15d6519eae03b,f8fff07ff37fe7e9d6c4f2e6b8eec839c037c0dfc7bfce7ff8ffe3f8e3fffbbe,
images/banh_mi/banh_mi_f7a087d00e961148.jpg,banh_mi,11,train,web,,f7a087d00e9611481a9d27fd66bfc2e611c1fd7059ef976af8ea0784a87db6d8,078013803b1c39bc38be79fe3bfe33fe13e019e03de01ec81e1c1e3c1e7c1c7c,
images/banh_mi/banh_mi_ae7255a703281ecb.jpg,banh_mi,11,train,web,,ae7255a703281ecb1d7d2a2f86be82211279df530c2d2162590f4fdb6419de34,07fc0c4c08c71386f21a313b33b32723261f20068c06ce0ccfb8c5f0edb86bf2,
images/banh_mi/banh_mi_bb12b6181cfd1e69.jpg,banh_mi,11,train,web,,bb12b6181cfd1e692d45282475d44f7b6cf09ea1332520280caaed3d4c399b52,1c0034e071f071f873b007e407fc0ffc3fec1fe81ff8ffc8ffc0ffd0ffb0fff0,
images/banh_mi/banh_mi_f5f9892fc7871cb0.jpg,banh_mi,11,train,web,,f5f9892fc7871cb0627515e7c8413842e87f7dc8e3584955b5a5cc1f2371c947,01ef07fe0fb61f033f0cfdfdfde0f4f8e400e00864077e037f01e602e308e1e1,
images/banh_mi/banh_mi_3f2cc559df41b71f.jpg,banh_mi,11,train,web,,3f2cc559df41b71fc167f30a90be6988625d32693501d3768b8b49567960a472,8000f800ffe0ffe0fff0f9f01c300f900fe00ff007f007e007e0c7e0c7e0cfe0,
images/banh_mi/banh_mi_c93c419938ac19ae.jpg,banh_mi,11,train,web,,c93c419938ac19ae7eb11606b7bb3d21f537eb7dbba05d58389ebc96dd633c8f,0000000078007e003e003f001fc00ff027f4237c3ffc7ff83ff83ff80ff00100,
images/banh_mi/banh_mi_6c7db7edb6e0ea16.jpg,banh_mi,11,train,web,,6c7db7edb6e0ea161539eb11738aae35fc29d86f4251667fd5084da6c6ab7b7e,0033003b03fb03ffc7fe877e070e0303130312037e07fe07fe07fe07ff07ffc3,
images/banh_mi/banh_mi_bb50b32a5d5bf3ce.jpg,banh_mi,11,train,web,,bb50b32a5d5bf3ce971fc8f34fbd9a4108017432dac73cece3a363c047a51830,00000038007c03ff0fff0fff1fff3ffc3ffc3ffc3ffe3ffe1ffc0ff803c00040,
images/banh_mi/banh_mi_e9c1bfe58964e5c2.jpg,banh_mi,11,train,web,,e9c1bfe58964e5c2d4061e85ced3ff4ce7ab044650c1e005e0770095dc118567,f81f78193c711ff827f821f9301f380f790f70cf607f40fe63ff62ef67ff63ff,
images/banh_mi/banh_mi_4e8b0df4d64110fb.jpg,banh_mi,11,train,web,,4e8b0df4d64110fb61304111c8b63b4fffa939ba25eee97a31039b576d9ca4d7,038007e00fe00ff3fff7fc7f1c7f1bff1ffc1ffc3ffe3ffa4fee418e70003000,
images/banh_mi/banh_mi_7aeba7dc953dce89.jpg,banh_mi,11,train,web,,7aeba7dc953dce8950b643452241a2ae522dad5d247612ea66b3facc2c90dd0b,000000000ffc7ffffffffbfffffffffffe7fffbfffc7ffcf7fc73ff308980000,
images/banh_mi/banh_mi_a3aebeb6dd57a006.jpg,banh_mi,11,train,web,,a3aebeb6dd57a006710e612a0e78b3c2e0b6981ad606310b6150cdbd9800793c,301e7807f807f003f003e00fc00fe00fe00ff81fe113e013f01ffc9f7ffe3ffe,
images/banh_mi/banh_mi_3700816d81cc5b48.jpg,banh_mi,11,train,web,,3700816d81cc5b4840baac8345f17d242e2d492688a790a3373d82f89e16bb3c,7efffe7ffe7f7e0f7f077f035e139e031e031e071e0f1f0f1f0f1f0f1e1e1c1e,
images/banh_mi/banh_mi_c6f51931c86ae8f0.jpg,banh_mi,11,train,web,,c6f51931c86ae8f00d90dec0f2a780e5b253db0d1044e260d8f4a8d6c93c4487,3f0125012103008304c37ec177c077e827ec27dc07dce3dcf3dcfbdfffdf7fdf,
images/banh_mi/banh_mi_0bfcb67a30ed0c7a.jpg,banh_mi,11,train,web,,0bfcb67a30ed0c7a6d3edc7a6f6d08d3be30c2871a3729cfc6a190f309fb6286,e7c6878083c3cfe6efe0c40081c3e7e7e627e000000103f70ff78fe78fc00780,
images/banh_mi/banh_mi_f718ac6fe1669ce6.jpg,banh_mi,11,train,web,,f718ac6fe1669ce61ba11ec98d0f5e8e37cde939c48762fd1fd5e9400f0bb357,0fe01ff01ff03ff83fe86fec7e0c7f0c680c77d07f9c7ffc37d83ff83ff80fc8,
images/banh_mi/banh_mi_5048d1e25a2bc68c.jpg,banh_mi,11,train,web,,5048d1e25a2bc68c9221ffe14822c55bd2f9a8d751dc6255036a0fbd8f82f897,0fd80ff81ff81f783e383e3c3e3c7c781a5033cc3ff83ff81f780fb007f003c0,
images/banh_mi/banh_mi_22f641146f6c1eee.jpg,banh_mi,11,train,web,,22f641146f6c1eee7f0f6636e72d8f5e5d882d92354ee0e14fd9dc63471f9b79,c007c406f4007d086fe4eee4ffe6ffee7fee5e741a743b743b743b781f781ef0,
images/banh_mi/banh_mi_932b7ed2b61f6f2d.jpg,banh_mi,11,train,web,,932b7ed2b61f6f2dacc148b778fb11a6a046ae647c247e392bf79579884c777f,42fc00bc029c02fc03fe03fe03fe07fc0efc0ff81efc1e3c1fbc1ffc0f7c0f7c,
images/banh_mi/banh_mi_fdfcfecb558a543b.jpg,banh_mi,11,train,web,,fdfcfecb558a543b6f169438b0d45df083f7fb3c74bd536d75e0e4253f1aa26f,cfec98c498fe24be2093f223fe63f473f6137b52737a3e323e303e10da58c860,
images/banh_mi/banh_mi_9f1c2059521a7f9e.jpg,banh_mi,11,train,web,,9f1c2059521a7f9e595946b2779a75b06e5226bb83f32f8f18932f9e445e6ffd,05df00df008301810001000b00433876fbfef7fff7dff7dff1cbf073ee7fffff,
images/banh_mi/banh_mi_a39f8852835c1833.jpg,banh_mi,11,train,web,,a39f8852835c1833d5ea272cae5557377791ae599f84526d3adc07d86faaa9e2,1b3f21df382f72277207e007e007e007e003e08be087c407c007e00fe00ff01e,
images/banh_mi/banh_mi_64516a3706a0810b.jpg,banh_mi,11,train,web,,64516a3706a0810b07f2c7634d286c90077f9d70f32bb28d8090b0789c1a1563,fce3fcff1cff08ff007f0043020e040600068c06fe02fe1efc1fffefffbfff3f,
images/banh_mi/banh_mi_e4af4ff25b924e9d.jpg,banh_mi,11,train,web,,e4af4ff25b924e9dfdf8d79f77f80d977c80eb9910d1c5e8999fe6ca56d9e74d,00070007010703f30fd11f981e983c783c742ce609ce03de073e6f7f3eff04ff,
images/banh_mi/banh_mi_c4fabc9d01a4115f.jpg,banh_mi,11,train,web,,c4fabc9d01a4115f12fbef619b4021f164a3a180a6a272263ecce1b0d4d48b6a,fff7fcf1fcf3e4fee3fce07c603e042300031800be00ffecf38c8017801f001b,
images/banh_mi/banh_mi_7b0f52398d0e517c.jpg,banh_mi,11,train,web,,7b0f52398d0e517c3567368a81a869c421798e19f242c165e5db847f02603a6f,0000000000000fe01ff8043c040e7c06fd83ffe1ffe1ffc37e073fc71fff0fff,
images/banh_mi/banh_mi_5e7efb4704605c56.jpg,banh_mi,11,train,web,,5e7efb4704605c56081c5033cdf92f684619d13900126ab288ed1e12397b5273,ffcfffe7fffffbff71f77eefff8eca0ee00ef006ef86e006f006fe86f006f006,
images/banh_mi/banh_mi_4e2a848c8da7df18.jpg,banh_mi,11,train,web,,4e2a848c8da7df1864936259ad35aa1362822aa334729893f205df9b08d27662,01f803fe07ff07ff0def0f470763222370037419f03170716cc3c70fe03e307e,
images/banh_mi/banh_mi_947c752517902080.jpg,banh_mi,11,train,web,,947c752517902080d1ff8f181c279b891f10c7663a3cd9c54d2125472b166bb8,dffffffffff9ff19e70fe71fff1fff19fe19b819891d801d801f84038c07fc07,
images/banh_mi/banh_mi_87090e64192581e2.jpg,banh_mi,11,train,web,,87090e64192581e22b161e11ff02d315ebf4617981f557f9917fc07e6b0d24ad,c1e0c020e0e0f0e079c07fe0fff0fd30e0f0e0f0e558c2188818f8f8fff87ff0,
images/banh_mi/banh_mi_bbe5b8b0ef9f4f29.jpg,banh_mi,11,train,web,,bbe5b8b0ef9f4f29cde784dd7ab026b9aca6b8f0f1198ca26c8dc2a012a221c3,000000000000000000000f001fc07fe07ff87ff8fffcfffcfffcfffcfffefffe,
images/banh_mi/banh_mi_ae3f0741573af419.jpg,banh_mi,11,train,web,,ae3f0741573af41918ac1e09eb28a136ecc18720bd8641ef945f3c19fc862fec,e136f412e41bf5137d336bbf32ce1acc1ace32ce324e624c664e446e8022f487,
images/banh_mi/banh_mi_cc4ca83a1af48b3a.jpg,banh_mi,11,train,web,,cc4ca83a1af48b3a8e874554a25cc8f23b1d9c0889eba4c145c8d8298fe598bc,ffbffc0ff007f003ee01ec01c800cc00c800c008c008c000c200e301f003f003,
images/banh_mi/banh_mi_01c8ad1eb725b924.jpg,banh_mi,11,train,web,,01c8ad1eb725b924f7c3ea1f5320cf50ab451fa63f78aa0251f0ffbae2e512b4,0fc09fc0bfc1ffc0ff80ff87ff18ff30fe40fc849d83b927807f01ff01ff01ff,
images/banh_tet/banh_tet_cf7334d4ed4d1ef4.jpg,banh_tet,12,train,web,,cf7334d4ed4d1ef40fa7f0c4a943d960432ec076470e977968fa049f81bcd40e,ff10fc38f0f083c08f039e07101f001f01ec4ff0dff0efb3f00fb81f9ffc8180,
images/banh_tet/banh_tet_b6d4132d1135fff9.jpg,banh_tet,12,train,web,,b6d4132d1135fff9737c0d01faaa1add886c98a1261f4fcd7c6298fc82f22048,323f7f307d007f38323c01f101e143e1c3e1e6c1c0e97f20fff7f1ff0127ff87,
images/banh_tet/banh_tet_6e5d441373b3b1c1.jpg,banh_tet,12,train,web,,6e5d441373b3b1c1086d179eb1df4a491388f10a7c61ea3c30357385e826255e,0004001e3e0c3f10bf007f03771f7399f399f381ffb3bf3f3d3f1f270062c0e3,
images/banh_tet/banh_tet_87bd502b06350530.jpg,banh_tet,12,train,web,,87bd502b06350530ce529b9e5d82d03eba56d055a467bd82c8fa076d5e09a656,8c8319c119c1f180e0c0e6e00ce0ede0fde0dce0dc001e007f207e00fe00ff80,
images/banh_tet/banh_tet_91d2b217b1635b36.jpg,banh_tet,12,train,web,,91d2b217b1635b36393c6273c16db2ed72b06d748bea6e0b49264e120ed14ca4,e06fe00fe04fe07fc06fc07f807f007d003d807d803d8f018f81c0c1c0c3c0c3,
images/banh_tet/banh_tet_b00dff48b84b80cf.jpg,banh_tet,12,train,web,,b00dff48b84b80cf6024785fb9963b7b2dc7cb5822485bd6678f415a50faedbe,1f8f1f8f1f8f1f8f0f8f0f8f070f000f1c0f7e0f7f0f7f0f7f0f7f077f077f04,
images/banh_tet/banh_tet_b9144ad2f64efe0e.jpg,banh_tet,12,train,web,,b9144ad2f64efe0e56d8befedaa9491de6bd2df533ea3ba546bda56d48d217e1,ff9cbf8e7f0eff3edf3f5fffdff35fe73f4f3f66052c613c011c000c8184f7e8,
images/banh_tet/banh_tet_eabc8a0c9a2efb38.jpg,banh_tet,12,train,web,,eabc8a0c9a2efb3876c6de9ae5565ba2a0430c16a7aca576203006e46fe30e89,f900e000c0004000c000c000dff8fefffdcfffdfffcfe147e077e87f80ffc1fe,
images/banh_tet/banh_tet_c1d8ca5a42b2dde4.jpg,banh_tet,12,train,web,,c1d8ca5a42b2dde42a2948bb19e3b852ec0d7cfa4248c68e036c77c9865e5945,e000ee00df803ff13fff1fff0fff0fff07fe03be01fc00000000000000000000,
images/banh_tet/banh_tet_fdd722c43d7973fb.jpg,banh_tet,12,train,web,,fdd722c43d7973fb1131a01f73268954fb06604e2988da691cc8f37018084efb,b5e0bde098cea01ee19ef39eb3def3dee3c0e3c08080b8007c006c607ce07df0,
images/banh_tet/banh_tet_78a5c4ad1dedff45.jpg,banh_tet,12,train,web,,78a5c4ad1dedff451310628f5cde691890f75db9f410d1d01a9ca3bacdafd5c1,d6ffd6bfe497809b009b1f921fd039903ba03fa073b0f624ff640f440645f000,
images/banh_tet/banh_tet_16a6e346555cc25d.jpg,banh_tet,12,train,web,,16a6e346555cc25d2dfe35a4f4a78bd6661b291069a25124d2656ef8927aa01a,900c4004cf02ce739e711a301f185f987f3c7f3e5fbc7fd807c807cac309e200,
images/banh_tet/banh_tet_626bd1189550ab5c.jpg,banh_tet,12,train,web,,626bd1189550ab5c6ab47012e1b9a0dea2027f666207e2cb53f256eba376ae10,0833003101314038c138e07cc03ec03ec03fc0ffc0fcdcfeb4feb4ff3c7f3c7f,
images/banh_tet/banh_tet_4778651341d544cc.jpg,banh_tet,12,train,web,,4778651341d544cc1fd8a340393bd90f3c0d62212d7ee9854b66b04ff1327313,07e00ff01ff81ffc3bfc3fde7ffe399c0c007c323f7e3ffc0fb8078003c00000,
images/banh_tet/banh_tet_717829d2b1cacead.jpg,banh_tet,12,train,web,,717829d2b1cacead8c282f55921ad90f87b7c1eb23de690f26bd145b9755a96a,e26360030006c6004f000fc41fc71fe73fef3f6f323f187f1c7e007e803f9e1f,
images/banh_tet/banh_tet_f55fa3b4c4c16414.jpg,banh_tet,12,train,web,,f55fa3b4c4c16414b0a059f74f4118639f700cd0f0dcd9167f89f1fbd47bb81f,fffff8fff8ffebfffb7fe0ff1e7f007f07ff007f027b06790039077917780010,
images/banh_tet/banh_tet_6946a8f88de182a9.jpg,banh_tet,12,train,web,,6946a8f88de182a90b0634bfc9fbcb13a2af695b010a4f5a185068e14644090f,31ff3fff3fff7fff3f610f703f3e0e3e2c0e240022c023f321f200fc00f00000,
images/banh_tet/banh_tet_de2561e54db74798.jpg,banh_tet,12,train,web,,de2561e54db74798278331ed0e8412da9fc27705b934867d7ed3bc4cfdf2c77e,00481806f802f00007e00ff03ffc3ffc63e677fa7ffe319c03c02d003c3d1e7b,
images/banh_tet/banh_tet_90c3e50017cb5d72.jpg,banh_tet,12,train,web,,90c3e50017cb5d728cd662d2581eedef93d2d9d0f7db510273df4660f70e73d5,ffffff2fff07fe07f007c207e903b50798038807b4099801cc07e402f000fc0f,
images/banh_tet/banh_tet_479cec5d5d096b44.jpg,banh_tet,12,train,web,,479cec5d5d096b44dd153d7477b981aaadb3b5ef544890ecaac98b76196dab9c,3c7c7e783cfe00ff01ff07f7ffe59fc51fa40f6406a403c701c700c221e300e3,
images/banh_tet/banh_tet_66ff782b8ba23a6c.jpg,banh_tet,12,train,web,,66ff782b8ba23a6cb235b01a2564719e1702ecd3b0671322f3883d41f8a9d026,0f9f1ffe0bfb1d910e6607fe37fe3be63bf8b3fe0ffe0ed88ce001e001e000c1,
images/banh_tet/banh_tet_122fbfc03e2e25ad.jpg,banh_tet,12,train,web,,122fbfc03e2e25ad1cd392cfe0c0c59f4d1452cf603e6b46120a7c30d021a7a3,ff7fb77fad2f2f1f2557f5518401848f81cb81e381e372c3e107c007000e005c,
images/banh_tet/banh_tet_e53b137239183f22.jpg,banh_tet,12,train,web,,e53b137239183f22778d150c89b0c8ab9ba622158b2ab3ab9f48f1ca2a7f819a,000070182018707003f80ff40fe013e00ff80ff83ff00ff000e0000000000000,
images/banh_tet/banh_tet_d0baad0189d4292a.jpg,banh_tet,12,train,web,,d0baad0189d4292aab6c546a4956aa520d80964fea2ed3ad63bff50ce51131be,03c80f981f043fc47fc6ff873c03fc00fe00ffc0fff07ff803fc007cc00cf800,
images/banh_tet/banh_tet_fc42c56f8d66aa44.jpg,banh_tet,12,train,web,,fc42c56f8d66aa4408428e4c5d6e10b3ddf789b50c11660e8bba44ae98a2323f,f9ffea5fea47c00bc00bc7d887d88cd09d909fc0b9903b30bfa403a08300f800,
images/banh_tet/banh_tet_eb07ac2cf11bf4bb.jpg,banh_tet,12,train,web,,eb07ac2cf11bf4bbb816e3e6b793d649d9973ef2f22b4ac25fadd38f707e7b06,000e46004e006e007e00ae006e007f8076c07de078fecc77cfffcffd7fec7fc6,
images/banh_tet/banh_tet_cc9b84ce2aaf70ea.jpg,banh_tet,12,train,web,,cc9b84ce2aaf70ea473aae52505465ae35dc470d6c2ad2e22db9423af5e32dcc,003e0030003a001e000e03fe07fe0fff5fdf3edf3e7c3ff43b73337333b3b312,
images/banh_tet/banh_tet_0edd24f6cabfc42b.jpg,banh_tet,12,train,web,,0edd24f6cabfc42bb5435d1c9e45cc090d56085045d9baed22c6b7b5aa61947a,ffffff1ffe0ffc07fc07fc07f003d801fc00ff5edffef7bff2183bfd3ffc3ffc,
images/banh_tet/banh_tet_4407a4dcff9d2061.jpg,banh_tet,12,train,web,,4407a4dcff9d2061dd14de3926d5cd30b77e2eb93d4191eeb5a73db991d0367c,00f40175007750f350ff007f6078607c605862526397078711af3ff7fff977ff,
images/banh_tet/banh_tet_227390e163e8b4f5.jpg,banh_tet,12,train,web,,227390e163e8b4f51ab97251bdebe6a5668d0f9857ae013dffabe1b884ae31fe,f04f000f038f03ef2fef3fff7ff77ff77fbb773938793ef01ff08fe0c380e000,
images/banh_tet/banh_tet_8d704bf6152bfb97.jpg,banh_tet,12,train,web,,8d704bf6152bfb972937d1003929e40df15c5c0bf1daf6c061b41c25c901b286,01800980098801dc01fc1ffc3ff83ff03be03ff83ff83ff81efc7cf0ebe0e1e0,
images/banh_tet/banh_tet_64051bf9d4faa544.jpg,banh_tet,12,train,web,,64051bf9d4faa544d85999e674a1ac61a8a5a836dbdb62d0a23bff18543fa034,077f37ff007f009f017f0470085818fc14fc26fc26bc46bc86bc06bc06b40680,
images/banh_tet/banh_tet_4f3d008efe9c5b74.jpg,banh_tet,12,train,web,,4f3d008efe9c5b746bdb98c57132ff8dd9bccd2b4e06f70f56ec6155738ddd9a,0c7f047f4077ee67fef6fff04e66007c00cc38fe986f81f03bf239f3007300b3,
images/banh_tet/banh_tet_3c02c71a2c688ac7.jpg,banh_tet,12,train,web,,3c02c71a2c688ac7f8e30ae7e5e9229462dd4e79939e8fc3d7d73dd1d4a5a8b2,37b337bb3fc31f809ffdffddee49e448e430cf01df80df801f80cf00cf008c00,
images/banh_tet/banh_tet_09233c5138eac718.jpg,banh_tet,12,train,web,,09233c5138eac71856bb399083cc857988af02fced51e0057199e36ab68affa7,ffffff7ef014800480409e40ee44f440f740f606c16fc1ed37eeb766f100cf91,
images/banh_tet/banh_tet_162629c4b7a34875.jpg,banh_tet,12,train,web,,162629c4b7a34875ec4324a23fa6bc80d4a898294152e05d5d6f64a1967b2617,fffcfe7cfe7cfc7cd8fc303c600c400c0c78058e802e826ed37ffa1bfdf767c7,
images/banh_tet/banh_tet_176b47d0d6c6b437.jpg,banh_tet,12,train,web,,176b47d0d6c6b4378fa6fd011d26740b3d14fc197924cea11a22f0fcdb7292b3,2c38e6f0e3e08380ffe07bf07478f43cf13ce06ee6c6e787e003e003c07f807f,
images/banh_tet/banh_tet_2ca6342e9fd72c24.jpg,banh_tet,12,train,web,,2ca6342e9fd72c248be2ba19929d952a976654dab26bc8f566d5665f315723b8,247f6431440144328fbe4ffe4dae0da5c1f0c1f00bf98bffda079a0f9b63d003,
images/banh_tet/banh_tet_22d49bf9f424eac3.jpg,banh_tet,12,train,web,,22d49bf9f424eac37c1b638bd18b055aca064d7628a01615530fa561e268f786,bb80ff807e007c043f007f807e60fe225fe15fe1ffe07fe078e000a104a00000,
images/banh_tet/banh_tet_93f17665324f556e.jpg,banh_tet,12,train,web,,93f17665324f556e5f5008f7c2ce687b45d000f3adfbcb349835d79028e31a6e,e078c07cc07e807e80fe82fe83dec31ec63ee3ffff17f925fffffdfe7ffc7d98,
images/banh_tet/banh_tet_f65d3d20a40baa7f.jpg,banh_tet,12,train,web,,f65d3d20a40baa7fddc6c7c747a6fbd9cfc510b72068da5b76d2d3587b25b88c,e006c3bfc7fac7fac03e0016c802fcc0fee07fe03fe19fe3dde6309c0ff00000,
images/banh_tet/banh_tet_86063d3369613791.jpg,banh_tet,12,train,web,,86063d33696137912d5c03fcf14e487ef53c0e1b6d5812a0b7665f5871c98276,ff10fc78f0f0c380c7079e0f901f801f81e887f0eff1efa3f00f9c1ecff8c181,
images/banh_tet/banh_tet_272fbcbec16dc12f.jpg,banh_tet,12,train,web,,272fbcbec16dc12fde4ec0a196a62e3a61bf7933949d9baf34133d7c94820ecc,fc07fe07fc03ff80ff10ffd0fff0f8f0f803f800f400fa00fe00fd0160007c01,
images/banh_tet/banh_tet_9787b2c304f68db6.jpg,banh_tet,12,train,web,,9787b2c304f68db6ad76cf685368a56321e32f16e086b9c72ed102783452c300,e001c001c0018001a01161880fc40fe01ff01ff03ff93ff93ff8fff8fff8dff8,
images/banh_tet/banh_tet_56209b93093a7d5f.jpg,banh_tet,12,train,web,,56209b93093a7d5f99a41708f18eddcea558f257e3d792e4b71eecf9a6b5b7ba,c4c308033303700e6e0f0e0f4bcf6fdf263cc664ee07ffc17fc316fb000201c0,
images/banh_tet/banh_tet_bbb94ee63b38e5c4.jpg,banh_tet,12,train,web,,bbb94ee63b38e5c4f569d8ad6fa0a06972b91f8901c9e762a1ef548a8567f3bc,01fb00ffe0bff319fb86eee6e7f38031003e007f00f700ff107d007f603f3007,
images/banh_tet/banh_tet_09b3742b82e7ad0e.jpg,banh_tet,12,train,web,,09b3742b82e7ad0e4a7824a6757fcb8697d4d3a2f8e515d647335a9339363848,c18707871f837f817f817a61307120f801c000f807f407cc06e80670027000f0,
images/banh_tet/banh_tet_7b89fb951a9879ed.jpg,banh_tet,12,train,web,,7b89fb951a9879edec550792bf7bab1380bdac279d2d48655456b1a123b29659,1fd83ffc7fde7f84ffc6f7e6ffe3ffe1cfa09f20a704f200f90af01e405c0008,
images/banh_tet/banh_tet_bc94fbf806cb8589.jpg,banh_tet,12,train,web,,bc94fbf806cb8589252545e6dedf32a9c696e6916f01f883078bac56d5db03f2,001000102780e0000e00080ff81fff9ff7eff3f738f17f8003c103c000000000,
images/banh_tet/banh_tet_069b07214ca6d475.jpg,banh_tet,12,train,web,,069b07214ca6d47557378521a3385c717070c78e5857dcb53963022b8003144d,c00fc01f80078587cd8b9179bc793c797c7d7e7d7c317d030e070107818fc7ef,
images/banh_tet/banh_tet_3300cb6b45f3bceb.jpg,banh_tet,12,train,web,,3300cb6b45f3bceb761123a3ea81598a20ec2c7976c18ac23e43f0f4604cc81e,0a3f0b3f4fffe3fbebf7cfff0fff1fff1fff1b4b1b633930081b18000003000f,
images/banh_tet/banh_tet_ba111d11e3b8fcc1.jpg,banh_tet,12,train,web,,ba111d11e3b8fcc13fbeefb961c92325d6a213759c16b9f3af876a9cfadd1d95,ffffe3ffc1ff81ff80c7c003c003900190019807c003e681fe59ff1fff3fffff,
images/banh_tet/banh_tet_7a51d27b06209b09.jpg,banh_tet,12,train,web,,7a51d27b06209b095466bdc2ec0cee29ca1be8e32955876bb55a1fa44f1741c8,ffdfffcfff07f80ff80ff003e009f009b0098081802184238ce78807cf0f7fff,
images/banh_tet/banh_tet_f542e630e0477b9a.jpg,banh_tet,12,train,web,,f542e630e0477b9a3eee9c2d8366aab3225bc1d471d503c8ca01f834eebbb363,384872ccf36ef7eeffcfbbc3c1199e392f7c6f783ff83ff9bff99ef98071c183,
images/banh_tet/banh_tet_e05161557caf2e8f.jpg,banh_tet,12,train,web,,e05161557caf2e8f4bceadf35477c422337fa4db0848645b8d1676a512ebc6ba,f880f091f040604d80cd89cc99c4d8077c07fe07fe07ff01ff38d078f060e660,
images/banh_tet/banh_tet_d38bf9856e11ec21.jpg,banh_tet,12,train,web,,d38bf9856e11ec21cacf39d29611dfeb5247ad5499bfbf5ce963f464775918e1,fffeff3efe3eec3f987e301f600640070636068600178135db3dfb0dfdfd63e3,
images/banh_tet/banh_tet_25b8273466f7d9ad.jpg,banh_tet,12,train,web,,25b8273466f7d9ad02ec8daed0210b084ed6bb6421d690187e6f318478bc04d4,3fff37ffe3fe61fe4fffcffc9ffc0fe20ec003f807f007e003a0013000000000,
images/banh_tet/banh_tet_475c4f2a34cbb045.jpg,banh_tet,12,train,web,,475c4f2a34cbb045898c9f6d4493d3ede15499b5e962354c8df74d05014742c2,c427ce239fb39f9b99d993d913c913c993c999d998198c118773c3c3e007e00f,
images/banh_tet/banh_tet_d7c4248d683fb25a.jpg,banh_tet,12,train,web,,d7c4248d683fb25a100ce4ed3cc4e54896eb6521bec3d931b283ebd2f6abea91,00f8018e018f018f01ffc1ff53ffd37c8378078e1f8b1fdf0f3f0c1f441fc41f,
images/banh_tet/banh_tet_8003d0a2c9bb2208.jpg,banh_tet,12,train,web,,8003d0a2c9bb220868a0e7a6c897a763d429223f9f6c62799b6263ef86cb2d77,73fffc7ffe60ff70ff3fffffffffff5ffb6ffe600f40070000010001002000ff,
images/banh_tet/banh_tet_3ccf00b0f5d13f72.jpg,banh_tet,12,train,web,,3ccf00b0f5d13f723fa9f795186b840148465e545d9bb4b4c8044222132e77fe,000100040634088c044c07fc03f01bf31bc61b409b73d84fd81fd03f807f813c,
images/banh_tet/banh_tet_dd83fa8092ce4a68.jpg,banh_tet,12,train,web,,dd83fa8092ce4a6876133316ac2485f5932c07795cceaad588b0f4751a74654b,fffff71fecdfec1fe74fef8d279d23bd2119004100e100c7c00f381f1c3f067f,
images/banh_tet/banh_tet_a7d180ff314181d6.jpg,banh_tet,12,train,web,,a7d180ff314181d690c6312c36ed263590c60a367965cc84d4a6b2e1be657c62,ff40fe01fe0218003010f00ef00f903f803e60fe70f47df031f0b1f1e1f3f0e6,
images/banh_tet/banh_tet_a8e5167599957459.jpg,banh_tet,12,train,web,,a8e51675999574599e58b059864b94c671a0de759801540e4cca5b09f525f6f1,e006e3c6e7e6effeeffbfffb7fff0fb80c38043007f00fe013f67096700c398c,
images/banh_tet/banh_tet_cc9bbcf0bcbe46cd.jpg,banh_tet,12,train,web,,cc9bbcf0bcbe46cdfc5593a56ec65e7d81657e530c368f82843d7c4581db6ed7,4e1f6e1f6f0f0f010e074007f0f351fb49b701f7103700e700061c043c043e0c,
images/banh_tet/banh_tet_e35569c8a7216b83.jpg,banh_tet,12,train,web,,e35569c8a7216b837862e74afabb784ada57aea67f11e6612d86311dac636aa3,04ff047f207fe6cffeecffe02ec900f8009818f8d8dcc1e2bbe539e6006780e7,
images/banh_tet/banh_tet_d5ed796b9f4c32e3.jpg,banh_tet,12,train,web,,d5ed796b9f4c32e3d89695aba9f6d65e6c1fcbdabd3b7729b7766ce86da73d2f,0000000007f833fc779e7c1ef41ffcfff9fff8fffc6ff00ff00ffb1e3ffc07e0,
images/banh_tet/banh_tet_3e0633100bb537c9.jpg,banh_tet,12,train,web,,3e0633100bb537c9d59066847784ee80e96583685ac200612770e1c975f56401,3310c6308c2000010001017a0ffb7fff7ffffffffffffffffe1f600701870783,
images/banh_uot/banh_uot_6c973156e402f19d.jpg,banh_uot,13,train,web,,6c973156e402f19d1bcce12cad7dbcea426d15ab5045b9874f7e40b4621ea979,ffffffffff7ffe77fdf49e37fc16f8107c111c1f1c1f1c3f1e3f000f081f000f,
images/banh_uot/banh_uot_f7c30af9a3c133ed.jpg,banh_uot,13,train,web,,f7c30af9a3c133ed47a544d7e3ccb093a00dd6c47913db3553af9c0c7fb11168,ffffffffff7ffe77fdf69e37fc16f8107c311c1f1c1f1c3f1e3f000f081f000f,
images/banh_uot/banh_uot_3cbff8b17d589004.jpg,banh_uot,13,train,web,,3cbff8b17d5890043973215b0f75d0c331e0c00d4bc0d51ecd3daa25b9563563,fc3fe05f003f800fc7817ffbfffbbdf93fd83ff83b383c781ff8000200060002,
images/banh_uot/banh_uot_f3f90fb1eee348d2.jpg,banh_uot,13,train,web,,f3f90fb1eee348d2eeaf9ac58a107732d839e8f33d3c849c80e8d3d56bd5fabf,fc3fe05f003f800fc7817ffbfffbbdf93fd83bf83b383c781ff8000200060002,
images/banh_uot/banh_uot_ee17ea7fdde46538.jpg,banh_uot,13,train,web,,ee17ea7fdde46538c76078d4afa2d3d3a5f6ba7283140d4b783ed581b59e8958,081fb00170000c3f303f3c9f0c1f7cfff5ded41e7c162c02c6bfffffffff77df,
images/banh_uot/banh_uot_f8df0dbe9d71ae6d.jpg,banh_uot,13,train,web,,f8df0dbe9d71ae6df18e7be906fd0276293bc923d7327f8bd882327625344301,881fb00130001c3f143f3c9f0c1f7cfff5de741e7c162c02e6bfffffffff77df,
images/banh_uot/banh_uot_9a74d9e2978f9963.jpg,banh_uot,13,train,web,,9a74d9e2978f9963c7a45bb58f98bd58ec34e620bcd069b29df9f0459e38867d,3fe03fc0000f000f9b8f3ec77c20f7fffff9dff8dc3ec4030601c00200010605,
images/banh_uot/banh_uot_b5f611211327cafc.jpg,banh_uot,13,train,web,,b5f611211327cafc93a5df8904a5e8fb1e7ba2458f2e649b92af290e711bed56,1fe01fc0000f000f9b8fbec73c20f7fffff9dff8dc3ec4030603c00200030605,
images/banh_uot/banh_uot_67d3f1fcd927af22.jpg,banh_uot,13,train,web,,67d3f1fcd927af22c2def9e99e52167afe8280ad70d07307f5256b26dfe633d1,ff00f700f700ff00ff90e1f0c3e0df20fe20f63cc63fde3fe47febbfdfdf98c4,
images/banh_uot/banh_uot_7e1b08e6444a7e11.jpg,banh_uot,13,train,web,,7e1b08e6444a7e11a92b6423c0ca364d8af7a440e21bd448486d59ecbc01af9e,ff00ff00f700ff00ff90e1f0c3e0df00de20f63cc63ede3fe47febbfdfdfc844,
images/banh_uot/banh_uot_3fe8a76ad7550c87.jpg,banh_uot,13,train,web,,3fe8a76ad7550c878c8582551e28706943e1e3d02a49b6f210680a949b81c37a,fffffffdfffffe4fffff7fff3f070f17073703f403e503f303e3000f000f0007,
images/banh_uot/banh_uot_c1a295f9bc8b3d9d.jpg,banh_uot,13,train,web,,c1a295f9bc8b3d9d88ac84135b1239495c5c33149274789b27bccd6764bd353f,fffffffdfffffe0fffff7fff3f870f17073703f403e503f303e3000f000f0007,
images/banh_uot/banh_uot_c9167da1b8edad85.jpg,banh_uot,13,train,web,,c9167da1b8edad85d11a1c684e579fc5d554c9e2a58eec6b53dbdae5d8a9aaca,02640270011811306060804038807e803f013f830f8307cfc39f603e30331c00,
images/banh_uot/banh_uot_77e3f9a44e3e8b18.jpg,banh_uot,13,train,web,,77e3f9a44e3e8b184fb9c8b4d87b0819baf293dcbbb24227a4a76c1b6a0a4f20,1df81ff819fc09fe1dfe190e190609060006391613b303fa09be7f1a7fda7ffc,
images/banh_uot/banh_uot_9464904b795bb37e.jpg,banh_uot,13,train,web,,9464904b795bb37e7e1d6e72e42c4ce9267bc992cf6c80c8f74172f8965a8eb8,000011ce03ee03e403f303d303f90ffc3ffcf7fec3fe003c02390ec156810380,
images/banh_uot/banh_uot_6a5713ea84a11a6e.jpg,banh_uot,13,train,web,,6a5713ea84a11a6efb8f9b0ae7311c37cceb0574afce3351aea03f9d07884077,01ff01ff01ff01f901f901fe80fec30ec7809fcf1fc11ff1ff78dc684e780e37,
images/banh_uot/banh_uot_64e813943bf08eb6.jpg,banh_uot,13,train,web,,64e813943bf08eb6eaf58cea5c6158ff5d6d005b20ee20d2f0aa2e3acdebf9ed,0000000007801fe87e04fe07fc07fc01ff80ff80ffc1ffe3fff0fff1ffff7eff,
images/banh_uot/banh_uot_8381aba686b74e9e.jpg,banh_uot,13,train,web,,8381aba686b74e9e3cb6a54333805cc703df411c912535a313e3230cc048c508,000003000fb01c383938709e435fc75fc34f800fc22fc03e601e303e1ffc0ffc,
images/banh_uot/banh_uot_6334fd8bba4c61a7.jpg,banh_uot,13,train,web,,6334fd8bba4c61a75f824bee959c85e378aa4f8547c95c4d9dc7b922a5f874a0,21fe003c0838080018000e7c3ffe7f3f7f3f3fffbd7f807f0ffb61f918004000,
images/banh_uot/banh_uot_9b12863df75bc4d1.jpg,banh_uot,13,train,web,,9b12863df75bc4d16e9d1e52e50349811ba41a80f303a47054bd16910546e1d6,000001f01bf8fdc0fe00fe0071f807f80ffc0ffe0fff0fff05fe00fc00200000,
images/banh_uot/banh_uot_3500a136ba4740e5.jpg,banh_uot,13,train,web,,3500a136ba4740e540c3cd0f71c753347a670f18dd15141cc6ef23ef61bbd634,000000000000001801ee07f7e78ff9c3fecefe6ffeffffffffef7ffe3ff807e0,
images/banh_uot/banh_uot_b398f5f525ca6ffb.jpg,banh_uot,13,train,web,,b398f5f525ca6ffb8c7518e3aeaef495d0ed21b6b782d27158e234f7d5923480,6fe0fff2fff1e7604130e070e6601448791cf988fe323e4a190398d37de73fe7,
images/banh_uot/banh_uot_5fc04761ce7da44c.jpg,banh_uot,13,train,web,,5fc04761ce7da44c78474c6df7f966c4387ba8e5831495b9c2eb31e00da7a959,000000000000008003ec07a6fb0fdd8ffecffeffffffffeffffe7ffc1ff003c0,
images/banh_uot/banh_uot_a778cf9523be96d4.jpg,banh_uot,13,train,web,,a778cf9523be96d40d523334333a49c49b288d6a4d5470ee2a8317cb377640ce,00000180032000789dfe3c7e5fbf7f3f7e2f3e077f137e193e3e3dfe1dfe0ff8,
images/banh_uot/banh_uot_d3a749b69fa00d72.jpg,banh_uot,13,train,web,,d3a749b69fa00d72acb24c3b54f4cda1329c4740448202fd1737f45a32199f21,70007280738077867fc66fc27fe07f8077807c843f1dbf399f3bcf33c707e00f,
images/banh_uot/banh_uot_25534071719ef906.jpg,banh_uot,13,train,web,,25534071719ef9062daf02b34e849ca06bdeb20bdcc0a82103e41982a653c348,f01efe7efe7ef8eff0ff80ffc0e3809ff1efb0cf80e3817f803f803e00334017,
images/banh_uot/banh_uot_16b0301deab7e2f8.jpg,banh_uot,13,train,web,,16b0301deab7e2f857fd532bc991bcc5a672d8dcabf64fe4dc6256300982dd60,00ff03ff0fff1ff91ff19fe0f3f0f3d4e184fc06fe42fe007600600000000000,
images/banh_uot/banh_uot_9b8b67d4e32dff49.jpg,banh_uot,13,train,web,,9b8b67d4e32dff49a277aade7bc749b8f37cb20ea83cb7ae5edf332c8a26a7d1,000200061b0203b8013b1c063c0f1fff03ff47e64fe01fe01c80180000000000,
images/banh_uot/banh_uot_6270943ea9735ed9.jpg,banh_uot,13,train,web,,6270943ea9735ed9ea2cd7b91cb6f82da678ba07e94678ef7bd9efb3c9d0c6f8,fcf8f8fcf87ef05bf4cbf2d7e3df81b300f800ed60cdf02df13e9197a30f870f,
images/banh_uot/banh_uot_dd4fd676e446e716.jpg,banh_uot,13,train,web,,dd4fd676e446e7163746cc0b5c26b7e75a9c86d3afbe6e14831497a5e5d5be9e,06f8087c08261802386779e3fbf7e7ffffff1fdf3fdf9fff83ffe0ff003d0013,
images/banh_uot/banh_uot_64e803f7f6ad1da5.jpg,banh_uot,13,train,web,,64e803f7f6ad1da5eac20d65fd7e8adb131c35f5af86315ce2a01740b480d9ae,f80ff83fffffffffffffff07ff03fc03fc00fe3cf770e000f000f800fa00fc00,
images/banh_uot/banh_uot_d4ca48e326932e09.jpg,banh_uot,13,train,web,,d4ca48e326932e0978e80fce3956edc7058874813fc8a69422c238cd2c1ec6b6,00000000018001e80dfe7ffefffeffef9f8f1d8319830b87038e03dd300ff00f,
images/banh_uot/banh_uot_20afbf07844b70b4.jpg,banh_uot,13,train,web,,20afbf07844b70b452622ee1ccd4dd8e1b2ffedc3dd37fe1c857ca909ad00e8f,000003f03ffc3e3c04200db81ffe7fe43f843f840f001ff83ffc317c00000000,
images/banh_uot/banh_uot_e67c1c664f0268ac.jpg,banh_uot,13,train,web,,e67c1c664f0268ac35297e6282a86028261a5ea9cec270ffae8082fe00bfdf11,09ff077f047f1b7e31fe21ff719d21c70be706f70cdf06ff02ff00ff00e700df,
images/banh_uot/banh_uot_2732ac028dd24e23.jpg,banh_uot,13,train,web,,2732ac028dd24e2334dea7240bb610a4c70fc435c04c7c3a99f8167a65ad7cc6,704178037c4f68bb40db403ec80ffa06f8069c16cc06cfc6c1eee066e262e026,
images/banh_uot/banh_uot_f70e9add56148b26.jpg,banh_uot,13,train,web,,f70e9add56148b26b10feb0cf2a21613aadc31f7fccad9eb77784e2f667b0334,00000fe01ff83ffc7fe67fee7ffe7ffe3ffc1ff803c000000000000000000000,
images/banh_uot/banh_uot_9daff351bc6eaf99.jpg,banh_uot,13,train,web,,9daff351bc6eaf996f73c22924e70fcce9889831e9473b444da64358241a32a2,4fc09ff8353c7c3e79e6dfc7f80ffc3fc43fa67f7ffe7ffe3ffc1ff807f00000,
images/banh_uot/banh_uot_9cbccd8734cf4a81.jpg,banh_uot,13,train,web,,9cbccd8734cf4a81e3fa97429e79ab78f3a244f2b319a5454eb6432a67a0a2eb,0000000000080f84bf86ff861f261ee33ff83e9c9f9cfffc1ffcfffefffeffff,
images/banh_uot/banh_uot_1d4691ef871da2f1.jpg,banh_uot,13,train,web,,1d4691ef871da2f17f535f1c87d4c2c068e804fffb5e58a6f7fca83dd1f8635d,ff80ff00fe00fe00fc007c007c407c0038033c0f383f38ff3fff3fff3fff3ffe,
images/banh_uot/banh_uot_ad8c57585525d337.jpg,banh_uot,13,train,web,,ad8c57585525d337a78b2424cd5a1809abdfb7cf0fd2fbc57646f3e3d8387381,18007c817ff16c3cf81fc007e007f80ff807fc07fd07fb80c783f77c7ff00f80,
images/banh_uot/banh_uot_a515024fabddb5fd.jpg,banh_uot,13,train,web,,a515024fabddb5fdf409b35f4b6b2fea5721759849a46f7c7641e6d1ca1f61b8,003e000000f001f83fe07f007f003ff807fc07fe0fff07ff07ff00fe00780000,
images/banh_uot/banh_uot_bcb9fbc5f7704426.jpg,banh_uot,13,train,web,,bcb9fbc5f77044267555432bb1d76a044d422e15c6414fcdc008f51ad931fd73,000f000f000f000f000f1f197f09fff7fff9fff97ffd37fd11fd04ff03e10003,
images/banh_uot/banh_uot_37a9047830773ec4.jpg,banh_uot,13,train,web,,37a9047830773ec4603bd689e1005a9e44d3835f9f78d54d603007a073f99b2b,007860f8c02007845b29fb31cfafc37de19ce99cf79cc3fc87fcdbdcfbc0ff02,
images/banh_uot/banh_uot_14bd4e10cafebb7b.jpg,banh_uot,13,train,web,,14bd4e10cafebb7b6067640c07f932b62854edb207205b2e2588b2b226b9ed7d,fff8fffefbcff807f803bc017810773067816f036e03ba03ff06ff4cfff8ffe0,
images/banh_uot/banh_uot_ce07817abc76f3a5.jpg,banh_uot,13,train,web,,ce07817abc76f3a58d8a5dcb2e8047e140111607325206f7c6c085a56d3b6a94,71e09e7208fc27b88fa9df80bf023c73b9c1fe19fef3c6e37f0e3f3c00700000,
images/banh_uot/banh_uot_dbf383c6a35c4e8f.jpg,banh_uot,13,train,web,,dbf383c6a35c4e8ff9b84912b843ae2de20ff4a44898a7ef844bd792ae011ada,0bf81ff81ff81ff81ff80ff801e02067b77f376e2000f477f077000000400000,
images/banh_uot/banh_uot_22b5c498a5af2b69.jpg,banh_uot,13,train,web,,22b5c498a5af2b694b397c0a935c7b1cf42f88485b8aaccde926328c95c1c045,7fe03ff417fd1ff31ff180001ff100000082108000b0c7f0a611a4c01ce6ffff,
images/banh_uot/banh_uot_ae62cc08b9c0c380.jpg,banh_uot,13,train,web,,ae62cc08b9c0c3804f25ecdf59c7d6512908ebb97f2bac7b535d0da33ebcc883,fffeff7effbeef0e380f381f041f070ff400ff00ff0ff81f659f611ff10f0017,
images/banh_uot/banh_uot_0f12f5bfb13996e8.jpg,banh_uot,13,train,web,,0f12f5bfb13996e80c346fd7dcf0753f06770e980badfbb760bdd1b15d9d0491,fcfefc5ffef7fff6f81ff006e002c03ac01a60033007181f07ff803fc03f7c1f,
images/banh_uot/banh_uot_a361d0bff9ce1f45.jpg,banh_uot,13,train,web,,a361d0bff9ce1f45519f80a99fa833640e41006d392cdc3bdcaa3ecadb2d8bdf,11ff33ff6cffc03f801f810f8387c3c140f0600078030c0f073f03ff01e70000,
images/banh_uot/banh_uot_b049309877dcfc6a.jpg,banh_uot,13,train,web,,b049309877dcfc6ae77ce83a60cbd52be0b6a33d62300a5235a1a08fe6d5b889,060000000ff01ffe3fff7fff7fff7fff3fff1ffcc0c000000000000000000000,
images/banh_uot/banh_uot_163d2475514be9b6.jpg,banh_uot,13,train,web,,163d2475514be9b6cb98a9681dec2c4f40d06dcc9eb1220255a695bc46c0560b,00070002000000000000000000008000ffffffffffffffffffffffffffffffff,
images/banh_uot/banh_uot_18343852af1c7343.jpg,banh_uot,13,train,web,,18343852af1c7343288d92c34105f6b7b82ca8e645be651915c2b8dd50f5be4a,00000000000000030399fe7dfe11fe3ffeffc3ffdf9fff81ff3ff03ff07ff9ff,
images/banh_uot/banh_uot_6cbe2408f7912991.jpg,banh_uot,13,train,web,,6cbe2408f7912991f0fe25c7e4c0807ace98402060dea544b9c77343384a06b1,f09ec3ff8138000801900ff03c72f60ee406c007861f834fc067e01ffffffffc,
images/banh_uot/banh_uot_33e5ba17a33b13cf.jpg,banh_uot,13,train,web,,33e5ba17a33b13cf1c597c90ff736006fb1795fe1c9c0ed201d9116b2546946f,cf0287000780c3809307b70417e00ff91e009e004f3fc63fee3f0e07ce3fff3f,
images/banh_uot/banh_uot_df9ee44dba1d86d1.jpg,banh_uot,13,train,web,,df9ee44dba1d86d166ea71c28ce8d27be9025813bde3245a0bc02370687a522e,01ff00ff00ff007f007f007f003f803e843e803ec07ec8fedefefffcfffc7ffc,
images/banh_uot/banh_uot_096521a6b6cc63f7.jpg,banh_uot,13,train,web,,096521a6b6cc63f769b19e99904a630d1dada3e7a3b6a4ea92d2e0a1fb3a6b24,00000000061f703fd80ff00fe00ff00f307e9c7e98bef99ffb9eff3f1f9f0007,
images/banh_uot/banh_uot_90c0161e779b101e.jpg,banh_uot,13,train,web,,90c0161e779b101e184d0a4e2f463eac125db7fa6d5222154e093cce235137b9,000000003e007d1c7fbefffefeffffc7ffcfffffffbe7f9c7f001e0000000000,
images/banh_uot/banh_uot_fa03a0106259d6fb.jpg,banh_uot,13,train,web,,fa03a0106259d6fb0be2bbe1f234889fcfd9edfa1066979e558fcc49336c2ebc,00000ff01ffc000837e43ff00ff81ff81ff81ff80ff80ff80ff00f8002000000,
images/banh_uot/banh_uot_a6a5f18ff176131c.jpg,banh_uot,13,train,web,,a6a5f18ff176131cf60f918245f93953217df11be2011cdd397fa41e84151510,00000000006007f007ff0087007f3e7fff98ff80ff807cc001ff83ffffff7fff,
images/banh_uot/banh_uot_d5f44e7074d24602.jpg,banh_uot,13,train,web,,d5f44e7074d246022a80fb1a20dfcc74f59cf7a4569f360ece26d5aa38efdc0a,c704c7000780c3a0db0ed70403e20bf31e004e000f3f663ff63f0e0fef3fff7f,
images/banh_uot/banh_uot_a10feacfe38162fe.jpg,banh_uot,13,train,web,,a10feacfe38162fe12030a6424e89122fedbb4bf18e4ca9e1a97618dab401073,000000001cc23fc03fc03fc12ce7a3ffffefffefffe3fec0e200e004e00fe00f,
images/banh_uot/banh_uot_d5bf3ecd120bc75e.jpg,banh_uot,13,train,web,,d5bf3ecd120bc75e2d744a67608bad534b3475b14e2b50ef4b8c56ca7b26765f,8702fe21ff79ffe6f03f963f2600fe00e0003e463c608de0ccf1e67fe71fff9f,
images/banh_uot/banh_uot_df014be60abcf74c.jpg,banh_uot,13,train,web,,df014be60abcf74c24d2273027c19f911348d08715d302d16975f31cd21bd293,ffeff9e4f9e0f8c0798031c031c031c00f401700170045c04dc06fc077ce71ff,
images/banh_uot/banh_uot_631e832ed3619e73.jpg,banh_uot,13,train,web,,631e832ed3619e73c4318c665aafaf0b8c6848994070d13cd231a69a531f98fc,07cc070e3e1200033ff37ff73fff39fb3dfd39fe38fce1fc61c600d400f802f0,
images/banh_uot/banh_uot_f9039ea266002e06.jpg,banh_uot,13,train,web,,f9039ea266002e06fedb15a712f7394d8189d029533f8728ccf29f8523abd9f3,ffffffffffd9dff9dc7ddc38ff383f9e30cc241c162c01580018000e078b0788,
images/banh_uot/banh_uot_f7cd880d602eace7.jpg,banh_uot,13,train,web,,f7cd880d602eace7f68bfff14f790728013d690d80030ce12a14bb3f70613850,f033f003f000f040f142f102b007e006f001fc099ffe9ffffffffffe7fc00f80,
images/banh_uot/banh_uot_972cb736d9d2d09b.jpg,banh_uot,13,train,web,,972cb736d9d2d09b3f582548651a4baff13cc80b60dbbbb2d597cbfe0dc01276,e77fefff1fce1fc33bc53f197ca1b3819e03580ff8fcffc87f80670006000000,
images/banh_uot/banh_uot_482220dd70767eea.jpg,banh_uot,13,train,web,,482220dd70767eeae4ce7a44b325a79f647365ffaed2999dec4beaab927c7af5,07e01cf839fc3f3e373e0efe12ff13ff33ff0dff0dff47fe2ffe1bfc0ff003c0,
images/banh_uot/banh_uot_a066d1526f1b3d40.jpg,banh_uot,13,train,web,,a066d1526f1b3d40ed1ff37a9a4b283465241918af51adea991fbf5034c0e324,ffffffffffffffffffbc7fb60df23c077c030401800080000020000000000000,
images/banh_uot/banh_uot_12fce5a8aaf41991.jpg,banh_uot,13,train,web,,12fce5a8aaf4199166550a55ee1eb109f9a97ecec1c0846f9b3387e336a54ddc,f8ff007f003f800fdff3fd7bbdfb23bb2138203c2f983f781ff8000200060002,
images/banh_uot/banh_uot_c6470d09cec79eb8.jpg,banh_uot,13,train,web,,c6470d09cec79eb8bb91511107d70c9a129d94745e309a7181b9c568cad5cdf8,fff0e1e00663006f01ef00e700e301e0017007700fb101e121e724fff7fff879,
images/banh_uot/banh_uot_a0bdf882e4973a07.jpg,banh_uot,13,train,web,,a0bdf882e4973a0726f8625fb2f1670c8ebd884889afb6bdabd9d216b827e44d,00000f801fc01fe30fee739efefefefefcbe7e3e7e4e1e3c1e1c0fd807f807f0,
images/banh_uot/banh_uot_a0e95263c67b153e.jpg,banh_uot,13,train,web,,a0e95263c67b153e49f120eff4467c63c28282dafa16a468f8f1b64cffe88523,000000001ffe3ff83f1e237c07fe07e01ffc3ffc00bc00003ffc3ffe0ffc0000,
images/banh_uot/banh_uot_ef1b8ad663be6653.jpg,banh_uot,13,train,web,,ef1b8ad663be66532b5f77d318d25fc0be06dbc0964aa254c43f7cf42654d54a,f09fe01fe00fe00fe00fe01ff81ff81fe03fc03f807f87ff807e017c01bc03b9,
images/banh_uot/banh_uot_2abc7b10e19cb288.jpg,banh_uot,13,train,web,,2abc7b10e19cb288fdb69a983f1b14285ea79d8ec0c86557afe26b7483edcf25,000e048103f944fddcbf41df33fc3fcc7fccfee0e7e0fb8cfa887fc8fb60bbf0,
images/banh_uot/banh_uot_588d9f2f4cfd59d4.jpg,banh_uot,13,train,web,,588d9f2f4cfd59d439c9b79ab03623ab0fefd38d40780587a643365cd0018f70,ffe03cf01c600c10103c7cfe7fff7fff7fdeff5efcdefedfeedfc2db80470000,
images/banh_uot/banh_uot_bc4eee688f0d81a2.jpg,banh_uot,13,train,web,,bc4eee688f0d81a2e0371aa71833dae10040c350f28c1becc62b4b3351f32cf1,e00370033801fa0099001c0eff1fff83efecfdf0bff09ffcc7e0c3f0e3f8ffec,
images/banh_uot/banh_uot_aca6e3ae713e6f1d.jpg,banh_uot,13,train,web,,aca6e3ae713e6f1d53c9d63c180f3cec55575f13f73d550b5d9e1048c166323c,00000c003f3c5b3ecefefc7f5e7f1c7f1c7f187f803fc23f603f301f60087008,
images/banh_uot/banh_uot_6b77a5f6249676e3.jpg,banh_uot,13,train,web,,6b77a5f6249676e37f261201cb949072ba521b94b4bce8f7aed27c72a9253b83,019e83eeefffe79ecfe3dce0fe70f798e7c0b3609a609e30ce18c700e380f040,
images/banh_uot/banh_uot_88c421ea6f2aa665.jpg,banh_uot,13,train,web,,88c421ea6f2aa665ff73e55b4a39ef4ed4583b60ad8cc1f6f637683c52dd4c84,000002002000600cf0f865000f10cfe17df931f823fc23ff23ffe6df67ff23ff,
images/banh_uot/banh_uot_66bf079fb1db6e57.jpg,banh_uot,13,train,web,,66bf079fb1db6e57aa5424cfad99aeb9392f324fe4237da82fb36d35f262e3a2,fffffffffe1ff81ff007d80388038001c000c001e003f000f800ff1fffe3feff,
images/banh_uot/banh_uot_022e2dfcb73578ed.jpg,banh_uot,13,train,web,,022e2dfcb73578ed2d8bdd62afa2541223d192ff8ab90e2143e290f8c77dab07,000200031202033803393c073c0f3fef03ff47f7dfe03fe03c80180000000000,
images/banh_uot/banh_uot_fabae4332d3157ac.jpg,banh_uot,13,train,web,,fabae4332d3157ac8b54e193d7c8388b9781454704ba3ef58cf4ee95f9feea42,fffff7fffffffffff01cf8b9fc39fcbfc887804701f3100f0033002300010001,
images/banh_uot/banh_uot_f5aa2b78c7c74dbe.jpg,banh_uot,13,train,web,,f5aa2b78c7c74dbeac0ca3ae7c49f2836517e03caa4dc826a4a91c2f2c3212e2,7ff0fff87e40013e1c3c6008f000e1f987f81ffe0fff07fb0003c003e007e00f,
images/banh_uot/banh_uot_266b4af38946e02c.jpg,banh_uot,13,train,web,,266b4af38946e02c9d6c5211cae44d2e44afb7e7785be8033835bab9664c7bd1,ffffffffffffc7f383c003e100210003003f003f000b8603e703ef01ef01e5c1,
images/banh_uot/banh_uot_3e71a7c670cb8ecf.jpg,banh_uot,13,train,web,,3e71a7c670cb8ecf23e64013a76258a706b66b5415006dffc09a2e7f1d862d68,fffffbecf9c0f9c0714071c031c031c00f403700170045c04fc06fc077dc73ff,
images/banh_uot/banh_uot_5366b1bf937a4253.jpg,banh_uot,13,train,web,,5366b1bf937a425379808518a537104a4379af38d1f85a9e7fb31dd3a749f426,000011ce0bee0bec03f303d303f90ff81ffc77fcc3fe003c02390ec336810380,
images/banh_uot/banh_uot_6b1810c357316da9.jpg,banh_uot,13,train,web,,6b1810c357316da9deaf3b5945090d336e2dbb1e3d6cd093370043554216ac3a,78ef27f01fff3fff7ff73fe37bdf7803180310a139a11a430302028600180030,
images/banh_uot/banh_uot_daf3ba9c1498de78.jpg,banh_uot,13,train,web,,daf3ba9c1498de7800458a74ef9ac2fa37801f4faa391518d28b1d51ef33f5e0,17ff07ff01ff0dba01fa05fe01f803f823f8e3f841f80008000c000c001e000f,
images/banh_uot/banh_uot_06dcf4cffdd6ed72.jpg,banh_uot,13,train,web,,06dcf4cffdd6ed723f9cc4999672ae3ea99b271c1c8e3c6cf7f15440fed54dd2,000a202441f44506c806f81bf87bc0fbc373e703e723ef61f603de0fc8fe7ffe,
images/banh_uot/banh_uot_6278d9b2d787dcc7.jpg,banh_uot,13,train,web,,6278d9b2d787dcc796a37f535941a612c604d1f2fd73ffa2a4041e62384ceb28,00000000000017fc00078003000703bf003dff1fffbfffffffffffbfffff3fff,
images/banh_uot/banh_uot_0112c2590a511f37.jpg,banh_uot,13,train,web,,0112c2590a511f37801f0b82ed2c37cf018096e2a3495c45c3e24db6ec57cbb5,0cff01ff0dfffe3fff877fc73ff71ffc1ffc0fe703cc00f818fb3bff377f643f,
images/banh_uot/banh_uot_2d929d6869cdd629.jpg,banh_uot,13,train,web,,2d929d6869cdd629c24044e8eb6b2550f23ad22d783e2289a06b64d5e6f34ad1,8278823f83bf03df850d8405eb03e9802180b077c9ffccff40977cef3cc73fc7,
images/banh_uot/banh_uot_33caa176d465631a.jpg,banh_uot,13,train,web,,33caa176d465631a05d4394fc6396dc4d61e309e24a29032d3a85d57fbbbd95c,ffefff87ff87ff87ff87ff8fffffcfefce878003840384030481048300c700ff,
images/banh_uot/banh_uot_df1d21a71ef919ea.jpg,banh_uot,13,train,web,,df1d21a71ef919ea53def1249f5c6ae78d1a3cc209f565968e11abcd14d671d2,0e3805ff03ff09ff1fff1ffe179c120c021c079c031f03ff017f007f00ff01ff,
images/banh_uot/banh_uot_b707c398ee649d29.jpg,banh_uot,13,train,web,,b707c398ee649d29d6b51141b8e104a0c3eb74873556219aeffe68ee3489df0d,05ff233e811c03e01fde3f87f3f9f7f1cfe7ce2fc23d6077381c0ff000000000,
images/banh_uot/banh_uot_3d6e098f73322d27.jpg,banh_uot,13,train,web,,3d6e098f73322d271477d5ba228f20f2ca325892ef9613c818d2f590ea96be9b,e0ffe67ee231f063a7ffdfffff6ffc07fc83f581f581fec130e07000f803380f,
images/banh_uot/banh_uot_f19c364151117e58.jpg,banh_uot,13,train,web,,f19c364151117e5810fac1780a8439e26fa1e8bb9114e71863ea5ba8e9484efe,0fdf1bf73ffb31ff31ff6e7867784778427860fc60fc60fc60f830f830f018e0,
images/banh_uot/banh_uot_1e8492c02a5f9b8a.jpg,banh_uot,13,train,web,,1e8492c02a5f9b8a559f20d266bcd082960915c672e50a5dcac21805ce90b653,39f0fff0f7f3e3ffc71f1e073e077007e007e00fe00fe00fe007e00ff0fffffe,
images/banh_uot/banh_uot_42774f3b497b6168.jpg,banh_uot,13,train,web,,42774f3b497b61682164b3e36affa579b3766d7cb76527ce0f1112ac168a953c,0c001f005f007f80018081da00f361ebf3f963fdffdfffdfffcf7f803f001e00,
images/banh_uot/banh_uot_ec166724b20a757c.jpg,banh_uot,13,train,web,,ec166724b20a757c3142d0053fb445e40a5f5709f87a8bf3f128e22d94101fe2,fff8f87cfcfcffe5fc1df004e004e004e007901f803f803fc03ff81fbf9fff8f,
images/banh_uot/banh_uot_0f10f3a2c7eb93a5.jpg,banh_uot,13,train,web,,0f10f3a2c7eb93a561c627bb5eb8b078a24fa1b920b83ac14ee8338e3aff491f,7bff27be038a1be13b9023f037f01ce0bf80ff00f108f308cffb07f18ffacffe,
images/banh_uot/banh_uot_a9ab085a46df1047.jpg,banh_uot,13,train,web,,a9ab085a46df10478c44d57d2d5eeecbc60a63e2d61e5203eb251b95b2dc0336,000000020002007c0033007b06fccbf8ffd8ffd2ff797f7c7e7c7c38ffc3dfff,
images/banh_uot/banh_uot_bf218d25bd545855.jpg,banh_uot,13,train,web,,bf218d25bd545855135a55ff9ffdc81ea882620f57115363f4221dee60b1f3ad,f478f0fe01fe003cc181cff8ffccfbf2fbf3e7efe33a303e1c7c07e000000000,
images/banh_uot/banh_uot_5d8bcb190bdfade3.jpg,banh_uot,13,train,web,,5d8bcb190bdfade396c3cd74d7fe139ff7d86179815ac98fb2730518ee264d77,0001007c01ff07ff07fb17ff77ff4f870000800780078007f0077f9d9ffbc3c7,
images/banh_uot/banh_uot_df94cec3c1465d04.jpg,banh_uot,13,train,web,,df94cec3c1465d04d43776d44094dd37925030a4c9dfa335813d514e3eb2e894,0ff03ff87f80ffc6ffefbff5bf3e7c1f781f701c7038303031e027c03f003e00,
images/banh_uot/banh_uot_fb8f0ca8b0432c25.jpg,banh_uot,13,train,web,,fb8f0ca8b0432c2506d9ace07862b5e0d69453eda02273ce1787d4b143204d48,00c0e0466006000e003e007d0073e00fe03fd001fffffffffffff005ffffffff,
images/banh_uot/banh_uot_944c05ba6d404949.jpg,banh_uot,13,train,web,,944c05ba6d404949a538e18a5085e4ee2d8f14040542a604d6d47cfd34729666,00004c000e003a067a1f503f5ebf7f3e3fbe1fff1fff07be05be453e073c0738,
images/banh_uot/banh_uot_922938fbb0ad63c7.jpg,banh_uot,13,train,web,,922938fbb0ad63c71657b39bc9152caffe13a4299e216de2924382ac27e099f8,f1fec0eec2718011001d861d870c4e0e5e0ef04ffa5ffa2f620d361d869b879b,
images/banh_uot/banh_uot_79759b394e656596.jpg,banh_uot,13,train,web,,79759b394e656596ccd2588936c42794c023294632db929709223c72226ebc1b,000001801ff07ffcf3fec3ff83ff87ff81ffc1f3e0f6701c3ff80fe000000e00,
images/banh_uot/banh_uot_b268dc9b7badda84.jpg,banh_uot,13,train,web,,b268dc9b7badda844d9ab514a64b4253bedb55589a8d40354217a6dbde046ac7,003c003c103f103f003f003c0013007d007f08ff09ef1fff1ffa3ffc7ffcfffd,
images/banh_uot/banh_uot_ebc42152ca88ab85.jpg,banh_uot,13,train,web,,ebc42152ca88ab85507b6bef270f4544bff84458464486740e7a4fac62f6460b,fffff9bfc007c203803b20197004c00298200c000fc60f808f01c603f00fffff,
images/banh_uot/banh_uot_415a30328d7c74af.jpg,banh_uot,13,train,web,,415a30328d7c74af3825b73a73d7a6c7e50b4e462c159d609dda4c8caacefd97,fefef7e0c4fd9ffdffe1fe01f01be0fffffcf9f8ff00e000e001fc4300008000,
images/banh_uot/banh_uot_dfecb5274b0ad829.jpg,banh_uot,13,train,web,,dfecb5274b0ad8299e28a0ce208394af4075466d9dcdc010b9e855eb777d6e09,000000000f003f803fc07fc07ffc7ffe7ffe7ffe7ffe7fcc3f801f000e000000,
images/banh_uot/banh_uot_5bf380ff2a2656b7.jpg,banh_uot,13,train,web,,5bf380ff2a2656b7e14b79ebc6dca744afaedb18b788217218418424d89ef17b,fe7f207f003fe00627c13ff17ffddffcbffc37f83ff80f7803f0004200060002,
images/banh_uot/banh_uot_41404df6fb1a7bbc.jpg,banh_uot,13,train,web,,41404df6fb1a7bbc64d528a84b392f7359dd92f19a0cfe65321b91f559d53a87,007860fcc03003864b31fbb9eff5c37ce1dae89ef7dec3fc87fcdbdcfbe0ff80,
images/banh_uot/banh_uot_c34a07229bccdaed.jpg,banh_uot,13,train,web,,c34a07229bccdaed83bd2a0768ff023d3d18bb7ee0f830603f31fb863811cc04,000e000000000001006001f019f93c783f387fff7fff7fff7fff7fff7fff7fff,
images/banh_uot/banh_uot_5d56dd38635d7b4e.jpg,banh_uot,13,train,web,,5d56dd38635d7b4e4a37d82e4c6ba8f673a204d7ada0f2f5349125bfd68d2c35,0e601ee60002000000020e02053f339ffb9ffa0ff20fff1ffafef0fff7ffe71e,
images/banh_uot/banh_uot_f5f00c9d4cb268d3.jpg,banh_uot,13,train,web,,f5f00c9d4cb268d3f38d92bb39a33c95c94f4097e904b0d4d9461abe6a9a9ba4,ce1c6f8ce33c71c83b883a3e6c7e3c7f187eec321e3c1c3d36fe3b3ef60df001,
images/banh_uot/banh_uot_b2eed4e812d35ce2.jpg,banh_uot,13,train,web,,b2eed4e812d35ce2cd278bb3423f6a597bb23e602e5dcc100333a2f33e99b4a0,000001e006000c0418061002380235b67036f986fff6fffcfffdffffffffffff,
images/banh_uot/banh_uot_177c677495cc5310.jpg,banh_uot,13,train,web,,177c677495cc53102bc0788adced0447431b81ada94f4954d17a8d536131bfd1,fffff07fc0038007cffff3fff01fc007c007e00fe3dfe007e003c007c007c2cf,
images/banh_uot/banh_uot_434c0be82437912a.jpg,banh_uot,13,train,web,,434c0be82437912ae4b49fa6bcc20cad38f343c85336563f1481d5d5b88366ff,66e30ffc1f5c6f180fa007ba679a07c837c073e603e623c47fd03ebc7e3a2e16,
images/banh_uot/banh_uot_291f2fb5c04ff670.jpg,banh_uot,13,train,web,,291f2fb5c04ff670daace05787691b51b522f253e0b853a0eff5ea555d63df8f,ffffffffffffff3f9e1ffb3bc7e68ff28ff119f008300f6003c000000000000f,
images/banh_uot/banh_uot_20a63871e0fa928a.jpg,banh_uot,13,train,web,,20a63871e0fa928a0be2f8b82419aabf4db0555084fd4ee8704f2d168697a7db,801f00070007000b00800000000b800080008060fc83ffffffffffffffffffff,
images/banh_uot/banh_uot_a824dd91f249e913.jpg,banh_uot,13,train,web,,a824dd91f249e9138999c437858ed9844e2858b2f4a717d1ba7e802fa015ddea,00000000f81ce77ee7fec0fc8238020007fc0fffcfbfe7fff03ff3fff8fffe41,
images/banh_uot/banh_uot_34337e368e449643.jpg,banh_uot,13,train,web,,34337e368e4496434f084dfc62724ffb90e0a13d722bb554c05c52f735cff25a,fc00fff0fff8fcfefc7effe6fe7ff00ee00cc004c004600f201f187f007f007f,
images/banh_xeo/banh_xeo_04b0978fd0ba073e.jpg,banh_xeo,14,train,web,,04b0978fd0ba073ed861f2f08a18c9b9d2d67400e5fb5569612d1cc6e1d81dc4,000f003f003f003f11fb1ffd7ffcfffdfff9fff1bfe0ff80fe00780000080088,
images/banh_xeo/banh_xeo_1145d66ff3118b7f.jpg,banh_xeo,14,train,web,,1145d66ff3118b7f55ad4a97572e85c7c64c20443517e063af08f4faf0a1a6d8,001f003f003f003f01fb1ffd7ffcfffdfff9ff713fe0ff80fe00f00000080098,
images/banh_xeo/banh_xeo_9dbae43199d8aaee.jpg,banh_xeo,14,train,web,,9dbae43199d8aaee25bb03f201fa4cc16473836eda7f83ea3205bc53fe9e3f21,0008019c07dc0dfc07f807f80ffc03fe01ff03ff07ff07ff0ff707ef000f001f,
images/banh_xeo/banh_xeo_e82f724424872d99.jpg,banh_xeo,14,train,web,,e82f724424872d99a684451021edc3885ab7d25486504c759a4127fc7296a89e,0008019c07dc0dfc07f80ff80ffc03fe01ff03ff07ff07ff0ff707ef000f001f,
images/banh_xeo/banh_xeo_b410c36e6cdba2c9.jpg,banh_xeo,14,train,web,,b410c36e6cdba2c9b5842f4bc5e0e2a15abf0c1a278fe872457404413fb94ca9,827f041f040f001f00ff007b01cb07c37f06fe0cd01800e0ff81001cfffeffff,
images/banh_xeo/banh_xeo_df7cd512cee2b0b5.jpg,banh_xeo,14,train,web,,df7cd512cee2b0b553d094c6fec8fe8557758c47d0f8d3c6d03e7d15caac0009,c27f041f040f001f00ff007f01cb07c77f06fe08d81800e0ff81801afffeffff,
images/banh_xeo/banh_xeo_b13be0b50c0489ea.jpg,banh_xeo,14,train,web,,b13be0b50c0489ea2bb6ff48503b32a23df6015f3485879402d48bb261cf0d91,67ff00ff008f0007008700cf407f00030001e403c103e5c3f007fe1fffffffff,
images/banh_xeo/banh_xeo_bec466d927896028.jpg,banh_xeo,14,train,web,,bec466d927896028d701b1f63036d7081bc9caaad756bd7cec501c2e1a2b52fb,67ff00ff008f0087008700cf007f00038003e407c107e4c7f007fe1fffffffff,
images/banh_xeo/banh_xeo_1fe11c1bd4a9f897.jpg,banh_xeo,14,train,web,,1fe11c1bd4a9f8972f8513de242ac78d78e4d1cbec9809d7b70ecae9302bc3b0,e0ffe0ffc19fcefcff7effffffffffd7ff8ff587e180618411840880c601c007,
images/banh_xeo/banh_xeo_f38f8fb6845beaa4.jpg,banh_xeo,14,train,web,,f38f8fb6845beaa4a62dbbe761f4ae7341fd3cdd5ed9ef8d2a0288a1898279d7,e0ffe0ffc19fcefdff7effffffffffd7ff8ff787e180618411840880c601c007,
images/banh_xeo/banh_xeo_9ed340886ec02496.jpg,banh_xeo,14,train,web,,9ed340886ec02496537bbfd9a5760de844e7ab337c5845f4b505a030e07a7791,3778764c89c6fddbfecd8a4dce54ce50e79cf10c750ddfc89fcaff8199832003,
images/banh_xeo/banh_xeo_093ede9bf712175b.jpg,banh_xeo,14,train,web,,093ede9bf712175b42799a1949075660c481cdc15661e28cfec0b45dbcb6dad1,1ff80ff80ff80ff80ff80ff007f81fe81fe80fd81ffc3ffc3fb83ff83ff03ff0,
images/banh_xeo/banh_xeo_518c9888a606ee7c.jpg,banh_xeo,14,train,web,,518c9888a606ee7ce5bd4c8651486a690ff258caeb37731f06b747c00f6180e1,0fe01ffc0ffe0fff0fff0bff4bfc73f8f1ecfd68f9687168102402200e000f00,
images/banh_xeo/banh_xeo_acd227ddbef1f231.jpg,banh_xeo,14,train,web,,acd227ddbef1f23117850ae61821246177d9ad93c514c99d01f2752175961b1f,dfffffffbf077e030001bc003c030103c5c089c0c067c20f0087fcffff9fff9f,
images/banh_xeo/banh_xeo_d1a6873f18a013e9.jpg,banh_xeo,14,train,web,,d1a6873f18a013e93cd5eb9e370ceb9d7f2bf9f528c99e330ed66c03c658e8e2,1ff837dc73fc71fc7bf8fff8fcf8f9fcb976f05ee45ee04ed0ceface7e0c7fdc,
images/banh_xeo/banh_xeo_714e1aa0b8dc65b4.jpg,banh_xeo,14,train,web,,714e1aa0b8dc65b4030a2a3f113b68c1f87780d0e64300c81d84967a9a80d196,fe00ff00fe00fa00ef40ff40fe00ff00fe00fff0fff9ff0fff0ffe3ffe3ffe37,
images/banh_xeo/banh_xeo_d543f92912c37a5b.jpg,banh_xeo,14,train,web,,d543f92912c37a5b01b0a09353f6833b75c3d61f76791de32ab5fc87cd75d2e7,fefdf8fcf83cfc0eff20d87f00ff01f703ff07ff1fdf0fb10007a009fe7f7f77,
images/banh_xeo/banh_xeo_4fc823d2213d9fa3.jpg,banh_xeo,14,train,web,,4fc823d2213d9fa357455622ac25e9601a67ae974a09a6e3376a473e66d3a692,efe3eff1e7bef35ff3efe21300fb05f8045d06070c7ded346c200c0f060f140f,
images/banh_xeo/banh_xeo_87452853f112c9c0.jpg,banh_xeo,14,train,web,,87452853f112c9c0d692d4187503fb3744d5af742cdb6a867d06dc4011d15585,00f002f007c0ff00f90099000fc003e103e103f303ff0bff138f071fefffffff,
images/banh_xeo/banh_xeo_f0a17cbb3de02ea0.jpg,banh_xeo,14,train,web,,f0a17cbb3de02ea0f6ec16004411697cca650d40972bcc602e085d84e0157cf3,00000003001c001f0f871fe1fe00ff00ffc0cffc87fffffefdc0fd00f3fe87fc,
images/banh_xeo/banh_xeo_678be95de884ef7a.jpg,banh_xeo,14,train,web,,678be95de884ef7ac17f0cc852d76b975bd4458af036c33ebf5b25c08bbc7eef,0f0f9fffb99fd19fb1931ad70f770373061b020a040904014e0a4a09231b0fff,
images/banh_xeo/banh_xeo_bb06a165aa6b8ce8.jpg,banh_xeo,14,train,web,,bb06a165aa6b8ce8c8542bf745e10fa69df74e1709f226b3ebfa227f8dba31cf,68723f8a0fc00fe00ff01ff01ff01ff01fb01f301ef00f800f8007c203820100,
images/banh_xeo/banh_xeo_6dd2a5b995667ae5.jpg,banh_xeo,14,train,web,,6dd2a5b995667ae512cc324a5b39dab27ff6c3c158b126ce9e4c871dcf9364b9,fffffe3ff00fe3f3cff98f399f9039f418181c681fb083d08121c001c003f003,
images/banh_xeo/banh_xeo_620c79c9d0ec8bb7.jpg,banh_xeo,14,train,web,,620c79c9d0ec8bb765b6349628a8a4d91328cba99075a5ab19032ee2fb19c925,cfff81db8091c091c08387c7cfefec7ff83ff03ff03ff01ff01ff03ff83ff87f,
images/banh_xeo/banh_xeo_8abd1be4a5355433.jpg,banh_xeo,14,train,web,,8abd1be4a5355433940355de6d842add4502d26971fa48663b002b02091b2ef6,ee00fc00fc00900014029800f0f000fe01ff7bffc7ff87ff17ff3fff7ffffbff,
images/banh_xeo/banh_xeo_9fd10135ed38b689.jpg,banh_xeo,14,train,web,,9fd10135ed38b689d08098ad16c1854a5e97a7ccb927de94054797a4c679dc87,f02ff03fe83ffc3ff80ffc3ffc7ff03ff00fe00fe07fc007c003d703d613d813,
images/banh_xeo/banh_xeo_4eacd0bba242ce06.jpg,banh_xeo,14,train,web,,4eacd0bba242ce06579f7289249a8fb269789f86e365aeea76bedc4855fb542f,000f0c0f5863f079d27c883ee27ff0bf717f007f007f10ff99fec5ffe7f7f80f,
images/banh_xeo/banh_xeo_fd399d4a3e53a3c0.jpg,banh_xeo,14,train,web,,fd399d4a3e53a3c0b0b2f34bfd3adc6cce45c7aa9c5cd12d9aa571dce4a78292,00010007000f00ff01ff01ff038700760075011f0113019f041f04fe07fe87fe,
images/banh_xeo/banh_xeo_c8fbbf2bdf4d3f95.jpg,banh_xeo,14,train,web,,c8fbbf2bdf4d3f95fbca5c8a919d68d45975861f8f816318266a011b5b220c74,0001800100011e013f01ffc0ffe8fff8f3b8f27cf17ff1fffffffffff1fff1ef,
images/banh_xeo/banh_xeo_8d5c45ed68f0e6a0.jpg,banh_xeo,14,train,web,,8d5c45ed68f0e6a0f8f6f6d19c1da774ff7c7aa9dfb906acabb980a04fdd0981,018077c0c7c093f833fc0ffc1ff81ff89ff89ff8dfe0dff08ff047f823f021e0,
images/banh_xeo/banh_xeo_9bb39d224ca0ecff.jpg,banh_xeo,14,train,web,,9bb39d224ca0ecfff97c7b7ec803e41c3d3cd48f72995508cbceae3a1b55c55f,ffd0e9d01cc81cd41fbc1e3e9c7ebdfa8b9ec0c61ef29efa9efa9efa1cfa007c,
images/banh_xeo/banh_xeo_4200b889a00521f7.jpg,banh_xeo,14,train,web,,4200b889a00521f7bf1bf362ca630d1c4468492ac2d1c14bc6feaaa2ff34383e,000003801ff9fc5ce01c000321c727f39ffb9ff11ff91ffd1ffd0bfd1ffd0ff9,
images/banh_xeo/banh_xeo_60d27bdd5ffeb3e1.jpg,banh_xeo,14,train,web,,60d27bdd5ffeb3e122de0d598c2bbc7551723d0570b4023fc4b675a2eed0d20f,20077007e0022002470240021f0e3f9f7fff7fe1cfe583e180610032006c8062,
images/banh_xeo/banh_xeo_085ccd10870d11ee.jpg,banh_xeo,14,train,web,,085ccd10870d11ee87c75093c115207dd2ac2c48ac9cdf099ae3df3be7d2003e,0094fe46ef07c70186010700077087fcf1f0d9e0ff03ff8168ff80ffe7fff3ff,
images/banh_xeo/banh_xeo_cb329fa2a36b495f.jpg,banh_xeo,14,train,web,,cb329fa2a36b495fd552abdc9b9b09bb08325abcc90a21edd35503468488ea23,cb0588208810f60027380f990fc40fe007f033f879f8f9fef8fff87ff83ffc1e,
images/banh_xeo/banh_xeo_d5e0df72cbe1c29a.jpg,banh_xeo,14,train,web,,d5e0df72cbe1c29af94ee626afce3246b7c1f8c482984fb7e8f8ed2aa5801d8d,9edf865fe61fa67fbe7ffeaff1ff61af0a9f39d70edf026f006751667002209d,
images/banh_xeo/banh_xeo_3c690f188e3cad0a.jpg,banh_xeo,14,train,web,,3c690f188e3cad0abc8b1f09d663a3623932fdf96ffe485e234d4301418e7b1f,7f807f80ffb0f3f8e6fc647c847c007e04fe01ff80ff4cff69fee1fe01fc01fc,
images/banh_xeo/banh_xeo_0ab1baff068adbac.jpg,banh_xeo,14,train,web,,0ab1baff068adbac7d7f04758e661b9c3d398dfb7448be505effca697373969a,003ffc0df80dff87fd87c001800187e187f1cf73de3ff807f105fb07ff1fffff,
images/banh_xeo/banh_xeo_847b93191b8bb20a.jpg,banh_xeo,14,train,web,,847b93191b8bb20aa73bf2d49726a544010b3192d8f24881778785aa42f38d0d,fe1fff8ffe0ff09c903f80ff03ff07f71fff7fff3f3f387d1ee101c300070003,
images/banh_xeo/banh_xeo_1ca53ab7593cf4f5.jpg,banh_xeo,14,train,web,,1ca53ab7593cf4f5082b11189d0d03e2d448058bc9eb662731d232864c6d0b52,2470043c06ff13ff19bf1bf70fff0ffb07f813f81bf80ff807c0010000000000,
images/banh_xeo/banh_xeo_b648c44de6b9026e.jpg,banh_xeo,14,train,web,,b648c44de6b9026e625802dec78a07a643ff1e414895b1c6eabb434b1c81f479,1c0804380f781dfc17fe1dfe3cbe7efe7fff637e63fe72fe7e7c3c3810001800,
images/banh_xeo/banh_xeo_45d7e88908a7c6d8.jpg,banh_xeo,14,train,web,,45d7e88908a7c6d898928d90e4ac4cf60678f024771213b867a1d4bae7dc2756,3ffcfc3efc3ff01fe00fe047c003c003c083c003c003e007e007f00ffc3fffff,
images/banh_xeo/banh_xeo_f0553e3d4b05178b.jpg,banh_xeo,14,train,web,,f0553e3d4b05178be53e5f3ea073d890240a2e771781ad9a654b72be8ca58f1a,fefffebff0dfe25fe09fe03fc03fc19b81f781ff81bd81f98183818781e181e5,
images/banh_xeo/banh_xeo_797073d515a38802.jpg,banh_xeo,14,train,web,,797073d515a388026f0d47bced3a6f8c032cd7f37613878e0d7d3680d4ff37f3,0fbe3cfe7fffffffffbfffffffdbffcfeb878102810441046184310418c00403,
images/banh_xeo/banh_xeo_ce26bac34da327fd.jpg,banh_xeo,14,train,web,,ce26bac34da327fdc4a33ef0efd2112b5b9c274680ae728b11f04c4560de317d,000163e3f3fff7fef780ffe0ffe2ffe6790cf81cde381f101f013e031e007f00,
images/banh_xeo/banh_xeo_81119d21e9b75e09.jpg,banh_xeo,14,train,web,,81119d21e9b75e095586f8461f1291a286983c480f0796ad090fd8552215ce6f,01807780c7c093f037f80ff81ff81ff89ff89ff0dfe0dfe08fe847f063e021c0,
images/banh_xeo/banh_xeo_ca86c8faddfb824a.jpg,banh_xeo,14,train,web,,ca86c8faddfb824ada8616071e770809c02a276546aa4035c7ff053eeeae5fa8,ee61f80cfc04fc02f803f807f0051e003e007f18ff3c7f3c7f9c7f5c7f4cbdc4,
images/banh_xeo/banh_xeo_7c3d5f2e3d73f9cb.jpg,banh_xeo,14,train,web,,7c3d5f2e3d73f9cb1ec345591e66cd9d17b8acffad0479383e96fb8f7705478c,007ffc1cf00dff87fb878001000107e10fe19ef3bc7ff8a7f305fe47fe3fffff,
images/banh_xeo/banh_xeo_06835892734c25ec.jpg,banh_xeo,14,train,web,,06835892734c25eccfe24e397a1c0d12b565289a5ef6a2ddb64e010f2b9d0470,01a00100200800080018003f007f027f03ff07ff0fff7fffffbffffffffffffe,
images/banh_xeo/banh_xeo_83ad74b8f8fe2839.jpg,banh_xeo,14,train,web,,83ad74b8f8fe28390a3251ff30d8c4459218f0e6daa1b772a851979459010832,c0808038801020000000818683e3c7f1cff9dffc9efc9cfc9dfc98dc8fbccff8,
images/banh_xeo/banh_xeo_ae77fc419cc0ab27.jpg,banh_xeo,14,train,web,,ae77fc419cc0ab27dec66183b0579c2f3796efdce8a1a86b98f54ae0f53921dd,000e040f2867d871da7d887ee27ef0bf317f007f007f90ffd9ffe5ffe7e7f80f,
images/banh_xeo/banh_xeo_907c8506293c21d1.jpg,banh_xeo,14,train,web,,907c8506293c21d1bfe3767cf56563830d4201c0fbd44617be625d634aaa433a,07e00ff01ff83f7c3bfc7fde7dde75ce7bee7dee7f8e3d1c3e7c1ff81ff807f0,
images/banh_xeo/banh_xeo_5cf1e4a629bab40d.jpg,banh_xeo,14,train,web,,5cf1e4a629bab40de348ce1cbadc24b72fd8b8b82a8b749d3b9b9eff9f7016ac,2001702178207d007ff8fffffffffbf7fbf7dfff03ff067b0436043000000000,
images/banh_xeo/banh_xeo_cbd0372da9f61831.jpg,banh_xeo,14,train,web,,cbd0372da9f6183118f21398db9e8dc8a970ac39807db906058efb6d342923a8,19f83bfc37fc7ffe7fa2f7f3a7e1aff921fe79ff307f1807181104008700c388,
images/banh_xeo/banh_xeo_a79da149784e32b5.jpg,banh_xeo,14,train,web,,a79da149784e32b52ef9f7269d72b2b395f0370047cc640e06159cbd6d22113e,c000800087c00fe00ff01ff01ff03ff03ff83ff81ff81ff91ff11ff10f830000,
images/banh_xeo/banh_xeo_c3129d09e83503a2.jpg,banh_xeo,14,train,web,,c3129d09e83503a2a8fac6b157ba80832eef82f3b31b6d4cf496d26a11e71e1b,0dc103000b00041086f081f8c1fc03fc0ffe8ffe87fe87fc87fc03f803f001e1,
images/banh_xeo/banh_xeo_466ca35cef2fa1de.jpg,banh_xeo,14,train,web,,466ca35cef2fa1de48d91f32106de3a8b2401d7bf8a7ce188e3670b1d9858c1e,f0e0e040d000c1808f80a780e380b180b1b4c730c17cc0e7e0f7fbfbfffdffbc,
images/banh_xeo/banh_xeo_642dc8c7d98b865e.jpg,banh_xeo,14,train,web,,642dc8c7d98b865e30eb5df8a361a563a9ba5413b4fccd652b4a4e3278c259ab,01e007188fe70f7f1fff3fff3fff3fff7e7f5ffb47d17f433fe37fff6f9f7fff,
images/banh_xeo/banh_xeo_2bccfac687b60489.jpg,banh_xeo,14,train,web,,2bccfac687b60489bff5732c72f6cff6d79eca41cc867c6947165543d8b69750,fffefffffffffffffff87be07be03fe02f401e009c00b800f000bc00de10e000,
images/banh_xeo/banh_xeo_b422ca05f768d861.jpg,banh_xeo,14,train,web,,b422ca05f768d8613ac8427fb392f39bc6633bd901cc80c9f0a1d8030b477222,060200001fc27ff1fffcfffeffff3fff3f7f83c7e30300073007a01f8fbfcfff,
images/banh_xeo/banh_xeo_f0f3159106da94fb.jpg,banh_xeo,14,train,web,,f0f3159106da94fbfbfb98a1ef5c87aa304ebdf55f8f971f0711075872af20fc,00000007001c001e07c70fa17f00ff00ffc0e7fcc7ff7ffefcc0ff0279fe43fc,
images/banh_xeo/banh_xeo_367085c65ffc5ef1.jpg,banh_xeo,14,train,web,,367085c65ffc5ef1b4ba255b749bd0cacbcc8ae0e198aad8793c26f682cbd321,1f9b1f13cc7330e3fcd3e333f09947596038fc7cf4fee2fcecdc1f980e780f30,
images/banh_xeo/banh_xeo_c32dddd05dfdbfcf.jpg,banh_xeo,14,train,web,,c32dddd05dfdbfcf7f54ec34a76f337d0fcf12b419b1e6a33a09625c6a9d10ba,000e000e000f000f001f82ff82ff8019fc1eff77fbf707ffffffffffffffff7f,
images/banh_xeo/banh_xeo_396d928915cd055c.jpg,banh_xeo,14,train,web,,396d928915cd055c17cf04cee01cdae9a36a60e123448f4ef06a9ac88f16da52,ffffffe7ffc3ff81f803f805fe003f803fc03fe093f08000e007fc0fff1fff6f,
images/banh_xeo/banh_xeo_9acac288c33ba632.jpg,banh_xeo,14,train,web,,9acac288c33ba632a6ce521b678492b024139eae78e6828e0b6343d6706f44d1,19c011003e3cf97cf3ccd20ccf76cff76bf7d03ff03f003f003fc03f00000000,
images/banh_xeo/banh_xeo_2a59bf7a3cbee2a2.jpg,banh_xeo,14,train,web,,2a59bf7a3cbee2a21c9442f30b9a55646476f1c752358e3b6bea3d2052cf85c2,09f83bf83ffc7ffe7f22f3e387e1bff1b1ff39ff307f180f0c1104000300c388,
images/banh_xeo/banh_xeo_3e4e93177a4bbcce.jpg,banh_xeo,14,train,web,,3e4e93177a4bbcce437975af063fbc9f5697af0c202133637421175f17b630e7,3f003f803fc01fc33f80ff01ff19fcff7bfee5dcca6cfe0c8718c01ff9ffef7f,
images/banh_xeo/banh_xeo_d6ee06615c1f40c3.jpg,banh_xeo,14,train,web,,d6ee06615c1f40c30718a6e2ed7670b8b64fc56ac1a66443a0f6b6ce2ba95ad6,07c80fc40fc21fc23fc01fc01fc03fc03fc0ffe0ffe0ffe0ffe07fe07fe03fe0,
images/banh_xeo/banh_xeo_7f9bb9f64b326221.jpg,banh_xeo,14,train,web,,7f9bb9f64b326221bd5e65fe631eac95e56a18a7b3d5427c1fb036bfe566198f,0220001b00df119f03bf86bf9c1f98cfd967f03fe077e033f061e720e3f0e150,
images/banh_xeo/banh_xeo_95e6242d4cca2848.jpg,banh_xeo,14,train,web,,95e6242d4cca2848ec267bb2700e4c67930b5bc0523e0bd25f6cf6f0761b6521,71fc627e79dffcfec07e0003002308e308631c6308e303fe03ee0be7066f03ff,
images/bo_kho/bo_kho_7f01cdf0b63cd4fe.jpg,bo_kho,15,train,web,,7f01cdf0b63cd4feb44a1e98d42ad742662ff5e46b424992fe2d5c77582314e6,03f30ffb3fff381d700ee006c007c007c003c003c002c006c006e00cf818fffc,
images/bo_kho/bo_kho_fc735d15f7ff26a1.jpg,bo_kho,15,train,web,,fc735d15f7ff26a175c41c459917f3bbffb07149f1c73cd38e7dbf00783820bb,07e30ff33fff381d700ee006c007c003c003c003c002c006c006e00cf018fff8,
images/bo_kho/bo_kho_3dc143c51e2c927c.jpg,bo_kho,15,train,web,,3dc143c51e2c927c2ec4883c7d3d1cf59b9f9d46d37e33f9b84f37decec4a6bd,03f80ffc1ffc381f700ee007c003c003800380038002c006c004e01cfc7cfff8,
images/bo_kho/bo_kho_e3eff1e0fec11a17.jpg,bo_kho,15,train,web,,e3eff1e0fec11a17ad911cc726b1a2866c3d2b10d776089d3d46a20629885142,03dc0ffc1ffc3c1f700ee007c003c003800380038002c006c004e01cf87cfff8,
images/bo_kho/bo_kho_3f8177f2fb714902.jpg,bo_kho,15,train,web,,3f8177f2fb714902527288a79ea5506da16b11c554fcb0cfff871be67b5804ef,1ff83ffc781ee3c7c143c031a099b0c9b279927d92390210000239041e3807f0,
images/bo_kho/bo_kho_bf09391a00e4a52e.jpg,bo_kho,15,train,web,,bf09391a00e4a52ed68cc9b0e82e6c95de00ac6ecced8b4aa237a879d4ca7c4d,0000000fffbf0fff08c00fe33ef070307ff8fdf80a0000000001f80fffffffff,
images/bo_kho/bo_kho_7a4fc5d4da77bc97.jpg,bo_kho,15,train,web,,7a4fc5d4da77bc97493d3a7bc8aecda4ec4706d5a01d750bef4e230153b6d8ef,03c00fe01ff83bb87c9c769cca52e072f1f6f23ef31e951e900ac802e976f13c,
images/bo_kho/bo_kho_a9b690753069dc6b.jpg,bo_kho,15,train,web,,a9b690753069dc6bcae3e954382476a67f1a69c244ed9e3db8e2a59516300a9c,1fff7fbff81ff00f60076007000300030003000300038003c007e007f81fff3f,
images/bo_kho/bo_kho_973efa69365553ea.jpg,bo_kho,15,train,web,,973efa69365553ea82e05e73ed361c882449dd8aab06efa5e96817253016fd0b,00ff003e000f8007038307c307e206f00df007f062d0e010f004f000f800fc03,
images/bo_kho/bo_kho_978eec32c9614294.jpg,bo_kho,15,train,web,,978eec32c9614294e24e7dc53abfcc9cc3651e37f674ae2b52cf4702d33cd20c,18003ffc20003220f004fdc8dff8dff9dfe9ddebdff3c003c803cf87cf07ce07,
images/bo_kho/bo_kho_1b0bc41139ad24c2.jpg,bo_kho,15,train,web,,1b0bc41139ad24c2dd449bfc918e17c27d29dfc4e9e92a8e8a8480cfbd858efc,030007001fc13ffc6fdc3fde3fce7ffee03cc018c008c008c018e0303ee01f80,
images/bo_kho/bo_kho_6ad38218d5fa8d82.jpg,bo_kho,15,train,web,,6ad38218d5fa8d826c91487637f5dcb86b1c701b16dbf3b99c29856e91c69890,fffeffdfffcef8fff0c7f04fb07fb0deb0ffdbbfcf4ec0e6c600c20040001c50,
images/bo_kho/bo_kho_8db193d2b2a5aa5b.jpg,bo_kho,15,train,web,,8db193d2b2a5aa5b7e0d2344d5692bb3fe5300a71fbe4151802f717264198d68,96178c179c1b9003b203b007301b025d01d915d90dc9071b99038903c187e187,
images/bo_kho/bo_kho_60312e96e9b1f0a2.jpg,bo_kho,15,train,web,,60312e96e9b1f0a28ab42583b1dcfe545c2ced76255cee723f8dc2ed0cbed093,fffffffff9ffe03d121e220e2e277047e00360037066337c6770f000f000f000,
images/bo_kho/bo_kho_22eaf73a2b4f381a.jpg,bo_kho,15,train,web,,22eaf73a2b4f381af7821db3d0aa2d6b491a6fe6af65fc6182494a41f7328780,c43e44de8e9f8faf0fbf085b0cff19e710871bc30f8b078f018d07c19fe18081,
images/bo_kho/bo_kho_b8280c9698f2bab1.jpg,bo_kho,15,train,web,,b8280c9698f2bab1458af5ce2556f35d4f339fe25ea8ea947abf730e8a2dc895,c182c006ec03f803f8a3f321f001f3c19b419801f803fc03fe03ff07fdff6cfb,
images/bo_kho/bo_kho_31e2e395d2e6eb45.jpg,bo_kho,15,train,web,,31e2e395d2e6eb4523ed8a63f0d884f228ce8ae1079e39ba9dacb5593647792b,00000c1cfff0fffcfffcfff8fff8fffc3ffe03ff030706001c00000000008000,
images/bo_kho/bo_kho_123acc2bc56e0ac6.jpg,bo_kho,15,train,web,,123acc2bc56e0ac6b9b350e9f1c2100e51bb5ae07292b7564ee9dc5edd4da287,0f3f1fbf3fdf70ff607fc06fc03f803f803f803f80278020c060c040e0c0ff80,
images/bo_kho/bo_kho_099d63dfbbb9dac2.jpg,bo_kho,15,train,web,,099d63dfbbb9dac20c1da77d211dfccda1f3e816fcae9d55d6d9037a3576ad3a,00000fc03ff07ffcfff6fff2fff3fff3fff3ffe27fe23fc00f80070000000000,
images/bo_kho/bo_kho_f59182c1f6dd3657.jpg,bo_kho,15,train,web,,f59182c1f6dd3657b975d0cd0687032dac7b836c3badb37d0291888121534bc5,fffffffffefffefffffffffff1ff009f0000000007c007e00c60200400000000,
images/bo_kho/bo_kho_f250b80cfe7bdc7d.jpg,bo_kho,15,train,web,,f250b80cfe7bdc7d5b92466e79f7d58aad3b0c83e4d5def75ed35190ba141c8e,00ff00fb01fd033e225e22c07b80c60fc61f663f221d761fba5f99ff813f013d,
images/bo_kho/bo_kho_e097511e11872014.jpg,bo_kho,15,train,web,,e097511e11872014d885b6f36783266a8f9aa7203ed30e58c43944d51ac1d500,0d003f3c3f7463fac1fcc0fc80fe80fe80ff80ff80ff80be819cc100e300ff00,
images/bo_kho/bo_kho_8a87b63d6dc7c940.jpg,bo_kho,15,train,web,,8a87b63d6dc7c9408bc865c30fc519969d6c797f4e8f3798a204bf6b37f6c1ae,000000000007001f07ff1fff3c7f701fe00fe007e00ef81cfff1ffe3ffdfffff,
images/bo_kho/bo_kho_5706fbb7e31b7a17.jpg,bo_kho,15,train,web,,5706fbb7e31b7a171aa3c41fa1026b6aa197c3edafd472b838b67c9118509925,7ffcfffefe9fce83cc419c010c0100018f2187d9038180038007c00ff03efffc,
images/bo_kho/bo_kho_3a876aa15b0a3db1.jpg,bo_kho,15,train,web,,3a876aa15b0a3db16500400a91d6cede3113c67546b93c71e9687d089fd4ff27,f3eff3f3f3fcf78ce70ece0708031803f003f801f803f803fc07fc06ff0cfcf8,
images/bo_kho/bo_kho_b3fc761168cb51a0.jpg,bo_kho,15,train,web,,b3fc761168cb51a0c4cb83c454586e127e66f41f7d722fdd1be4395c2d849fd2,1ff03e78381c700c600ee006c006c003c007c007c003c103e102e006f00e780c,
images/bo_kho/bo_kho_1f290617790eb54f.jpg,bo_kho,15,train,web,,1f290617790eb54f5360d1eb8f55847c966e496433f7fb8ad87fe1fe6ab3df89,00cf3fcf01cf01cf03ef8fff7ffffffff007c0018000000000008000c201700e,
images/bo_kho/bo_kho_5ae3af4eebfed120.jpg,bo_kho,15,train,web,,5ae3af4eebfed12035e550a032829d88085b15ccf0c27a19afeda6b0308ff1b5,bff63f80f900f003e007c007c00dfc01fcc3fc07fe0ffb1ecffcfff0ffc33e07,
images/bo_kho/bo_kho_466173c701cc0ab0.jpg,bo_kho,15,train,web,,466173c701cc0ab01d13c1c4c3d4efbc65dca09cac0fce6260b8899377980687,ff00fff0fff83e3c3c3e780e70cf78f768b74276637e277433d4187807e00000,
images/bo_kho/bo_kho_7ac084daba81e785.jpg,bo_kho,15,train,web,,7ac084daba81e785fc87d1dc4da7359973b3857969690c6263f204cd19b56694,7fff7fff3c038cc1d848d8d8c9f8c9f8cdf8e4f0e460e220f300f180d0c0d03f,
images/bo_kho/bo_kho_e0988f9f44eb9d8b.jpg,bo_kho,15,train,web,,e0988f9f44eb9d8b90a298da7ac53b809f1d577ea9e12d6bf9e2ae570d086040,0000000071c8d81e001e101f1020f07cffffffff3c7f046701ff0fff1ff71ffb,
images/bo_kho/bo_kho_209d995da34045ea.jpg,bo_kho,15,train,web,,209d995da34045eaea96fd011d2ede513233987fab429e14e60e9b527dd3bd7c,f83f8000000000001ff03ff87ffcfff8fff07ff0ffe07ff01ff08300f803f01f,
images/bo_kho/bo_kho_3d3b70a17abb2286.jpg,bo_kho,15,train,web,,3d3b70a17abb2286a1b624675a2a65769f23b83f20db41c6acd832e16cc1e545,fffffffffffffffffffffbffc07fc01fc00f40074007e00720070007000f000f,
images/bo_kho/bo_kho_02b3842c7d1fa3d3.jpg,bo_kho,15,train,web,,02b3842c7d1fa3d3608dcdad6b62ae78896c66d9b5f54a71d56eb4214d1b1835,fffffffffe7f7e7f1fff37f7ebe77807f80ffc0fbc0f0e1c010000000000c000,
images/bo_kho/bo_kho_c10ccdd6c7d36be6.jpg,bo_kho,15,train,web,,c10ccdd6c7d36be6f81485b9398bbb68108a5f5d3482c81596db6390ce0b6ce6,1c0c380430066182c083c181c089c061d023d303f18fe0c3f033fba7fd9f7d8f,
images/bo_kho/bo_kho_b37c8ffe3424c848.jpg,bo_kho,15,train,web,,b37c8ffe3424c84816a8ddb3a3294c39da312af45140340c0d303e1f519a4755,206720610065002f011f07870fe01dbf39bf39df384f310f394f18ef16ff1eff,
images/bo_kho/bo_kho_074426b5871fbd9c.jpg,bo_kho,15,train,web,,074426b5871fbd9c1a8985e66ece3c2fc90dd793da5dc38af0c40033bca621af,860c0f9e441ecffee7ff8ffd9ffeda7fb03fb00fb0cfa047c0c7f0c7f007f80f,
images/bo_kho/bo_kho_192fec2f9c5e59bc.jpg,bo_kho,15,train,web,,192fec2f9c5e59bc264de118d8231a438d041c11f0bc669a6a67b1da53dcc480,7f0fff3ffc3f000e00c000f808fc183c1d9c0cec00ec00630007801f80ff01ff,
images/bo_kho/bo_kho_0a8ad07d7f6c059a.jpg,bo_kho,15,train,web,,0a8ad07d7f6c059ac2d83f9401f6b233bee030cdc087b24c573e5a5e827b33c5,ffffffff9ff09bf018f8089882080238c7fd80fb07fb0799001d80060003000f,
images/bo_kho/bo_kho_86e3d0a55341ba2e.jpg,bo_kho,15,train,web,,86e3d0a55341ba2e8aa470f31c7e0dc11f848224979e1510a3a334bc3b884417,7fff7ffffffffc0fe003c2018000800400040000000090008300c200e207381c,
images/bo_kho/bo_kho_12b7d6919ddf419e.jpg,bo_kho,15,train,web,,12b7d6919ddf419ed53d830f1e2a139e236d4b06bf6a9cc90068552fa2bf8d3a,9fffb97dbfb5f7c1a3c1867dae0dbe0db879b805a799e579b131903180048009,
images/bo_kho/bo_kho_83da9320b7c19d99.jpg,bo_kho,15,train,web,,83da9320b7c19d999bbb3cf3588a20a870e6782d21df3c6044a4398d9438a3f9,fffff83ff00fe007e103c30383cf836f864f9b83bd8184018001818980098401,
images/bo_kho/bo_kho_bd758979e5e64d9c.jpg,bo_kho,15,train,web,,bd758979e5e64d9cc973b923328f5970dc0a4e5ab6a169a61d4fc17d8bd2edef,0bef1ffd1e7c3c1e3c1ef80e700e608e600e730e710e781c783c7efc3ff91ff1,
images/bo_kho/bo_kho_b61df432ed1f4b81.jpg,bo_kho,15,train,web,,b61df432ed1f4b81f7955dc2120fcf604fc999138daa77611de9426fcb687bc4,400f0007000700070003d37ffefffeffffdfffbef0bde077c03fc03fe0fff1ff,
images/bo_kho/bo_kho_92f45cf925f1e78b.jpg,bo_kho,15,train,web,,92f45cf925f1e78b4ef93747489f12c1bb0c92e0306c5f60833da0217dccbfeb,0000000000001fc03ff87ffcfffefffefffefffefffcfff83fe003000007007f,
images/bo_kho/bo_kho_9d624f5efeb1a371.jpg,bo_kho,15,train,web,,9d624f5efeb1a3713ed6862c6934b7a9a152cc592415db9d37a9003ba7d2bd8e,f1c1f1fff1bfc01fe03fe0f7807780110098001f181f781ff81bf8dfc9bff8ff,
images/bo_kho/bo_kho_c5b957032edcfb9b.jpg,bo_kho,15,train,web,,c5b957032edcfb9b9a9bd656876317f0a99022a184b29e22f7cea834ec13479c,ffff7fffffffff3ff003e001c200800000040000000080008300c200e003301c,
images/bo_kho/bo_kho_2f92634a1901bfb6.jpg,bo_kho,15,train,web,,2f92634a1901bfb66bb2e4e7898460aaed59b3a13f1ff3502ede002613f9acca,fffffcfff83f211f00cf0acf0f070fc707e787e707e70fe70c27038703cf010f,
images/bo_kho/bo_kho_651d3b00fe854a3b.jpg,bo_kho,15,train,web,,651d3b00fe854a3b32d7c7ee108cca669b06c581b91d25a8ea2dd58ecffb80e0,fffffffffffffbffe0e780c380418040804080408070c070e0e0e1c1ffffffff,
images/bo_kho/bo_kho_1e14cdf8a2dddf55.jpg,bo_kho,15,train,web,,1e14cdf8a2dddf55758052517e4c1a4027fee00bc850d907e12c6018ba3d6930,e013c13187e087f007f807f80ffc0ffc1fbc1e38cefcc7f0e7f0e4f0f061f003,
images/bo_kho/bo_kho_51deb468a1839954.jpg,bo_kho,15,train,web,,51deb468a18399541e8792d7bc672651dcbaee337b0a0f9e448f76fba6377b62,00000030007801f81ff837fc73fe63fe67fc6ff83fe03fc03f001e001c001000,
images/bo_kho/bo_kho_c6cc68f6f83ca2ca.jpg,bo_kho,15,train,web,,c6cc68f6f83ca2ca2cbe4275cce44909cb1e826f6de636840942c20178eb7859,fc1fce078e07070f073d07fc07fc06fc1fcc3ffa3fda3e463e72081f01a80180,
images/bo_kho/bo_kho_1f599936f149e9f5.jpg,bo_kho,15,train,web,,1f599936f149e9f54509a7255a5454d8d51d301380ccf7c112701d2d78e256ed,ff81ffcbffffffbebfbefffafdeefdeeff36bf10000000000000000000000004,
images/bo_kho/bo_kho_bf4c45e654b4e74c.jpg,bo_kho,15,train,web,,bf4c45e654b4e74cf8dfb574ef164b48b745ea693e0a2926d4dc2b441401e961,cfe0fcf0a3f81ff43df83bf87fff7eff7ff835f87ffc3ffc3ff81ff001c00000,
images/bo_kho/bo_kho_5a81925a7be90d31.jpg,bo_kho,15,train,web,,5a81925a7be90d3121a8089be078427713e04c01c5c92f17733189323c842944,fffcfffcfffcf3fce1fce0fcc0fcc0be60bc609c618431803f001ec000e08000,
images/bo_kho/bo_kho_fa7ce524cb9603fe.jpg,bo_kho,15,train,web,,fa7ce524cb9603fea8cef42edae4568847f77fefaf0e87881b72418aa6188df8,06000f803f80ffc0ffe0fff8fffffffffe70ffc0ff80d0c0c0c0c08060000000,
images/bo_kho/bo_kho_668f28a72ed88afb.jpg,bo_kho,15,train,web,,668f28a72ed88afb8eb659fbd04b78e2e2ad1c651187fe816ebfddd3e0019129,0c001f803f80ffc0ffe0fffffffffffffe70ffc0ff80f0c0c04080c0c0806200,
images/bo_kho/bo_kho_baa3d09eced94124.jpg,bo_kho,15,train,web,,baa3d09eced94124e0b337b0ddfc9340507c635288b4162022433cdbe1af2a22,3fff7f9ffc0ff807f807f803f003f003e007e00fe00fe00fe00ff00e781e3c3c,
images/bo_luc_lac/bo_luc_lac_5fea136b226911a3.jpg,bo_luc_lac,16,train,web,,5fea136b226911a32146a925af94e3666385739d2d59b8c70f5db23657eb7f04,fe3fcc3fe07fe73fbd9fff47f607f40fc01f801f8007c0238011801180018003,
images/bo_luc_lac/bo_luc_lac_8f766eb5c676b3ff.jpg,bo_luc_lac,16,train,web,,8f766eb5c676b3ff80e978af1d2836f0fe823a68176f4b6c0e15a592c0ab6c68,00001ff837f83fe007e007cc4f1c7f9c7f8e7f8eff86fc03fc07fc7fc1ff0000,
images/bo_luc_lac/bo_luc_lac_8589b5d4d82335fa.jpg,bo_luc_lac,16,train,web,,8589b5d4d82335fa4d1648d363524d61cc2b43059bb03e1117f39ce1b08354f2,ffc0f7f0eff8f838f818f80cb40c300c300c310c300c70081c180f3007e001c0,
images/bo_luc_lac/bo_luc_lac_a43cf3bd443d16ec.jpg,bo_luc_lac,16,train,web,,a43cf3bd443d16ecff4347477b9dd415bb8cd435256f771974ae697709f15609,fe00fe1cff00ff00ff80fdc1c07ff067f007f003e003c007c003e023e05be1d8,
images/bo_luc_lac/bo_luc_lac_4030997542c45dce.jpg,bo_luc_lac,16,train,web,,4030997542c45dce10b2c84bd7d488816def18ee8ac519598ed88b5fb4312006,03820f601e303c1837d83bf832ec77cc3fcc3dcc389c38381c381fe00fc00601,
images/bo_luc_lac/bo_luc_lac_fb72684faa36da5e.jpg,bo_luc_lac,16,train,web,,fb72684faa36da5e6d7f0906c24c12d5dbac2e9b038fed1a034b3b6e879b83c7,06fb00180300effcffffc8438001c401f813ff1f7f3f3fff07f0800000000000,
images/bo_luc_lac/bo_luc_lac_1185fd88a3e7e564.jpg,bo_luc_lac,16,train,web,,1185fd88a3e7e56446ccc2619d65b15e39c75f11f0096b5e4b9a14773761aaf2,000303c303f101f80ff80ffc0ffc0ffc0ffe0ffe0ffe07fe47fe07fc07fc02d8,
images/bo_luc_lac/bo_luc_lac_689b40be13862567.jpg,bo_luc_lac,16,train,web,,689b40be1386256749bba6aaa495a1a25c42d93fd2e830f65b42026a0f6a6b8f,c000e060fffc7ffc7f0c7f04ff06ff06fb06fd047f847ffc1fe0000000000000,
images/bo_luc_lac/bo_luc_lac_8bb1c5c632b38be9.jpg,bo_luc_lac,16,train,web,,8bb1c5c632b38be90bdb33f4642cafff14d6ad6c459f14d571c01e1c5cc7d6c7,fbf8fffc7ffe7f86e702e1f3c837c4d7ccd3fe03c45f400e600e2046105c1818,
images/bo_luc_lac/bo_luc_lac_6e21de2fa6f62232.jpg,bo_luc_lac,16,train,web,,6e21de2fa6f62232a8453e63145b387c823e986f0fa27ef0f573d290428d4cac,03f03f7efe3fff07c70bc4ffcdf84fdc9fec07a6440fe01fc01fe0df38fc0000,
images/bo_luc_lac/bo_luc_lac_c510af3d3f4b4b1a.jpg,bo_luc_lac,16,train,web,,c510af3d3f4b4b1a7a22fda4a404d5bd43cdcb19edfec6f53dc4016b3da0ebe2,f800f800f800ffc0fffefffefe3ffc0ff207f204fb00f800d8000e2003c00000,
images/bo_luc_lac/bo_luc_lac_f67792a5bcc5937b.jpg,bo_luc_lac,16,train,web,,f67792a5bcc5937b8af1bda4e79cbb377feea96387ead4a34932940add50e789,3fbc7f1ef81ef00fc01f80e78047800381c390c3f041a1c120018003c003e003,
images/bo_luc_lac/bo_luc_lac_12a33fab16874cb3.jpg,bo_luc_lac,16,train,web,,12a33fab16874cb341e5e7fa3f6a936fdf5ab3dac79af43a3b6ff2e7371ee366,61fc00bc000c100c000c000e0006b026c0fefdffc7ffc3ffc7ffe7ff3fff0ee0,
images/bo_luc_lac/bo_luc_lac_12daed5008e29508.jpg,bo_luc_lac,16,train,web,,12daed5008e295084d8cc2715a0ccd5fed79e744b2650b4ddd6a885b11167d07,f23ff02ff1bfc39fc11fe089c001c001c401c04be099e1016001f0033013b817,
images/bo_luc_lac/bo_luc_lac_0050d36310ac78d0.jpg,bo_luc_lac,16,train,web,,0050d36310ac78d0f113e4bc5d2ff74ce96835bb1ab228de6a5e2cd56a6d06fa,b007f0036203c187c00f800f800780078007800f80ff87ffc3efc06fe03ff07f,
images/bo_luc_lac/bo_luc_lac_7175658d4ea1101d.jpg,bo_luc_lac,16,train,web,,7175658d4ea1101de742f774488388ea513d0803385581c9cf1853dbc7f78112,f800fc00ffc0fbf0e018c00cc04180478056c047c0c36081388d1e9d073e000e,
images/bo_luc_lac/bo_luc_lac_58ed87a71605f482.jpg,bo_luc_lac,16,train,web,,58ed87a71605f482236ac7f8539d063949b220e098b5cc6707fb704eae4fb07e,fc1ff827b077006c086e1c876f83f681f7877b03380f780778022005c003c203,
images/bo_luc_lac/bo_luc_lac_f7612390ffa22959.jpg,bo_luc_lac,16,train,web,,f7612390ffa2295901914465642a91614179bbe6f52a104bce886f9ed26ec50d,fefffe3ff01ff00fe00ff007f007e00fe007f007e007e007f00ff83fff3fffff,
images/bo_luc_lac/bo_luc_lac_a3272fa313cdcb58.jpg,bo_luc_lac,16,train,web,,a3272fa313cdcb58272cde326cf54f9bea414bd0c9e20963174f740cf6f877b9,8e9c81fe01c380ff9b3fb0bfec83ec00f000f188a80ae016c3a6e38cf39079f0,
images/bo_luc_lac/bo_luc_lac_c3e0bc856d7681bf.jpg,bo_luc_lac,16,train,web,,c3e0bc856d7681bf388d6fae3fd74e186690c1c215dbd7a8a8897ea8843f0319,1fd01ff81ffc1ffc1ffc1ffc07fc07f807b007be309f7fbf7f9f7f13bfb19f93,
images/bo_luc_lac/bo_luc_lac_3886be5b7cdc2ba3.jpg,bo_luc_lac,16,train,web,,3886be5b7cdc2ba3940987fa38fb17c2daf6856d5f81855661d70be09b1d4b7f,f001f040fff8fffeffffffffefffe793e103e401e400010008000c0000002000,
images/bo_luc_lac/bo_luc_lac_782ffe14ba67c8c4.jpg,bo_luc_lac,16,train,web,,782ffe14ba67c8c48cf7935149efb870625d40f3cd05ca917cb3b2ee1596b80e,7ff8fefcfe3efe1efe1ff81ff00ff00fe01ec01ee00c6008007004e0cfc07e00,
images/bo_luc_lac/bo_luc_lac_042a13b694149616.jpg,bo_luc_lac,16,train,web,,042a13b6941496164351cf74d38cbcbff36c9b35ae1deb9a6ebf52008902c0a9,ff20f900f800767027f847fc0cfc047f803f00189818199809180c10077003c0,
images/bo_luc_lac/bo_luc_lac_5d111fa1129e4e0f.jpg,bo_luc_lac,16,train,web,,5d111fa1129e4e0f9b425fa1864a16d6da4dc48d5e1d0365c27fcd48184119a7,07e00ff81ffc3e7c3e3e7c3e7c3b7f3e7f5e5fce5d0e4e1e2c34304c1ef80fe0,
images/bo_luc_lac/bo_luc_lac_27f9db3e9fd2bceb.jpg,bo_luc_lac,16,train,web,,27f9db3e9fd2bcebae9f8e35ba6370e917ae8db6e1ec044d783e68efa01b0c4a,0ffb7ffff89fc0c7c289e6382e3830b911d019421f82c677e06f206f80df8dcf,
images/bo_luc_lac/bo_luc_lac_9fda2392f4539d07.jpg,bo_luc_lac,16,train,web,,9fda2392f4539d0777e01cbc858cfb8452b7e9f8a0c35b4a22231c0c175186d6,fbffc1ffc0ffc43bc7036fcf63ef7230f030c070c0f080f001f100f7cc3fe83f,
images/bo_luc_lac/bo_luc_lac_8d4376a2339a48a6.jpg,bo_luc_lac,16,train,web,,8d4376a2339a48a6dd031faa30b61ed02f6d9e3a20992d3986e0b321f0999b1f,0ff07ffeff87ff0183098019b17cf901800180e7f01ffffffffe3ff000000000,
images/bo_luc_lac/bo_luc_lac_8f10390646eed146.jpg,bo_luc_lac,16,train,web,,8f10390646eed146c06f9e56d38eeda52fc9a777589f2c2c8bc208e86d87cad9,0003000301c703f77777f71bf763fff8ffe8f7e8f7f8f3f0f1e0800080008000,
images/bo_luc_lac/bo_luc_lac_46296f4faa306593.jpg,bo_luc_lac,16,train,web,,46296f4faa306593d0c8a69fa89536d08a9edd4e24d168cd9e4afaf0a0e994c4,70c1f0c130e3601ce001823fd31ffb9ff84ffa0ff90ffcdbf027f807fc0ffe3f,
images/bo_luc_lac/bo_luc_lac_64ff2f31079d2ac2.jpg,bo_luc_lac,16,train,web,,64ff2f31079d2ac23b10dc245f1db46f43566f7cb403a037b16768d8b82946d1,00000000fff0fff0fff0fff0fff0fff0fff0dff0fff0fff0fff0fff0fff00000,
images/bo_luc_lac/bo_luc_lac_0a29a4590f66edf8.jpg,bo_luc_lac,16,train,web,,0a29a4590f66edf83f19a205e828968447c66562e37a25f3e0580af672533d49,7fcffd07f803fc01f400f402f204e200e044e004e080f000f000f807fc0fffff,
images/bo_luc_lac/bo_luc_lac_f2f1258ab56a2ecd.jpg,bo_luc_lac,16,train,web,,f2f1258ab56a2ecdf17a8127728ec7ebd764a9def20fbfa9b0d9ae85da70373b,031883100100414c31ecb8e9fee8fefcfafcfafefdb8fc7df00dc001c0990199,
images/bo_luc_lac/bo_luc_lac_9d935e4657518f82.jpg,bo_luc_lac,16,train,web,,9d935e4657518f82ddbd183baa8c69543fc4dcc38e7ee3771d0825a329c78369,fffffffffffffffefffefffcfffc7f780100000000000000000000000000ffff,
images/bo_luc_lac/bo_luc_lac_dc44f3ea8e168a06.jpg,bo_luc_lac,16,train,web,,dc44f3ea8e168a0654023a5a6f00ab03ccd245001252e3a8b791acfbbed3fc7b,ff3fff7ffc7ffcdff88ff88ff80ff80fe087e0f7c0f7e107ca07f807fc07fc0f,
images/bo_luc_lac/bo_luc_lac_64caaf6af1808595.jpg,bo_luc_lac,16,train,web,,64caaf6af180859512e0175d2ab4a668f22611fe4bd62c324d33e1c5609a6de5,d81c3f183ff0b3f8e378bf608f900c180018600070c178c1184c385c903fc03f,
images/bo_luc_lac/bo_luc_lac_e403b1adc69ff719.jpg,bo_luc_lac,16,train,web,,e403b1adc69ff719055733895912e6c1a1ab8e0eea50ac88298f00a615809885,ff9cff1c3f183c1870e9f1c3f167f2c7e1f3f3e3f3c3f003f000f000f000e000,
images/bo_luc_lac/bo_luc_lac_da63803081bf5058.jpg,bo_luc_lac,16,train,web,,da63803081bf505869bc5b193503c4f5db2847aa68407dc36e7c02a0ce1ea2bd,00041fe2fcf9f01ef00fe007c007c007e043f0c7ffdfffff7ffc1ff000000000,
images/bo_luc_lac/bo_luc_lac_069c16241a99897e.jpg,bo_luc_lac,16,train,web,,069c16241a99897e1de5a8c7902cec5acf8d85b6ea50d2d75a1813307de3d67d,ffff9c01a001e005fe41f80df80df38df70dfe7dfc7dfccdfc01bc018001ffff,
images/bo_luc_lac/bo_luc_lac_485f83de3527a855.jpg,bo_luc_lac,16,train,web,,485f83de3527a855ed676e9a2ffd583041fa860c9045425100df706fe984ec41,f82ff30fe003e07bf817f983b08398a3800380038007c0cfe1efe04f7c0f3c1f,
images/bo_luc_lac/bo_luc_lac_468b372ae65299bd.jpg,bo_luc_lac,16,train,web,,468b372ae65299bd7c037e18b7c16107b91d20d29b234f8971fe43d5183b50d3,781ce00ce706eb0688078107903bc070c0e38c618409c449c983c00ec00e700c,
images/bo_luc_lac/bo_luc_lac_43e099a2143d5020.jpg,bo_luc_lac,16,train,web,,43e099a2143d502081bd619c40ef9863846740d7a5829627053441040df20b45,f800ffc0ffffffffffbffc1ffc0ff202f202f200fb00300038001ef007e00000,
images/bo_luc_lac/bo_luc_lac_d8ddd84ed9b44350.jpg,bo_luc_lac,16,train,web,,d8ddd84ed9b4435011fe6a973dec00645a5333e12117058d79e17c369ca7c768,fff0fe308f803ff11041000180010781000d00017ae101018003fe7fffffffff,
images/bo_luc_lac/bo_luc_lac_d8225e28e1b041d5.jpg,bo_luc_lac,16,train,web,,d8225e28e1b041d5e161d49db457eec343f0a2643524255e5c6e3d611a2ed23f,f01fe81fe80fe40fc047c04380079204a00580079803c803c843c007c007e20f,
images/bo_luc_lac/bo_luc_lac_c97e1138ea33f314.jpg,bo_luc_lac,16,train,web,,c97e1138ea33f314e31e64b7db557c4c4ea8450297c488df08c9a8cb7f9275a6,fffffffffe4ffe07f803f801f000f060f002e001e100e081f001fc01fc037e07,
images/bo_luc_lac/bo_luc_lac_6732b5c4c09e1b15.jpg,bo_luc_lac,16,train,web,,6732b5c4c09e1b15b56d663047045b57c1ab4ba33ed309feecd8ac9032f32dad,ff80fff0ffd8fa1cf00efc0efe06ff03ff87ff82bf809f869fc40d0807000000,
images/bo_luc_lac/bo_luc_lac_31595f1c124d25af.jpg,bo_luc_lac,16,train,web,,31595f1c124d25af5b3aea1ed9fc995ef478abfad6b90d1924940030047ab7a6,7fff3fff3ffb81f858f84e00c73080fc8184c0804000d81830fc277e0b671302,
images/bun_bo_hue/bun_bo_hue_82542c4b2d47327d.jpg,bun_bo_hue,17,train,web,,82542c4b2d47327d56a3d65c1af36435b65b506eaae65c29eb71bafb0df6b22a,1c7f387f883bd819f2dd7cfe7e74e074e03c203cc030833c9a301e787e5b9c63,
images/bun_bo_hue/bun_bo_hue_4572a4da1fb0ab05.jpg,bun_bo_hue,17,train,web,,4572a4da1fb0ab05ed3371f3cad83818eb6f6765b0ae3df4aefd995d45f337da,03c00ff03c18260473065782d3c28fea8cf2dcc2fe427f667f7c3ff80ff003c0,
images/bun_bo_hue/bun_bo_hue_65e85daf035b8469.jpg,bun_bo_hue,17,train,web,,65e85daf035b84698af30d038b55aa38f557fd98dd3211a5d8b1f5d85eeee1f9,01ff01ff03ff103f070ec786c6c2c0c2c082c3c6c3c6e0c4f00cf838efe0ef80,
images/bun_bo_hue/bun_bo_hue_527b9debc01201ff.jpg,bun_bo_hue,17,train,web,,527b9debc01201ff57006ee82eaa2961574a992fff0cd82a22ee94be4ae8bb7e,47c7dffc7ffffffffe3ffc3f983f380c2001200a00088010c003e10ff91f3ffe,
images/bun_bo_hue/bun_bo_hue_8721af4ecbc14b0b.jpg,bun_bo_hue,17,train,web,,8721af4ecbc14b0b796025b75a48a689ff83fbdabec23f89b8557dcd08ba406b,7104e600c600de07d207021f3a3f3e3f2e3f0c37403fec1ff85fd07fc477342f,
images/bun_bo_hue/bun_bo_hue_e9893b19a6f79f28.jpg,bun_bo_hue,17,train,web,,e9893b19a6f79f2862b872c38a98403b70eb402c44d4875b1ac40a22b07c3c17,00000008183e7e7f7f7fffffffe7dfffffff7f7f3ffe0ec00080060002000000,
images/bun_bo_hue/bun_bo_hue_002d7cfe64d4f7d9.jpg,bun_bo_hue,17,train,web,,002d7cfe64d4f7d91693c2c9145228d2529e1325f380f2eaf09999ea87cd4b8e,0fff1fc71f023f003f003f803c007c6c7c7c7d7c3c7c3ffc3ffb1ffb1fff0fff,
images/bun_bo_hue/bun_bo_hue_441046f129457e3b.jpg,bun_bo_hue,17,train,web,,441046f129457e3bfc1e80dd995d25f2ac57bc4c85ef8745cecd889788e5a28c,97e0aef063f847f8defc9cbc90ee98fc887c80fc8671c4614461414321c33047,
images/bun_bo_hue/bun_bo_hue_28b9145d946c22cf.jpg,bun_bo_hue,17,train,web,,28b9145d946c22cf4a12888e60cf93c6e12854d3d4b593ae4da5b1ae9c4568ed,c287c087b0c7b2430043080130017000e000f030c030c8318c6983f1c7f3eff3,
images/bun_bo_hue/bun_bo_hue_1d8c8ed97a10cc97.jpg,bun_bo_hue,17,train,web,,1d8c8ed97a10cc9727777cbba4ccb03293249571fea63c47da2261b3ab072b5a,e1fec2ffc0ffe3e7f843f807d04768036003e101e8c5fc05f60cffccfff8fff8,
images/bun_bo_hue/bun_bo_hue_8a931ceaefea5791.jpg,bun_bo_hue,17,train,web,,8a931ceaefea5791a6ff2be026ce4e01c85beb046ff07b0df0e024571d1872a1,3fffc46000c000c003c03ff0709fcdc78c039803001b0c1f8c1bc04fe3cff33f,
images/bun_bo_hue/bun_bo_hue_b199a1ef2afec5b9.jpg,bun_bo_hue,17,train,web,,b199a1ef2afec5b9b0820a5c0ef5781af0a48938f1a2bbb256190adfbd62adbc,fff8ff88fce6ffbfcf9f820c833ac200c1148046900f9105d001f003ffefe7ff,
images/bun_bo_hue/bun_bo_hue_d8f96948bd731f18.jpg,bun_bo_hue,17,train,web,,d8f96948bd731f18a03fd8aa911cb59e59a771d5b7feccbd828763a3d903ea6a,ffffff8dff03ff86fdfffe3f7f0e38e0e1ef6166431ee00ee006100c04600000,
images/bun_bo_hue/bun_bo_hue_5e104dfe3bd9d54e.jpg,bun_bo_hue,17,train,web,,5e104dfe3bd9d54efce794b6e24254c561e241bed034cc0b3437733515c51781,000010003fc07ffef4ffe08ff0cdf80339877dc7ffc3ffe3f9c0f9c3ffd9fe01,
images/bun_bo_hue/bun_bo_hue_f69270dfded4dce1.jpg,bun_bo_hue,17,train,web,,f69270dfded4dce1b82605d98bf08e852dc0a3940ef5730bf89fbaedd04551d3,70df67af4f371fbb3fff3f9f7f0f57071a070b074217423f4305198d00dd4075,
images/bun_bo_hue/bun_bo_hue_46437b02423cd007.jpg,bun_bo_hue,17,train,web,,46437b02423cd00753777ec1274729584970e6b7dabea33f763fd42fc95a46e9,67fccffc1f3e3b4c63c6e71e6007400300038007c007e00fe01ff83fffffffff,
images/bun_bo_hue/bun_bo_hue_f2ba6199fd33f411.jpg,bun_bo_hue,17,train,web,,f2ba6199fd33f411ca4655a6c47a95b7f2d1f299c1ee819daa6647d915db5308,0e013107201f603f407f607fe07fc07fc03fe03fc07f9a7f5c3f5c1e380c3b00,
images/bun_bo_hue/bun_bo_hue_da06c5e4df3c8fb8.jpg,bun_bo_hue,17,train,web,,da06c5e4df3c8fb82f149dfc12d57f3de75db10627f202bb89000e4108aa5440,00007f80ff39e07fc03e003800f8024f025b00f3c07be14efffc7ff01ff1c781,
images/bun_bo_hue/bun_bo_hue_cae15ba2d6d838d9.jpg,bun_bo_hue,17,train,web,,cae15ba2d6d838d9fdacf5ef341e0b2c11ca698dd451ac93b6d04d628fc01582,ffbeff9e3fb68fc20f823f033f033f033c0318231237180608060c06060c03f8,
images/bun_bo_hue/bun_bo_hue_20d1703caa5a4e27.jpg,bun_bo_hue,17,train,web,,20d1703caa5a4e278f1bf09d7c1e572c0c56388909c98ba27624497f641755ce,0f371e3c7e7efb7f7961f0e1e0735bccf7e0cfb0cffc73f833b813d00f100640,
images/bun_bo_hue/bun_bo_hue_2094661c3d13269b.jpg,bun_bo_hue,17,train,web,,2094661c3d13269bf9f2bfb35cb489f7f51eed8b8fcdc131bc83bd4432ac108a,3880380000f101fe01fe47fe07e663f631fe31fe01ee70fe706ff81ff83ffc1f,
images/bun_bo_hue/bun_bo_hue_08413db369181484.jpg,bun_bo_hue,17,train,web,,08413db3691814842a5c3adac6a906585804b92f51262c676b8cde6eca29ec04,f03ff03ff82183e08e701e1808180c980c2c086d093d0c090419067137c3f783,
images/bun_bo_hue/bun_bo_hue_9295cf97b68a6938.jpg,bun_bo_hue,17,train,web,,9295cf97b68a6938b69d04b0403b18ef59760f2895df675959927be3591c5f33,83e1efe08497008300c307b1ffc1f7c1f3e2c1e280e2c0e2c17fe107f00fffff,
images/bun_bo_hue/bun_bo_hue_0433a96fc91fe1a6.jpg,bun_bo_hue,17,train,web,,0433a96fc91fe1a6d0b8fe0d1485c0f5b80482250c5a184df984289320c74c3c,fff8ffbcfffcf9fef9fed30fc41bc013c013e013e0626466fdc6fe4cfe081e38,
images/bun_bo_hue/bun_bo_hue_bfa2d02df5c08426.jpg,bun_bo_hue,17,train,web,,bfa2d02df5c084260abc07f554268a9dffe28274e3eb23d5363aaee1b687b433,336027f02fb00f991f991f9952cdb60c160c178c17cc1fcf1fdb0fd10fb107e0,
images/bun_bo_hue/bun_bo_hue_08f923a7a433de1c.jpg,bun_bo_hue,17,train,web,,08f923a7a433de1cd347bd3e97d342432b810943eb837724308e8732de1885b4,ffffffffffffffff800100002048402600437bc77e273c1c189800008001fe7f,
images/bun_bo_hue/bun_bo_hue_f86bc001b5bf147d.jpg,bun_bo_hue,17,train,web,,f86bc001b5bf147d4b244219b398bfbd092280dfc358c9acb53c231ba1b2062f,c003fb87ff87dd80c080c643c80f980ae6488e798c958c41c073c073c083c003,
images/bun_bo_hue/bun_bo_hue_bb522efa7e2a5000.jpg,bun_bo_hue,17,train,web,,bb522efa7e2a50009ab816f5b903e919e0e01b730bd3ecd035fad5fb5fc0e9b9,ffc1ffc3dfe6f9fff37de3ffa3be6724e4e0e0e0e060e060b04098c08f000000,
images/bun_bo_hue/bun_bo_hue_1d9b1e7002e71b4a.jpg,bun_bo_hue,17,train,web,,1d9b1e7002e71b4a676bb2d05c2ffa1149977ff13698029974c08dec5982b4f9,7b8e7b87e8e3c8c3dae1b3f987c187e683b083f0c760c301c001c00167436002,
images/bun_bo_hue/bun_bo_hue_edd2b53ae708a8eb.jpg,bun_bo_hue,17,train,web,,edd2b53ae708a8eb6575256641451cfd44d06152fc702cad299574806aaabc3a,408344c0f841d82081c083e007e027e04460867107f027f877fcffdfffffffff,
images/bun_bo_hue/bun_bo_hue_47f25159eba46b08.jpg,bun_bo_hue,17,train,web,,47f25159eba46b08459770e288900b0bf43997e4bcb88b6c7b8cab5745652823,23f807ec07e807f80ff40ff40fe629f63de439c879c039843454348414080218,
images/bun_bo_hue/bun_bo_hue_bcb8b2b626984b16.jpg,bun_bo_hue,17,train,web,,bcb8b2b626984b16b309c6251f688bd9bf7f2ff5570ab8e2133e7e6cf436130d,edfefdfbc0dfc2df9677c66fd60ffc06e80fe887f000f280f601c70580078007,
images/bun_bo_hue/bun_bo_hue_f56395262dc21b94.jpg,bun_bo_hue,17,train,web,,f56395262dc21b945fd139b3d74bb8f511e7c71ea3711a0323901fb136ade2fc,ffe7ff43ff03fe01fe03ff13f093e043c007c03f8027c03fc07be07fe07fe07f,
images/bun_bo_hue/bun_bo_hue_16bd048984ef8070.jpg,bun_bo_hue,17,train,web,,16bd048984ef8070908bcc6d79a4d5db52c568fd09d71ef16141e0c181aa84e0,0f007e1faf63e1880018a2f0ffe8e7ffc037814a842ec64ecf4e6ffc39381ff0,
images/bun_bo_hue/bun_bo_hue_fc988d098eb48462.jpg,bun_bo_hue,17,train,web,,fc988d098eb484626866a123c4d7cbfb7131d8596af03c9f972acf189cc817ef,f00ff407f8375c2e147c0c3f1c3f33f9231c3bbc383c34009280c360e0017007,
images/bun_bo_hue/bun_bo_hue_9ebec5b33ab24c01.jpg,bun_bo_hue,17,train,web,,9ebec5b33ab24c017da19ee9af603f463254a86287888f78a3160f75d11308ab,c8008c0007037e07ff23ff3fff7fff73c061de40bf00bb00006000337c3f5c7f,
images/bun_bo_hue/bun_bo_hue_014d21e073a8f72b.jpg,bun_bo_hue,17,train,web,,014d21e073a8f72bbeb87a6cef1c27ca2597c327ef2fd5f904685c6d6c7d9e91,7fff3fff7dff3c3c101d010e8006c087e107e00e600c3000380f1c1ecffce198,
images/bun_bo_hue/bun_bo_hue_349713ae37de989f.jpg,bun_bo_hue,17,train,web,,349713ae37de989f134de2d2f243f0ad57d7541b858497a9d6def65a238a37b0,87239f03fa1ff00ff103738747234e334e31ce13de3bdc13c833e4e3e7e77767,
images/bun_bo_hue/bun_bo_hue_a8ad5e5e87055c87.jpg,bun_bo_hue,17,train,web,,a8ad5e5e87055c871168c22a10f9c2dcce4e817b9e9b80db22a1a51446abc759,fc7ff03fe06fc067c867c233c023c003f0c3f043d007e007e00ff01ff83fffff,
images/bun_bo_hue/bun_bo_hue_443efade8cde6afa.jpg,bun_bo_hue,17,train,web,,443efade8cde6afacb8b20332da39d3738017d1bfa6b80dade2db3238810ff1d,ffffffffff3fff1ff807f003e003f02380638827dc07f80678043c1c1ff007c0,
images/bun_bo_hue/bun_bo_hue_7839ec533c5399b6.jpg,bun_bo_hue,17,train,web,,7839ec533c5399b6433c0c3f701c6755d98b9b933c52f7174cedf919bf0d3937,00000078e0fcf1fdf3fdfbfffb9ef39ef39e53fc61fcc1f800700001000f0013,
images/bun_bo_hue/bun_bo_hue_4c5354726a9e81b2.jpg,bun_bo_hue,17,train,web,,4c5354726a9e81b289e2577ed0777090e6f01f9dbbf9ad9acd7d9143dd6eabe3,c8c0c1f8e31cfc1e2c668d07c8030a030a0308030c039c079fc697ec01fc00f0,
images/bun_bo_hue/bun_bo_hue_846ec2b8d158414f.jpg,bun_bo_hue,17,train,web,,846ec2b8d158414f957606b1663a9315636b97999d1d15359b053c9b86914e30,0001020107e1000300010001000300030fe31ffe7ffcffff7ff13000081f03ff,
images/bun_bo_hue/bun_bo_hue_2caa669326a55091.jpg,bun_bo_hue,17,train,web,,2caa669326a550919edd27e0950ff4a6fd95300d689e55473e32362623c69742,11c000408408fc18d3c0c7c0cfe3f6a6ffa0ffc0347a3ff83fc03c7043f02f90,
images/bun_bo_hue/bun_bo_hue_8d692629db907610.jpg,bun_bo_hue,17,train,web,,8d692629db9076107563e631865b976fd433f0afd2099638e065996bde2efcbe,fffffffff7ffc01ec38683319bf81bc80dc819fc96f083814fc92d52180c0ff8,
images/bun_bo_hue/bun_bo_hue_3cd69994e69745a4.jpg,bun_bo_hue,17,train,web,,3cd69994e69745a471760645f9b594560eff4afe23ff09323993f3eeca60bccf,e7e0ffe08ff08fa0c700c500c180c6c0e6c03f205f3857786ffc0f7c8f7c867c,
images/bun_bo_hue/bun_bo_hue_53811392b62d45c3.jpg,bun_bo_hue,17,train,web,,53811392b62d45c38181a39e65e7be4c2e7fcddcbc38938ef24141092cc2de7a,0c001fc03ff07ff8fff8bffc3ffc7ffc3ffc3ff81ff00fe003d00c6007c00100,
images/bun_bo_hue/bun_bo_hue_dbbdf1523d7ce913.jpg,bun_bo_hue,17,train,web,,dbbdf1523d7ce91399b2927fd95f8fe30ddbacdb0c40b72ea4343e286db6f5d6,0f23ffc0fff8fffdffec679c238607c3078307c10721076107eb07f20ffc0df8,
images/bun_bo_hue/bun_bo_hue_a103b6417f54cf4a.jpg,bun_bo_hue,17,train,web,,a103b6417f54cf4a9b095dd3a0797cef00cf90da21083cc58702574f0bee5ac3,f8007004327ee07ee03cc07e047e003e07fc8ef01df83c3d3c3c7c9e7d9e78ce,
images/bun_bo_hue/bun_bo_hue_73b330d150a0cbfa.jpg,bun_bo_hue,17,train,web,,73b330d150a0cbfaf356bbddfa9a75c16fa039221e56f623f236a55a9a70459c,2ba07820f818f818fc387ffa3b98f8188ffc1cfc38fef87ef80ff88ffbfff805,
images/bun_bo_hue/bun_bo_hue_59a67320c9c26377.jpg,bun_bo_hue,17,train,web,,59a67320c9c26377d932bafbe885a276aa9ec168d3b40df01391406854834f38,fe0ed73ed23c80608c611e20c3e2c58eac0eef72f0627c06de0b1c0b84bb819b,
images/bun_bo_hue/bun_bo_hue_b5d559748f78b9d0.jpg,bun_bo_hue,17,train,web,,b5d559748f78b9d00476f8da68b653e57688dbacba04fa7bf8347693d96a2f47,fc73bc611ce0fcf9f0fcfc0f3e0e3c283809f837e026e050e8f0c6f1c669fe3b,
images/bun_bo_hue/bun_bo_hue_3e37ee3727079bdd.jpg,bun_bo_hue,17,train,web,,3e37ee3727079bdd2fa60ccc0e6ce1412f4bf359f5f463a9de84b67d586eb04f,7fffff1ff80fe980fce0ddc1df83d803fb09f9c18181c003c003e006f81cff78,
images/bun_bo_hue/bun_bo_hue_fbc321ee14472f39.jpg,bun_bo_hue,17,train,web,,fbc321ee14472f39626aa9d192f08f92b7458551052f2837178fe925dd332080,1fff1fec1fc4398439dc3e7ce2c6c083810b8d1f878f898f9047f276fc3c7800,
images/bun_bo_hue/bun_bo_hue_7310603abf93d652.jpg,bun_bo_hue,17,train,web,,7310603abf93d65291dae702495da391dea6715b7406514fae56fd2a90e82bc4,7f7ffe3ffc66fc6cfc787e386630f030fc32ef80e70ec30ed204d00c10003201,
images/bun_bo_hue/bun_bo_hue_ec090585943de090.jpg,bun_bo_hue,17,train,web,,ec090585943de09000993d0e0adcb3412ee28f1aba6685ce90c2f15b85fde36a,f3ffe3ffe1ffdbdfcf8fc307c107c103c00380038003e003e037c00f800fc00f,
images/bun_bo_hue/bun_bo_hue_a24cf5f808a4b7e2.jpg,bun_bo_hue,17,train,web,,a24cf5f808a4b7e2cbe021497f417ae77bfaac2d89f5503bf79cfb5e79c74f4c,f800f800ff00ff80f7c0e2e0e861e867e037e0e7e07ff07ff0ffcfbfc73fc07f,
images/bun_bo_hue/bun_bo_hue_b254368aabd7a870.jpg,bun_bo_hue,17,train,web,,b254368aabd7a870dd67183609afd821343de05f09ac986c7fe6140cfdf4cc26,803f0f3c1fbc3ccf7eefffebfdfdfb7fd30f8b07c6db53fe07c43f441c021802,
images/bun_bo_hue/bun_bo_hue_c595d682be05ce53.jpg,bun_bo_hue,17,train,web,,c595d682be05ce53ec29b416d9f3ebfcc40f8c985193f6df73ed6da4a79457f0,f80fec03ec03e603c203c003c003c001c401c403c45fc06fe067e22ff03ff83f,
images/bun_bo_hue/bun_bo_hue_b9650f9ffeee45f4.jpg,bun_bo_hue,17,train,web,,b9650f9ffeee45f429576c77ebb66c0e4b204676127e39d297d97389ebbf8cff,0c8c3f1ee33ee14f620b3007138fffcf7cff083f081b983308330c2106c00380,
images/bun_bo_hue/bun_bo_hue_0c360978382a8270.jpg,bun_bo_hue,17,train,web,,0c360978382a8270866938412ac7a4551c05c34b240d1d7d7a840f4ddbcb3187,c3ff03ff1fff3fff5ff9c7e08d00800083068f84c684c404e008e018ec606780,
images/bun_bo_hue/bun_bo_hue_7b1476f85ae0cc0f.jpg,bun_bo_hue,17,train,web,,7b1476f85ae0cc0f5fb20b344d5d369770dad13c2680a4361f00b03c0070ff10,c7fc03d433c03fa20cc28ff7cefdccf80efceffdee1fcf0ee7cec7fc01fc807f,
images/bun_bo_hue/bun_bo_hue_73c540d529f8f31c.jpg,bun_bo_hue,17,train,web,,73c540d529f8f31c9c08afeb0cfffaa0f78e61af281954bfa29c0fdc16d845f2,07e18ff38e7d9ab81be8167c16fc121c101df90ff81ebe063c08fc09af1c83fe,
images/bun_bo_hue/bun_bo_hue_ac18bc98865da238.jpg,bun_bo_hue,17,train,web,,ac18bc98865da2380c6c405645e786c9240c0eb023e4d95352aa9d2227cdfb06,002003f01efc3cfee1fec3fefef23c6126600ce00ec48fc48fe04fe04ff0c010,
images/bun_bo_hue/bun_bo_hue_91a63269a07ca1dd.jpg,bun_bo_hue,17,train,web,,91a63269a07ca1ddb9e46169cb6eeb81cb9cf06177ea10a19de4629b9c5ad184,f000f004e07fe7ffcff7ddf3d99899b89ff83cf81f981f081e101eb0f6e03180,
images/bun_bo_hue/bun_bo_hue_30deaaa081b257a0.jpg,bun_bo_hue,17,train,web,,30deaaa081b257a05e648f2da386a903c453a2a88140eff637d17112bf86aea3,71fef1ce60c7006314303611463f3b4f1e07088180478027df9fffc8fef9dfdf,
images/bun_bo_hue/bun_bo_hue_131feffdcdfa95cf.jpg,bun_bo_hue,17,train,web,,131feffdcdfa95cf365394d1c1cb00563ffccf742820a22378d335339cc2007b,ee00ee00f3f0f3fc87ff8ff71dff18ef18cf100f3807380f30ee30043007100f,
images/bun_bo_hue/bun_bo_hue_9233d9905ba5ee48.jpg,bun_bo_hue,17,train,web,,9233d9905ba5ee48f912fb8e83572fd32c449246b7bd1cc4d05ecb201257e0be,00000d8418c619ec1ffcfff8fe00f800f805fb0777cf1fff1fff0ffe03f80000,
images/bun_bo_hue/bun_bo_hue_a68aeeece64f9e72.jpg,bun_bo_hue,17,train,web,,a68aeeece64f9e7284b7513568a5259a1fc09325ccbc94eb44807c78a0190e6a,e81ff01ff03fe03be3ffe41ff06ed87088848034f1a4f107c807c88fcc1ffe3b,
images/bun_bo_hue/bun_bo_hue_6bba67586949de92.jpg,bun_bo_hue,17,train,web,,6bba67586949de92aa55777e341965e7569a1aac51e05d26bf41f95912505363,01400018e318db00f700f7b8d3fc7e7f7e7f0bff00df0dc786c681e47fe539e5,
images/bun_cha/bun_cha_bb9b8529b5782084.jpg,bun_cha,18,train,web,,bb9b8529b57820841fdaaa1281af56d84448dba521e43fd8b67e45975345a63b,f000f001fffffe3ffc1fe03fd8bf90808000c000e031e03bf1ff3fff07ff007f,
images/bun_cha/bun_cha_d465e780073aee29.jpg,bun_cha,18,train,web,,d465e780073aee29c5e801f3440e8e7ef62ac0c44359eb2894758dc58ba9ae22,f000f001fffffe3ffc1fe03fd83f90808000c000e031e03bf1ff3fff07ff007f,
images/bun_cha/bun_cha_214678cc317b6858.jpg,bun_cha,18,train,web,,214678cc317b68589d9e407137e81960b16fdfa4e4d11d31bf822d681203abe1,ffff0fff07ffe61fe60ff6df6201e008fc0df402c082c081418137c38fefdfec,
images/bun_cha/bun_cha_2dd389bdd85f4950.jpg,bun_cha,18,train,web,,2dd389bdd85f4950063032b4b73954098414c9140e55f3a9261abab9937d53ed,ffff0fff07ff661fe60ff6df4201e008fc0df402c082c081418137c38fe7dfec,
images/bun_cha/bun_cha_1f0a1326dab6f0de.jpg,bun_cha,18,train,web,,1f0a1326dab6f0de222a2fa0f6d2223f1237e31381b3dea4e8b6413ac5e7cc49,c603e403280c0518c558f164dbe3c7838601cf01ef00ff80cf81cfc3cf0fff0f,
images/bun_cha/bun_cha_42f02086e3da2b6e.jpg,bun_cha,18,train,web,,42f02086e3da2b6e07a706b290c8aa959d6e87084d24f9ac868e1c60d93e4dc0,c603e403280c0518c558f160dbe3c7838601cf01ef00ff80cf81cfc3cf0fff0f,
images/bun_cha/bun_cha_968857431fbf02ac.jpg,bun_cha,18,train,web,,968857431fbf02ac313b0f139b80fb5f186e037a3a7f03b2347346781704ae95,fffffc1ff80fe007e7c38827083f083f887f867f81ff907f807fe07ff07ffcff,
images/bun_cha/bun_cha_c664c60bc9691674.jpg,bun_cha,18,train,web,,c664c60bc96916746888053b960e30ea70d6f1a559f878fb01fda674a421d7fa,fffffc1ff80fe007a7c38827083f083f887f867f81ff907f807fe07ff07ffcff,
images/bun_cha/bun_cha_fea6c82aae7553d0.jpg,bun_cha,18,train,web,,fea6c82aae7553d0624d3b53c55e1a13c30fe4325f14a50dbf3aaa7d23439d4f,ff01ff03ff07ff09ff00ff00ff00ff20fe26b027de067f006182e1c0e3e0e7e7,
images/bun_cha/bun_cha_7caf6cd81c63237a.jpg,bun_cha,18,train,web,,7caf6cd81c63237a952c2d55c891c27088e7573148e67bd320e6b497305e05ab,3c38701ce01ee10ee00ee007e007e00ff01ff00ff80ff83e79fe7ffc3ffc9ff8,
images/bun_cha/bun_cha_cb160407e12d4bf4.jpg,bun_cha,18,train,web,,cb160407e12d4bf4c849ce50fd8c1fb30d43a4844060722bdc93e618dee81365,c1802c803e807e007f807ff0fff89ffcfffce7bc07be07ee076c01ec00100000,
images/bun_cha/bun_cha_a6abf28da36a6ca0.jpg,bun_cha,18,train,web,,a6abf28da36a6ca0246de263f5b2347263a64fe66d8c200b30c0628b683dbcd5,fffbffffffffffffffcfff8fe101e001c001c003c003e0c3f1c2fffefffffff8,
images/bun_cha/bun_cha_8c934d603acc9687.jpg,bun_cha,18,train,web,,8c934d603acc9687ccbc22f4a0b9966b8618958999ff30ad96acef210f90388e,1f23ffc0fff8fdfcffece794478707c30f810fc10f210f610fe907f30fb41df8,
images/bun_cha/bun_cha_223f1d82d77cf6c6.jpg,bun_cha,18,train,web,,223f1d82d77cf6c68176be5a1a161151f197cbb380bfcbf1566b33bc0a323dc0,000f000f001f000f000f000f000f001f001f001f001f001f033f023f007f007f,
images/bun_cha/bun_cha_1e9952ab451f5d10.jpg,bun_cha,18,train,web,,1e9952ab451f5d1072431ce6e44b14eb3813a39bd2c849eed47b469b8c979488,38007ff07ff87e3c7e1efc1ff81ff807f003e263c3e1c0f1c011c009c0098001,
images/bun_cha/bun_cha_6431aa9f9e5281dd.jpg,bun_cha,18,train,web,,6431aa9f9e5281dd21a20a0d72cc4bdb1286c2ad77fc943e0ee5795cbdaa34b1,dffc1c0f7007cf27fc07f003c001c01d85fe01ff01ff01fe83fd81f1c3ffe7ff,
images/bun_cha/bun_cha_ccf7cd42b4b20f6d.jpg,bun_cha,18,train,web,,ccf7cd42b4b20f6dadfba89815853db26146d61e7805727e00cf17f28da1fc7c,f107f90fffdfffdffffffffffbfffc3ff88118a0182032203230006040f04078,
images/bun_cha/bun_cha_72ecdb55be0bb201.jpg,bun_cha,18,train,web,,72ecdb55be0bb2019ef89a1e99642b2026bff59541cd3cb1254841b18d261922,efe0efe0eff8edf8eef8ce7cde3e3e3e733ff21cff00fe371026002080008001,
images/bun_cha/bun_cha_6c3a5bf0f9f4d51d.jpg,bun_cha,18,train,web,,6c3a5bf0f9f4d51de292cb6ea98120876ae8386d0305dbb746c67ebe46b0bb7f,1d463e346039c001c001c0116071007141fd03fd27f93ff9fff99ff81ff81ff0,
images/bun_cha/bun_cha_f3a2c4d1c282743b.jpg,bun_cha,18,train,web,,f3a2c4d1c282743bb68b6a633f86257bab698327a3c575c662348205f289f670,00f000f831fc0ffc0ffe03fe07fe03fe03ff318e008640224006200430041808,
images/bun_cha/bun_cha_564cf845acd75a0c.jpg,bun_cha,18,train,web,,564cf845acd75a0cd11fe0a073ccd5576a17afa326cb18a91412528fe3c6a9a2,f06ff80fb802bc00ffe0fc20fc10fc50f800f010f430c6208e60dffefe7ffc3f,
images/bun_cha/bun_cha_f8d82385715762a1.jpg,bun_cha,18,train,web,,f8d82385715762a15e33c172876da1fe3fa57249e148875151d5f48f70f5fba9,e81ff01ff01ff03be1ffe01ff06ed87088848034f1a6f807c887c88fcc0ffe3b,
images/bun_cha/bun_cha_84e1f79e2de49236.jpg,bun_cha,18,train,web,,84e1f79e2de4923601e6c4eddb55f4071f33f21d2778ce0f4c335ad98a8c3eb7,7fffffeffe07fc43f801f801f800f800f800fc00fc00cc018c01860387878fff,
images/bun_cha/bun_cha_c5fad9157b602e94.jpg,bun_cha,18,train,web,,c5fad9157b602e94872ca1fbcf31de4c2bdeae803e385f4149607ccf2efb952e,be0ed73ed23c80608c611e20c3e2c58eac0eef72f0627c26de0b1c0b84bb819b,
images/bun_cha/bun_cha_325f81c9bad6ffc6.jpg,bun_cha,18,train,web,,325f81c9bad6ffc61a68c8cd234d6ecc32e8a19cf8e166a7f1201284bb8deddb,3000f800f800fc00fe00ff01ff01ff01ff81ff80ffc1ffc1ffc0df80ff80ff80,
images/bun_cha/bun_cha_d5cabf83b643e1d3.jpg,bun_cha,18,train,web,,d5cabf83b643e1d33354e13cf43addf12c78c989928aa6f10cf60b5c75f91d48,fffff2ffe07fe40ff807f807ffe3fc73f813780b080f080f841f800fc01ff0ff,
images/bun_cha/bun_cha_1751cde89f7cc4ca.jpg,bun_cha,18,train,web,,1751cde89f7cc4ca4482150d1af276547d5c86c1044d37a3c7fbe7c0453e4cd0,ff00ffc099f037f837f84ff10ff98ff803f803f803f001f0014101c00e000e00,
images/bun_cha/bun_cha_643d4a5f992598c9.jpg,bun_cha,18,train,web,,643d4a5f992598c9ee7a951c1acd6c2297e3d08c60b18471e503f56c4173fe5e,f7fffefffbcfe107e001ce009e009cc09ce08cf801fa10fb007b8267c007e007,
images/bun_cha/bun_cha_5244c88b749c6c51.jpg,bun_cha,18,train,web,,5244c88b749c6c515a68d3c94942ed89c343402a2332602b3f7c8185d6e1c04c,08cc8dc0c7c147e103e003e003840b8f425f043f0e3f573f071f439f21cc1008,
images/bun_cha/bun_cha_da04dacab03d690e.jpg,bun_cha,18,train,web,,da04dacab03d690e0df712a8910abd0b45fc7c38a73daa27f9aaf45a0537f8e0,ffe7fff0f9b8f1fce1fcc0dec08ec0064002404220063004380c189c1ffc1ffc,
images/bun_cha/bun_cha_b49f641c43cc0d57.jpg,bun_cha,18,train,web,,b49f641c43cc0d5708ff408e9eb5112c59e159056badc5e8979b3975039b4ccb,ce86fc02f002fc02fe80fe8dfe39ff73fe7ffe43fe00fc00d900c180e280e200,
images/bun_cha/bun_cha_03eb11e316031e9f.jpg,bun_cha,18,train,web,,03eb11e316031e9fc26013deb1b3edad4b0247b00bb28bbe0b07de7b6a56e840,6ef70c7f845f84cf829e030f040c000ce00cee31c6e123603c003c05fc45fc13,
images/bun_cha/bun_cha_397ee6c7538984ec.jpg,bun_cha,18,train,web,,397ee6c7538984ec797a0ca4de59f67f651f05b9ba65c5943247d0c05fd4c304,40417060f420d81081e083f003f027f04638867807f833fc7bfeffeeffefffff,
images/bun_cha/bun_cha_71af68b9ee2846bd.jpg,bun_cha,18,train,web,,71af68b9ee2846bd4c84098987ab73bb22aa1ab3f9b87c6ff9a2233dc6700859,c000e000e001e07f03ff07ff07f83e1f7e3fe27fe27f817e81ff81ff01ff01ff,
images/bun_cha/bun_cha_7f0ca368001adeee.jpg,bun_cha,18,train,web,,7f0ca368001adeee2900ed62dc9664bb9e61cd02f7ecbd41a611a0cfbed722a9,000c000f023b03e20ffe1ff93e3f3fd47f747cf47ffcf8feff7cf3fef9fc7efe,
images/bun_cha/bun_cha_99a645d6e6f417d7.jpg,bun_cha,18,train,web,,99a645d6e6f417d7d8d3d076040b6458c379558d548ddb053d3ee8fde040fc44,0ce804e003e003e007fa0fe67fe47dc07c827e443e6037603f401fc01ff00fe0,
images/bun_cha/bun_cha_7ef247631f108ea0.jpg,bun_cha,18,train,web,,7ef247631f108ea0ac553607f34eed360db07d0063690ed5bfd9a58402efa12c,bc1e001800108024a007c6031602f23be438e76110f031c03fc1fde1fe71fff1,
images/bun_cha/bun_cha_60ac85f868983d08.jpg,bun_cha,18,train,web,,60ac85f868983d08a4f49661290d6459af9d935a5cb28db0888bfd7289407e6f,dffffffffffffc1ff00ff007e003e001c000c001e000e000c101c1018301e303,
images/bun_cha/bun_cha_f7c6a1946857bd12.jpg,bun_cha,18,train,web,,f7c6a1946857bd12146ab8045aa8498cc4cfcff6a5fe2ab099cb1b5a5a9e62c9,d600cef0b01c40568ff397ed0f8f7f1f7b0f662c26f8b6f8feb17dc3398e0ffc,
images/bun_cha/bun_cha_36f754459ef1c571.jpg,bun_cha,18,train,web,,36f754459ef1c571a3d0c6fed65489b4814a60d3fc987114c546e5ec56ff8da5,fffccffc87fd81fc01f003e002c303e3072007e00fe0fff4fff23fe03ee09fe0,
images/bun_cha/bun_cha_0b0780d83f3011f4.jpg,bun_cha,18,train,web,,0b0780d83f3011f4ee4a632dc534afcda024f1f984ff6dcd18aafa6d7ad734e1,1f3b0e1efe7ffb3bf162e071e871bbc6eff0cfb88ffae7b8739837d80f100660,
images/bun_cha/bun_cha_1ee716bf142a53d8.jpg,bun_cha,18,train,web,,1ee716bf142a53d86fa2c6d57cfd49b32d64bebf22b0d8300a4df99c80e44375,fffbfeff76fb0a731b7719ef10cf048300a300222002308239803bc43f3c1f3e,
images/bun_cha/bun_cha_e0a5f3d3209527dd.jpg,bun_cha,18,train,web,,e0a5f3d3209527dd2db597510cdb2bd895d4b64c6ff5e2c0336acbbfaba84880,1f7efff1ffb1e030c090cfe01ff8333d6700643062e6e0e6f004f8180ff00000,
images/bun_cha/bun_cha_3bbcc36e6b2bd9a6.jpg,bun_cha,18,train,web,,3bbcc36e6b2bd9a65a20cffd7763631d62306f28a880f0410a0aadc4786352f1,fffcbffe0eff007f007f007f907f383f003fe00fe083c0838083c14702ef1cff,
images/bun_cha/bun_cha_ea420e45af10adb3.jpg,bun_cha,18,train,web,,ea420e45af10adb3e172b2f28012794d16051676320e1ba3bdf33fdebb8c0926,fffffce3f8c7fa8ff8dbe103e381e181e300c3c0e7c0efc0fd40fee4ffe0ffe0,
images/bun_cha/bun_cha_d9b62eda8f283de0.jpg,bun_cha,18,train,web,,d9b62eda8f283de08df37a09544477f313305fc8bd0cee6c2caca130b23587d4,1083000100810ffe17c72fe32fe27fdefffef0066c00ff00ff80f000f803f007,
images/bun_cha/bun_cha_8e62f3331af8a8fc.jpg,bun_cha,18,train,web,,8e62f3331af8a8fce4b6f8bdcda9323cfbf210f475c0633075b7a5086aa7004a,000000000d8020c06060603c603f00bf0fff0fff3c7f3e1f705e715c794c780c,
images/bun_cha/bun_cha_9f42f0aa89cea7c2.jpg,bun_cha,18,train,web,,9f42f0aa89cea7c2974ecc363c3269b649ffae2954a62b58090f54daab0ddf30,186034203fac7fee78ce78c2ff83fe83ff81ffc1ff81ff017e017c027c067806,
images/bun_cha/bun_cha_810c797442ad128f.jpg,bun_cha,18,train,web,,810c797442ad128f88951407f532dfd74d5b94fefde3e9bca1d69aca1bd6f27d,fffefffef3ffc1ff00ff00e381c181810183038387c38f839fbff99fbfff3fff,
images/bun_cha/bun_cha_e6a51d428bad0c6a.jpg,bun_cha,18,train,web,,e6a51d428bad0c6ab88bd0215206e5b3e81cc66d9a9b1e130c6a324259a9623b,fc00fc00ff80ffe0f3f0e750ec38e43be019e07be03ff03ff87fcfdfc39fe03f,
images/bun_cha/bun_cha_ef1acf30bb672116.jpg,bun_cha,18,train,web,,ef1acf30bb672116dbfb6ba8e0a89c937b420b9d8189a052aa714c0a7068994f,0000387400f80ffb1f7c397d343f601f611f613f200f300f381f3f797fe20000,
images/bun_cha/bun_cha_d7c42697c4ddd7f1.jpg,bun_cha,18,train,web,,d7c42697c4ddd7f1a6ce8807e93ef2e7f2c3306a1ab3397d5850c5565c435057,f80ff80f39effffffffb73cc400e801ec008a00f8007e0017801f800ff82f7fe,
images/bun_cha/bun_cha_3e566016005fab14.jpg,bun_cha,18,train,web,,3e566016005fab1417c99176066c278749ae92f38dd6de0c569b0f983b944207,3ffc3ffe1ffe1ffe0ffc0ffc07f803f003f007f007380e3c0e7e1c4e1c0e190e,
images/bun_cha/bun_cha_f13b9fc3fae2697e.jpg,bun_cha,18,train,web,,f13b9fc3fae2697e2a9e42cb0aa58ab0732d5516b2883e7fa1bd90494eb17131,03c080f8c03c827d8245e1c7e61fe41fc007803380ffc6fff3ffe1ff7ffb1ffd,
images/bun_cha/bun_cha_458974fe850fb8a4.jpg,bun_cha,18,train,web,,458974fe850fb8a482fb4351aed997d8d701c2d0ca475ef8748a9b69e1210f30,088889c087c347c307c107c10788031f069f003f0c3f173f073f019f00990019,
images/bun_cha/bun_cha_b4937462ed4cb6f3.jpg,bun_cha,18,train,web,,b4937462ed4cb6f35d25fc5ce97d356333bce1e50bc9931ba821a30132a541f0,00000d8418e619ec1ffcfffcfe00f800f805fb8777cf1fff1fff0ffe03f80000,
images/bun_cha/bun_cha_19c303403432659e.jpg,bun_cha,18,train,web,,19c303403432659ed311b737953ac05ebe3e7cb23484f89c4d772cae7aa1e7c5,002003f01efc3cfee1fec3fefef23c6126600ce00ec48fc48fe00ff04ff0c010,
images/bun_cha/bun_cha_d267cd9e5e1f1873.jpg,bun_cha,18,train,web,,d267cd9e5e1f187304213b85e40e5cb6f64855ec56e24934bf2bb0b936cea92b,084f0147723f0f3f1f9f3f1f788f720fe781cfc3c6c380e69066806380039003,
images/bun_cha/bun_cha_56702e61125e65bd.jpg,bun_cha,18,train,web,,56702e61125e65bdde07382dc432d3a22634b4ebcd9a376307d12c764759b4d1,e000c200e200c4007a2006000e1f083fc47f8e7f8e7f443f201f1a5f787ffe7f,
images/bun_cha/bun_cha_de6f44a3595f9bf8.jpg,bun_cha,18,train,web,,de6f44a3595f9bf87f9fb40924c8ea58294325b03582c07b79f796d96c978ff6,007e00ff07ff0fff3fff79bffcceffc7df07c387c707c607e606740c3c381fe0,
images/bun_cha/bun_cha_226fa4896ffed70a.jpg,bun_cha,18,train,web,,226fa4896ffed70ab335548e4014de88fb7ae1e8fb91ea7f4b12720a41abb965,0038001800002e008300811801be00ff00ff00ff01ff03ff077ffe5fbfefff8e,
images/bun_cha/bun_cha_af41d02666736ea7.jpg,bun_cha,18,train,web,,af41d02666736ea75d8bf66e49b25356de029360663dcf2e465f2ef7a408c163,000000171ff773e387dff0bf7c3f303f3ffffdedfc05381f0001000300030000,
images/bun_cha/bun_cha_344585062b4e6d6f.jpg,bun_cha,18,train,web,,344585062b4e6d6f4f305526c5c138ffc65c4822b2f29617bbda639dcb5d5d87,fffffffff9fff07fefffffbfef1f80008000c0071007000b0201038203c003e0,
images/bun_cha/bun_cha_bedaa2cc3ebc83c4.jpg,bun_cha,18,train,web,,bedaa2cc3ebc83c47cad2131b192c84dccbe0a5c4269f6f21202a2703350cd67,3ff87fecfffefff7ffe7ffc3ffc1fc01fc00fc01fc01f801f003b003d803fc07,
images/bun_cha/bun_cha_611a022c6ddc53ac.jpg,bun_cha,18,train,web,,611a022c6ddc53acdd43716dc322a93e902ac5545003b9e687bb6ba65de8da5e,7fff7ffffdff7c1eb00e410701078083c103e007600e70003007180f8ffee18c,
images/bun_cha/bun_cha_ce66d7c3e3d08829.jpg,bun_cha,18,train,web,,ce66d7c3e3d0882937fd8cc6c4c7066d28515653d36f99803728a733245af374,fe53fffc5f0c360ffe7bd8c0d880b805f9c6fcc4ffc4f9e141c100820ffc01e0,
images/bun_cha/bun_cha_3e77ee0ee475ed55.jpg,bun_cha,18,train,web,,3e77ee0ee475ed55f332a10643d5654ea2c6e3cc0897d0f7c44616c03c85ac42,ffffff4afcf0ffd043c09080acc0e4e4c4ced97df85e7c1b7622be32080e4000,
images/bun_cha/bun_cha_51adbc374d7821fa.jpg,bun_cha,18,train,web,,51adbc374d7821fa0042d67c2bb5371e02db79897f073e759fd06c2949659b5e,7ec47b0463e1803f8000e001480360e33803d817f81ef80f7c064427f0ffffff,
images/bun_cha/bun_cha_a4285210d00073a6.jpg,bun_cha,18,train,web,,a4285210d00073a6540d802070fb9ea4fcaf5ec9625098782e6e4ae03e01c20b,bfff3a7fc07fc03fd03f103f589f18bf805ff001f001f801fc01fc00fe00bf84,
images/bun_dau_mam_tom/bun_dau_mam_tom_2779945061c3227a.jpg,bun_dau_mam_tom,19,train,web,,2779945061c3227ac94fbcc00f29255f2fb74559ea15d7173f637543493c56fd,00000f001f203e203e007e007c03780ef81f7a1f7f0f7f4e3e4e1fd407500140,
images/bun_dau_mam_tom/bun_dau_mam_tom_54bf8def44db1a30.jpg,bun_dau_mam_tom,19,train,web,,54bf8def44db1a301be90c446700a8920d2ff816a477d6241c12477d760c0ed6,00000f001f203e203e007e007c03780ef81f7a1f7f0f7f4e1e4e1fd407500140,
images/bun_dau_mam_tom/bun_dau_mam_tom_79626696028cff48.jpg,bun_dau_mam_tom,19,train,web,,79626696028cff481112f7b2b5618a7edd0db2c7ab4af436c428307ff8a336a6,008003e001f001f801f8003c003e007e067c0ffd3ff93ff00ff00ff007f001e4,
images/bun_dau_mam_tom/bun_dau_mam_tom_a41fe6f94cc18bb5.jpg,bun_dau_mam_tom,19,train,web,,a41fe6f94cc18bb5f7b071bd3a9974ead0d7b2e45605f4904c0f2fb79f59be30,008003e003f001f801f8003c003e007f067c0ffd3ff93ff00ff00ff007f001e4,
images/bun_dau_mam_tom/bun_dau_mam_tom_3b671ad115ccd4fc.jpg,bun_dau_mam_tom,19,train,web,,3b671ad115ccd4fc6a026542fe7e16cecc619e33989d7fb764a02858af6c727e,ffff7e1ffe3f3e3f16311ffa07f307f30ff00ff10fdb03f003f001c000000000,
images/bun_dau_mam_tom/bun_dau_mam_tom_d3d17b3df5b304bf.jpg,bun_dau_mam_tom,19,train,web,,d3d17b3df5b304bf6576476183be3d9435fe0fd0c19ee18cfb864fca4cfa8da4,ffff7e1ffe3f3e3f16310ffa07f307f30ff00ff10fdb03f003f001c000000000,
images/bun_dau_mam_tom/bun_dau_mam_tom_b6059a0813435ebb.jpg,bun_dau_mam_tom,19,train,web,,b6059a0813435ebb6a3ef3b0d1620a99076dcdeaf48835f93841e3cb80f22c44,003001800fe01ff01ff83ff837f827fc03ff01f901f801f001e801de301f701f,
images/bun_dau_mam_tom/bun_dau_mam_tom_eaa928e01c34d146.jpg,bun_dau_mam_tom,19,train,web,,eaa928e01c34d1467d92119c63c0d7e12c0e736594fc3bdab85a2f902030c18b,003001800fe01ff01ff83ff837f827fc03ff01f901f801f001e801de201f701f,
images/bun_dau_mam_tom/bun_dau_mam_tom_419c28518798354b.jpg,bun_dau_mam_tom,19,train,web,,419c28518798354baf24ac5cf6c99133c0f17e74e5bb5dd989d2cd2bb05e193f,00e003f883f883fe93fece1e3e1a3e001e310fe00ff10ff90fdf0feb0500dc00,
images/bun_dau_mam_tom/bun_dau_mam_tom_e63eff444b7b3ee0.jpg,bun_dau_mam_tom,19,train,web,,e63eff444b7b3ee0bda143c8049be15977ee99946edc118b24d47bfecaf152a8,00e003f887f883fe93fece1e3e1a3e001e310fe00ff10ff90fdf0feb0500dc00,
images/bun_dau_mam_tom/bun_dau_mam_tom_325b0e22d20951d1.jpg,bun_dau_mam_tom,19,train,web,,325b0e22d20951d1c1957b58c28dc07fe6cced184eba2dbb93e76b7668eac2d4,ffbff7ffc7ff9dffc1cf43871e83fe01ffc07b80bb00fd007c18261c023e00fe,
images/bun_dau_mam_tom/bun_dau_mam_tom_698087c8aeefdb24.jpg,bun_dau_mam_tom,19,train,web,,698087c8aeefdb24b5d1046abd323afe0b584d09961da063eba31bd294981094,ffbff7ffc7ff9dffc1cf43871e83fe01fbc07b80bb00fd007c182618023e00fe,
images/bun_dau_mam_tom/bun_dau_mam_tom_d0b3c5fc95915379.jpg,bun_dau_mam_tom,19,train,web,,d0b3c5fc9591537967e42cfe2de318199ca0eb9110b61b07c04be3c12bc92cb5,01830000102224030103c300c790ffdcff9cffbcfff8fff8fcf8ecf0f0f0b1e0,
images/bun_dau_mam_tom/bun_dau_mam_tom_e757c62fb60fb540.jpg,bun_dau_mam_tom,19,train,web,,e757c62fb60fb54054f820dc88944bf5f52324f85694b74774aae3b099f4a148,01830000102224030103c300c790ffdcff9cffbcfff8fff8fcf8ecf8f0f0b1e0,
images/bun_dau_mam_tom/bun_dau_mam_tom_520376028303bc90.jpg,bun_dau_mam_tom,19,train,web,,520376028303bc90737c0dd0c5c4642c152ff9e20494330b6d9ac5c31e934668,4000002000f017f83ff83e0c3c9c3efc3fdcfe3cdf7cfffc0ff807f007700300,
images/bun_dau_mam_tom/bun_dau_mam_tom_8458b1ff67c15601.jpg,bun_dau_mam_tom,19,train,web,,8458b1ff67c156016aeb1e7fc0840e59a5d197e07efc2aa2c62aae44ae10c4f6,4000002000f017f83ff83e0c3cdc3efc3fdcfe3cdf7cfffc0ff807f007700300,
images/bun_dau_mam_tom/bun_dau_mam_tom_53cdf80776dc8f6c.jpg,bun_dau_mam_tom,19,train,web,,53cdf80776dc8f6c59424d64120c245e448da0f250a60b13cff9d5bbfc8ddae7,fffffeeffffff737df0398438431812180318413ce03ee37f237df3fff3fff97,
images/bun_dau_mam_tom/bun_dau_mam_tom_cd11b1af23132927.jpg,bun_dau_mam_tom,19,train,web,,cd11b1af231329272daa0cceda707596976df8c4b567f56670d0ef69593d6bcc,ffffffeffffff737df0398438431812180318413ce03ee37f237df3fff3fff9f,
images/bun_dau_mam_tom/bun_dau_mam_tom_c6428fc63c9776a2.jpg,bun_dau_mam_tom,19,train,web,,c6428fc63c9776a2a8c57ad4bb0657a8cbaa7176bd7df9f7efd19fa19a6d5d22,c00b000d07c11fc03f843fbd117c805cc11c00fc87fc07fc0ffc0ff802300000,
images/bun_dau_mam_tom/bun_dau_mam_tom_fcf2e412c3edc3b7.jpg,bun_dau_mam_tom,19,train,web,,fcf2e412c3edc3b7757b4fbb184de90147412df295eccca99e9bb7eabc47bbe1,c00f000d0fc11fc03f843fbd117c805cc11c00fc87fc27fc0ffc0ff802300000,
images/bun_dau_mam_tom/bun_dau_mam_tom_49be8c5994e71cac.jpg,bun_dau_mam_tom,19,train,web,,49be8c5994e71cacb614477c066ca83b09885c5971dc8f877b20cb57bcaf79ed,03fc03f800fef07ef000c0401f783ff83ffc7ff87ef97ff17ff1601841034006,
images/bun_dau_mam_tom/bun_dau_mam_tom_daecd7bfc1fa3633.jpg,bun_dau_mam_tom,19,train,web,,daecd7bfc1fa3633469e349e4c7a1e53d73abdc1b72d6cf12b66d098d4f52131,03fc03f800feb07ef000c0401ee83ff83ffc7ff87ef17ff17ff160184103400e,
images/bun_dau_mam_tom/bun_dau_mam_tom_12d0c44163fc3071.jpg,bun_dau_mam_tom,19,train,web,,12d0c44163fc30712016ea0d89acc277ceeff1520765bc13e6d3125b4a5114ec,0fc00fe40fc71f87cc07c7000f500f777f7eeefffcfec0fec0000c011c070677,
images/bun_dau_mam_tom/bun_dau_mam_tom_d78134c37edac3ab.jpg,bun_dau_mam_tom,19,train,web,,d78134c37edac3abf9f9b8b91c6afcc574b85299c62d8aa8010b079134e58adf,0fc00fe40fc71f87cc07c7000f500f777e7eeefffcfed0fec0000c011c070677,
images/bun_dau_mam_tom/bun_dau_mam_tom_4a7dd1b972d922a8.jpg,bun_dau_mam_tom,19,train,web,,4a7dd1b972d922a8b928feecf7b413b1cf5ed9f6d851a16b8b13c71b8b20d115,fe7efc3fe03fc8071801df10cf903f137f984ff00fd085c080c0c180c11fc07f,
images/bun_dau_mam_tom/bun_dau_mam_tom_ffb064c257765ebf.jpg,bun_dau_mam_tom,19,train,web,,ffb064c257765ebfcf84482155ede5b30389f9ea3ad696ac09f4d3d5bb893fed,fe7efc3ff03fc8071801df10cf903f137f984ff00fd087c090c0c180c11fc07f,
images/bun_dau_mam_tom/bun_dau_mam_tom_740cd23b3dd3edf1.jpg,bun_dau_mam_tom,19,train,web,,740cd23b3dd3edf1260fc89ef62d3b358ef9ac0b1d4eb138fcc4b850d0c60c1f,ce013e18383803fc07171e079e17be1b781c70187864706078003d807efecffd,
images/bun_dau_mam_tom/bun_dau_mam_tom_cd6372837035fe42.jpg,bun_dau_mam_tom,19,train,web,,cd6372837035fe4259ce1c0b831f8c4dfa8a8b0974394354a267ea6f7b7467bb,ce013e18383803fc07171e079e17be1b781c70187064706078003f803efecffd,
images/bun_dau_mam_tom/bun_dau_mam_tom_dfdd4036aca0f381.jpg,bun_dau_mam_tom,19,train,web,,dfdd4036aca0f381cf7cef4ad90ba040819dcb31f26d5415ea7d60a04bb57138,fefff83fc87fdcfcc7fefd7efc1ee0068002008300e180d0807e00fe83c0ca08,
images/bun_dau_mam_tom/bun_dau_mam_tom_ead2d7dbcc0bdf4f.jpg,bun_dau_mam_tom,19,train,web,,ead2d7dbcc0bdf4f41dd1816eec399170c098e915ecc128e88620edd351e2fd5,fefff83fc87fdcfcd7fefd7efc1ee0068002008300e180d0807e00fe83c0ca08,
images/bun_dau_mam_tom/bun_dau_mam_tom_0a41cc9aac15c64b.jpg,bun_dau_mam_tom,19,train,web,,0a41cc9aac15c64ba59ff68605d29b5640085ff6c40669071693fd3e685c52e1,00d401e607c27f00c500e0008001007dc7fff7fdf3fc733f7fff1fff0fff07ff,
images/bun_dau_mam_tom/bun_dau_mam_tom_c7e9137dcb76cd3b.jpg,bun_dau_mam_tom,19,train,web,,c7e9137dcb76cd3b47de380a04131002bcccc28c1ef00ea2195fe7306abf54fc,00f401e607c27f00c500e0008001007dc7fff7fdf3fc733f7fff1fff0fff07ff,
images/bun_dau_mam_tom/bun_dau_mam_tom_c835eb950b7a7474.jpg,bun_dau_mam_tom,19,train,web,,c835eb950b7a7474a552932f850981a42bf3479e4a9a176f4a2f32a56f952f34,8014300060e650fc63fc4ffe7cfefc7cfc7ef83efcee7efc7a721a7088008000,
images/bun_dau_mam_tom/bun_dau_mam_tom_d81e72d19180ee27.jpg,bun_dau_mam_tom,19,train,web,,d81e72d19180ee27bc3736b354659b7ae56f8c67c0d957bdf60cfc64296f1af7,801c300060e650fc63fc4ffe7cfefc7cfc7ef83efcee7efc7a721a7088008000,
images/bun_dau_mam_tom/bun_dau_mam_tom_2e5d18760c9d43c5.jpg,bun_dau_mam_tom,19,train,web,,2e5d18760c9d43c5fdf0ff9564e131389bf92b740ed2f78985cb53ca4cbdbe34,9fe8afd0ec50f8d0f0e0e6f0f660e450c030d030f020f1e673c2fd42fe12f71e,
images/bun_dau_mam_tom/bun_dau_mam_tom_5196d8808369b59c.jpg,bun_dau_mam_tom,19,train,web,,5196d8808369b59c1ccca22f6f2212204b9570c00ca6f986c614733f83ca9c0d,9fe8af90ec50f8d0f0e0e6f0f6e0e450c030c030f020f3e6f3c2f942fe12f71e,
images/bun_dau_mam_tom/bun_dau_mam_tom_aac1c5d2ec7ac517.jpg,bun_dau_mam_tom,19,train,web,,aac1c5d2ec7ac517d01add6517a793317a7f79a62e4f3b3cb579a5825abd2a68,c3c4c7e0f7f8c7b8c738e208e0dce0dce05ce09ce21ce338c7fce7ecf21cf186,
images/bun_dau_mam_tom/bun_dau_mam_tom_de65fcad9f626d5f.jpg,bun_dau_mam_tom,19,train,web,,de65fcad9f626d5f4d796ad93a659dd036cad6cc4263196fbe86ca5c4b9e8944,c3c4c3e0f7f8c7b8c738e208e05ce0dce05ce09ce21ce338c7fce7ecf21cf186,
images/bun_dau_mam_tom/bun_dau_mam_tom_abb1087326c9d983.jpg,bun_dau_mam_tom,19,train,web,,abb1087326c9d983e6ac405cbbf4ab247fcc179581701cce275a28d538517c88,840980c4c0e401f023fa03f807fc0bfffffffdfd9fc33d2310ff007f800082c0,
images/bun_dau_mam_tom/bun_dau_mam_tom_f66353f905704bea.jpg,bun_dau_mam_tom,19,train,web,,f66353f905704bea6aff6e1a5af047ffe8414a56f7b4982dce8c6d117308c560,840180c4c0e401f023fa03f807fc0bfffffffdfd9fc33d2310ff007f800082c0,
images/bun_dau_mam_tom/bun_dau_mam_tom_6fd4b35f2bc68294.jpg,bun_dau_mam_tom,19,train,web,,6fd4b35f2bc682945468321783fffd154b6369d736471c6890a3b71a050968ab,183e108fcf83dfc31f030fc30cc105e105e109e301ef01cf03dfc7bf003f607b,
images/bun_dau_mam_tom/bun_dau_mam_tom_941e9bb7aea308bd.jpg,bun_dau_mam_tom,19,train,web,,941e9bb7aea308bd6b304b8ff2b05f2d6bb7ad97ca878002ae6985425a00451b,000302830ff01ffc3fb63f3f1ff77b71fac099cf07cf8fff9ffffbf2ffffffff,
images/bun_dau_mam_tom/bun_dau_mam_tom_44dd969b97e4f346.jpg,bun_dau_mam_tom,19,train,web,,44dd969b97e4f34639ba00f80277857ca2bda5c7990439eef58e13913c16504d,fc47fcdfe3e7c04387031e030c1f061f1c0f190f5def07ef07ff03ff03ff03ff,
images/bun_dau_mam_tom/bun_dau_mam_tom_112961b0deb14972.jpg,bun_dau_mam_tom,19,train,web,,112961b0deb149729d7b7e633a2ccdb9ef8169049c063e57e8ce17840be1870f,07ff0fe3446018602c60c470c6fcc7ffe7f3efe8f8f8f0c6f07ef040f0c0f8c0,
images/bun_dau_mam_tom/bun_dau_mam_tom_feabdb5ef6af0063.jpg,bun_dau_mam_tom,19,train,web,,feabdb5ef6af0063be67e6e9e3d7badbd144f2cc57295985963f7d049caaea1e,83c3ba4338033801b840b02165a167e7ffe3ffc0ffc17bcd33ed83c181c3808e,
images/bun_dau_mam_tom/bun_dau_mam_tom_6ba1b6c474ef84e5.jpg,bun_dau_mam_tom,19,train,web,,6ba1b6c474ef84e569234a470e73c640249abf2dc8113bd7a6c156f8ac85170e,ee247e047f34ff044b84784078407048f4487ec0fb8079b86f78fff87ff87df0,
images/bun_dau_mam_tom/bun_dau_mam_tom_3543fb3f96837663.jpg,bun_dau_mam_tom,19,train,web,,3543fb3f968376639fa57b32eba78494707e8796b922bc2699bb97fccba886ed,000000000008003801cc03ee07df079f079f3f3f3cffbfffdfff7fff3ffb1f7b,
images/bun_dau_mam_tom/bun_dau_mam_tom_f1f6c6d9cd03fcc0.jpg,bun_dau_mam_tom,19,train,web,,f1f6c6d9cd03fcc062e1718369c5b87b82df647d1862c9ef8fd85e73c41f6316,000000c003c003c003be203e2018400b738be7bbc0fb82fba0ff08f7c7b7ec97,
images/bun_dau_mam_tom/bun_dau_mam_tom_45d63e370b4fa365.jpg,bun_dau_mam_tom,19,train,web,,45d63e370b4fa36558e68420a988841ef7d48eb4bcc552b6c9156f3cd42f3d61,03ff03ff83ff4fef64ff007f083f083f083f0c27046f0303300f008f001f801f,
images/bun_dau_mam_tom/bun_dau_mam_tom_1482b4b9c52b5b49.jpg,bun_dau_mam_tom,19,train,web,,1482b4b9c52b5b496a254e792c6dfc2068384b41bea3e025694d75db84992f4c,e07fe0ffe0ffc1ff81fe81fe021a061f861f8a1f9a1f933ed9eedec4ff24f128,
images/bun_dau_mam_tom/bun_dau_mam_tom_6055f4f0f0eb5689.jpg,bun_dau_mam_tom,19,train,web,,6055f4f0f0eb5689d2311a484c90097cc7a0ec3cd22bc0afeb3957a7b28c090a,00000020000001c033e37627fc07fc07fc07fe03fce9f8ffe0ffe0ff603f201f,
images/bun_dau_mam_tom/bun_dau_mam_tom_5015d6795d06d8e7.jpg,bun_dau_mam_tom,19,train,web,,5015d6795d06d8e762ebfb1fd9cf43ee7571eb1e6a7c281f26b4a39dddaac499,f078e078807e807e5efc7ef07ff1fff8fdd8f1c0ff80ff80fe0041012f830806,
images/bun_dau_mam_tom/bun_dau_mam_tom_b9e1946084ab6816.jpg,bun_dau_mam_tom,19,train,web,,b9e1946084ab68165cdd0eb75440de60117403d09922490be96be677c49ee43e,07c3e6c1f001f000e040e0418361dfc7dfe3dfc0ffc0efccefcc47c103c3018f,
images/bun_dau_mam_tom/bun_dau_mam_tom_63105bd85ee0e695.jpg,bun_dau_mam_tom,19,train,web,,63105bd85ee0e695eaf3def54d597a6efa654828ef07ecadb1f4f35f8d1297eb,180043b0fff03ffc3ffe3ffe4fffc1ff80ff001f018b01c301f1007980008050,
images/bun_dau_mam_tom/bun_dau_mam_tom_c6e6b8347e788a0b.jpg,bun_dau_mam_tom,19,train,web,,c6e6b8347e788a0bc039ac03a794bf4f73950a5a2a5a662bfff140303ae8e213,ffbfff90fa0cf806f902fc3ef8fcf0f8f0f8c0fccd38d3b0662060a064005000,
images/bun_dau_mam_tom/bun_dau_mam_tom_4fa429135ccff4aa.jpg,bun_dau_mam_tom,19,train,web,,4fa429135ccff4aa4d9520f92002c6192a2f12e931aa21dd21cb8d9c36eec5b9,087dce3f867f037f81f707e300e1004020cfff9ffcd8f07071f0f120f130a130,
images/bun_dau_mam_tom/bun_dau_mam_tom_2e47e910b0d436e0.jpg,bun_dau_mam_tom,19,train,web,,2e47e910b0d436e094f416066fac05e499972713024b2526fdaa3284a5cb509d,1f0707678dc30fff03fcbf9eff7e83fc07fc03fc03c4808002020204010803e0,
images/bun_dau_mam_tom/bun_dau_mam_tom_a03a2144df0f6439.jpg,bun_dau_mam_tom,19,train,web,,a03a2144df0f64391aed836fb4b74223c28dc5044ee8d26cacebdcb8cb0dc30b,fe8cff84fb00ff827380f200df84ff80ffe08fe08ff08c3183f1c1f2cc12fc66,
images/bun_dau_mam_tom/bun_dau_mam_tom_56c1b22773b182ac.jpg,bun_dau_mam_tom,19,train,web,,56c1b22773b182ac19b43a3122dff6da65740e60ead7d5dc8c11bd4cf76c5429,ffe7ffe3ff43f7c3ee41fc609640c38180008839900f988fe317c667e1cff89f,
images/bun_dau_mam_tom/bun_dau_mam_tom_656fb76621b86401.jpg,bun_dau_mam_tom,19,train,web,,656fb76621b8640187cca6f054a09c2608ced07088d9b1881dfffd6f7ac5481d,787cb83ed03f483ff803fc41f784fa0cff80c780e700fe42d1c6f1c0f1e0f1f9,
images/bun_dau_mam_tom/bun_dau_mam_tom_ce9ee96c8c48495f.jpg,bun_dau_mam_tom,19,train,web,,ce9ee96c8c48495f6affe03842f0bd9f2466f4f03105ba27ffac0249d27bb8c1,81c080c08010823c103f51fe27be3b3e363e103e0c1e041e860efbf7ebe5ffef,
images/bun_dau_mam_tom/bun_dau_mam_tom_badec5847c6d7db0.jpg,bun_dau_mam_tom,19,train,web,,badec5847c6d7db0364932df306cc06257e786ae3e4446f130945edb85ebdda7,f800f7e0efe0afe09ce0b9e7f2dcf0a8fee0cfa2fdf07d809f80bf90af2135e3,
images/bun_dau_mam_tom/bun_dau_mam_tom_40b3b236f7fa644f.jpg,bun_dau_mam_tom,19,train,web,,40b3b236f7fa644f5167ee4c9abe902d3080217b95a0e33e9f8ecaaf8fbeea81,ffff1fff1ffc7ff87fd8ff80fc00f000e000e400e40fe01f303f003f007f80fe,
images/bun_dau_mam_tom/bun_dau_mam_tom_05d19606b404f196.jpg,bun_dau_mam_tom,19,train,web,,05d19606b404f196c3c01be85057e89eb2b945b13d826a708c917cc2cd79317c,e000e000e07cf078e6f807fc0ffcfff8bfb7bf8ff7bce7f8f7f823cc01080000,
images/bun_dau_mam_tom/bun_dau_mam_tom_d8a92ba96088acdf.jpg,bun_dau_mam_tom,19,train,web,,d8a92ba96088acdf700a5332cf92ca06057d134dc8cee6c3b838230bc832a2f7,000001c037e2e7e64df66df26d707cb04db06fb7678777c7079f039f040f020f,
images/bun_dau_mam_tom/bun_dau_mam_tom_abdbee6bec2fe67f.jpg,bun_dau_mam_tom,19,train,web,,abdbee6bec2fe67f50431d64153d4bf10e5516ba7c52d06ee8b8a92b01a8e5f8,8000c001c003e3c7ffffffffcffd87fc821de003e0ffffffffbffc1ffc1ffe1f,
images/bun_dau_mam_tom/bun_dau_mam_tom_2a0a07bfc2c0cae4.jpg,bun_dau_mam_tom,19,train,web,,2a0a07bfc2c0cae468f77c26a492110195bf068480ee8347b94f6f4d2b049947,fffffffffffff3ffe1e781c7c1838309c389c3c381a080e18163e1a1f027ff0f,
images/bun_dau_mam_tom/bun_dau_mam_tom_4e752602ebb27aff.jpg,bun_dau_mam_tom,19,train,web,,4e752602ebb27affca000db2af142242bf7c84f49ea92d5e872a4582a623d471,f7ffc1ff81ff81ff827f804382018e009e00ff01ff01de01de03ec07f40ffc1f,
images/bun_dau_mam_tom/bun_dau_mam_tom_8344451452ae4db7.jpg,bun_dau_mam_tom,19,train,web,,8344451452ae4db7e37b901ece15691f57db381d0b0d4aa5ab8549e800d7e48b,060e0f0f1e193e09fe64fb70d3f0c1f081f800f071f0f390fb80f980f800f000,
images/bun_dau_mam_tom/bun_dau_mam_tom_44bbf9147c6f1e61.jpg,bun_dau_mam_tom,19,train,web,,44bbf9147c6f1e61c582a86b503b5673f663cf098127b5364c58657c7c8fcd39,fff0fff0f072f07ec0fcc19ce1dce1c8e3ece3e6c3c3c1d3c003c013841efc18,
images/bun_mam/bun_mam_939d050e0f60db48.jpg,bun_mam,20,train,web,,939d050e0f60db48e5a7bd9a4ce5fe4c524e1b4972d1e7801365b50527ba9201,03c30ff91ffc3ffe7ffe7c3ef00ff00ff007e007f006700e700c38181ff00fe0,
images/bun_mam/bun_mam_ec1e4e21be7cdb12.jpg,bun_mam,20,train,web,,ec1e4e21be7cdb12ef1513643dc0b023184c98d22d7abd73f689c09fe138fce8,03c30ff11ffc3ffe7ffe781ef00ff00ff007e007f006700e780c3c381ff00fe0,
images/bun_mam/bun_mam_ca54f032851733d9.jpg,bun_mam,20,train,web,,ca54f032851733d961f8d9fda564a127f0373a7428e661aaf2e2c7c947ac2970,111c801c87ffbffbff87800f039f03df41cf01ff00ff206334021c0c0338e3f1,
images/bun_mam/bun_mam_dc89c1e8f4209f71.jpg,bun_mam,20,train,web,,dc89c1e8f4209f711106b795f4cdfe2ae2f4f3653b32e571e9e65297ae339cb9,111c801c87ffbffbff87800f031f03df41cf01ff00ff206334021c0c0238e1f1,
images/bun_mam/bun_mam_873d5086fe49ee37.jpg,bun_mam,20,train,web,,873d5086fe49ee377ebc3c0ce4fe4711ed1d12c4a49e1d06150717f382a1d981,0006808093c078007900fc00bec09fe09fe0cff0cff0efe1f383f807ffffffff,
images/bun_mam/bun_mam_d698dce421709e31.jpg,bun_mam,20,train,web,,d698dce421709e316fa17bd14ea0e15afed9698aea402240d8dde4e3befb4712,0006818093c0f840f900fc00bec09fe09fe0cff0cff0cfe1f183f007ffffffff,
images/bun_mam/bun_mam_d13a9d733612bc17.jpg,bun_mam,20,train,web,,d13a9d733612bc1767d6c0889eb652f1cc9fb8e8d76eb9e36e72d4d653cf3282,fffefffef3fffb07fb07f007e003008300030007001f0037009f0007840fe01e,
images/bun_mam/bun_mam_fae973450b344bce.jpg,bun_mam,20,train,web,,fae973450b344bce0c212e98c3725176dfe8d2a76c8f5cce4a88a6deec4421f1,700e7786ffe3ffe3ebe3c1b1e1b1a3e1a230b8b8982900e131c1c723ee036006,
images/bun_mam/bun_mam_ef97447c14e3bdd9.jpg,bun_mam,20,train,web,,ef97447c14e3bdd974458f3494a7cf114ae507276c6b10680f30fb9825a9342a,00000001000000000060007e003f003f00ffffffffffffff7ffc1fe000000440,
images/bun_mam/bun_mam_01df19b8820abe70.jpg,bun_mam,20,train,web,,01df19b8820abe7000c5f33c1bd9727eda4e70f961439696046e05643f0345c9,1ffc3ffc3bdc7f0e7f82fcc1fc41f01ffc7ffc3f743f3ffe7ffe1fbc27b41128,
images/bun_mam/bun_mam_5c55f1706277b43b.jpg,bun_mam,20,train,web,,5c55f1706277b43b570589403a0e3b88f1ee24032013371bede90dd69b3cd8b1,fffff83df01df00fe007e026e006e306e70ef00ef68ef38ff83fd87fcc3be7e3,
images/bun_mam/bun_mam_7c478f4f4678b4ee.jpg,bun_mam,20,train,web,,7c478f4f4678b4eece0fad4a14514a4e1d7a5b35e7a63a4921cdd5673d030963,1e78381c300c710e6006e007e387efc7c0c7e087e0076106718e301e381c1efc,
images/bun_mam/bun_mam_05d43e7266116344.jpg,bun_mam,20,train,web,,05d43e72661163441cee173f8cfa60921739a9d3e61d71b5e114c5a7ccdac7f3,807f00ff087ff81efe07e7ce9ff03f78e00cc046c0c6c3c4630c007f8007301f,
images/bun_mam/bun_mam_79e3dfb28b10a9d6.jpg,bun_mam,20,train,web,,79e3dfb28b10a9d6807eddec3fac76a89cd3465966b0e0e29b7169ea18c8e087,c0efc1e7838387038603061106510fd11f790d790f6980898089c07bc403e007,
images/bun_mam/bun_mam_b57f9e3099731613.jpg,bun_mam,20,train,web,,b57f9e3099731613eb67126b990a3f22ca7bc2f995dec92e347510cd9a018bb5,fe7ffe7ffe7fffffffffeffbeffb8ff30ff306e1002100200000000000000000,
images/bun_mam/bun_mam_a24c477683c890ec.jpg,bun_mam,20,train,web,,a24c477683c890ecce80e5156c13ff43f5da4103b9a01b4a8103cbbd23831d46,0000000107c11fff3ffe0001fff9fffdfffceff9e20060406000f000f000e300,
images/bun_mam/bun_mam_3b958d719d305a54.jpg,bun_mam,20,train,web,,3b958d719d305a54baf99ac318562a2cc0d8dd97bc3e2648a87df99cb9f8b877,063e06f80638060001f000fcf91be610c01ec01f800dce0fce0fed0f991f881f,
images/bun_mam/bun_mam_e8a159dd03d3c4c9.jpg,bun_mam,20,train,web,,e8a159dd03d3c4c913eec58f37af00b8627ae9c994f4361df9653a0a21eb34df,20020f0a3fe07f20fd10fd88ffc8e7e6f73607b20bf20fc601ce885dc37ce0e5,
images/bun_mam/bun_mam_f8d33275c63a98a9.jpg,bun_mam,20,train,web,,f8d33275c63a98a9237b31f62e569984c0a0b41c3116d92d1e14f5607c19eda1,fffff89ff807e003f001a000e000e00cc80eede9f9dffc9ff5cff00ff80fbfbf,
images/bun_mam/bun_mam_b5676942d7ec854a.jpg,bun_mam,20,train,web,,b5676942d7ec854aa26c61d62233fa54632fa3646b7cc41d6ad5d30d114e175f,81e0ffffffdff82ff84ff143f801f000f001c008e000f802f80bf863f87ff8ff,
images/bun_mam/bun_mam_c3f69d27492eba91.jpg,bun_mam,20,train,web,,c3f69d27492eba91ada48c5250aba3e783ee8349eb8370366a77252fc79328d0,c01b007901e007fc03fe07ff1fffffffdffe09fc001810006000001e007f00ff,
images/bun_mam/bun_mam_d41b47fd7e36061b.jpg,bun_mam,20,train,web,,d41b47fd7e36061bc2740535f6d5ba8bc956c914ede8b8ce6a9bebf68cf82552,0011001001c003e007e007e007fe7ff1ff80fe00fe00ff00ff00ff00fe00fe00,
images/bun_mam/bun_mam_fb81f43b823d4e6e.jpg,bun_mam,20,train,web,,fb81f43b823d4e6e59ef1c97f39b9b8b44002590ff5f4c73d35e56539b1a37cd,0fff1fef1db31c933873381b381f3c3f3e3f1ff7dfe76fc72700000000006000,
images/bun_mam/bun_mam_79bdc2b3c3123554.jpg,bun_mam,20,train,web,,79bdc2b3c312355462ccb9d8908829879172644d7c91cbd648efab51d6f69a20,f300e1d0c398c3384e30667027f03ff81ff803f807b88770c770e620be00cc04,
images/bun_mam/bun_mam_ea6cfafe13bb52e7.jpg,bun_mam,20,train,web,,ea6cfafe13bb52e7054c091b1c6c3bd54be6153c7c35e441a410418c5f35d90b,3bff31ff31ff31cc30841a441f3c367c62fe61fe819bc1a1c1b1c1b1f1907192,
images/bun_mam/bun_mam_8f79a0bb19850f45.jpg,bun_mam,20,train,web,,8f79a0bb19850f45ca224312867416446d5797ae429442c59234af8997bea20c,1ff87ffff21fc03fc027c006c007f0df0011001f707ff0f1f3c0f780f400fc05,
images/bun_mam/bun_mam_e3071eee0b46c9e8.jpg,bun_mam,20,train,web,,e3071eee0b46c9e8c3f1edc55215d7124ec64a74ed5cf1efe158f995a770d8fc,003700730c7bfc3ffe0efc1cf83cf0bce0fcf5e4fa4cfe18fc38eff0f3e0f000,
images/bun_mam/bun_mam_937719725b3273bf.jpg,bun_mam,20,train,web,,937719725b3273bf17f008610a1d1a90005ca21ced41a9fe78dbec30d970ad60,433c41f843f97f7f7e7ef0ffe1ff81b800181401311389bf80ffc00e601c3870,
images/bun_mam/bun_mam_5b8b2fec3670209f.jpg,bun_mam,20,train,web,,5b8b2fec3670209f7a1cc8a98501f78546cfc4ea3fb2928058eb00e589f08a6e,300020800f033f107f987f78ff38fc38fc18fa18fa58f958fc38fc70fcf0f660,
images/bun_mam/bun_mam_ebdd885674468440.jpg,bun_mam,20,train,web,,ebdd885674468440981f56dcafc0f2a62c104578357bf6b1fbf67dba51c562ff,000087007f01fe01fe019c051e679fdfffdfe5ff40ff00ff04ff07ff81f0219c,
images/bun_mam/bun_mam_4d1df2a1fae96d40.jpg,bun_mam,20,train,web,,4d1df2a1fae96d40cf4f00baa2480bfccc46c26ff3971792ecc179476767b981,71fed05e807fa87f983f849b0cf7080f104f1407a267807e496e7e0e3f1c3ff8,
images/bun_mam/bun_mam_a1f4f22346fcf9b1.jpg,bun_mam,20,train,web,,a1f4f22346fcf9b1d2965d7be9981e52c8ef0e033df1bd35face2d55fe5df1c4,80f8c104c1c01fa09d8080f8d7fe9efff61fe01fe80ff80f619ff13efcecf01c,
images/bun_mam/bun_mam_d021006840b9b934.jpg,bun_mam,20,train,web,,d021006840b9b934a38094ea1c94715f4c35e4e6f43ef3cc7bd4d0e4cad7a510,07e007e007c0038003c007e00ff01ff01ff81ff81ff81fd81f981d381ff00ff0,
images/bun_mam/bun_mam_3ad571dc861a6e57.jpg,bun_mam,20,train,web,,3ad571dc861a6e57dd40750177fac04b39814e245f6286c6f3296b7010836996,fc767c260782819f831f07e77ffb5fc31fe31f223c0b3a0998499813c896f886,
images/bun_mam/bun_mam_eccc29a0b5cffb4f.jpg,bun_mam,20,train,web,,eccc29a0b5cffb4f59e0a4978eb643e92296d16eba6f8813cbcb71e7fa093acf,000f00e7006701f7f1e7e383e3a3e03360f3785118b08e600d60dd036f802380,
images/bun_mam/bun_mam_6e35f3e7d4a92318.jpg,bun_mam,20,train,web,,6e35f3e7d4a923180b92db8955b3e3b4360f7809f5d41e7ef3ca7f30e0d10a92,ffffffffff3fe63fe27fe73f807e409e18fe60f4608400000000000000000000,
images/bun_mam/bun_mam_eecfe62a5b782acc.jpg,bun_mam,20,train,web,,eecfe62a5b782acca7a24e1624354bbddcaa44a6ba18fc9d875af14fd0b19b75,f83fce01bf001ee030a0380cf800f631e7f0c3f007fc01f407e601e7c007fc1f,
images/bun_mam/bun_mam_642992778f6e8744.jpg,bun_mam,20,train,web,,642992778f6e8744d9bd78e49ccaa2557302754075cb117c7199cbeaa5d506f7,fc03ffbfffffffff1fff001f00010000030000000007e03fe35ff05e03181a00,
images/bun_mam/bun_mam_4569d2e4d95f2675.jpg,bun_mam,20,train,web,,4569d2e4d95f2675a95939264e3dae24db15aa809f82e881e16f94238ceb61d7,cc2e4c0e780f31978b9ff3f3ffffffffdf1f7e077c36380e1c4c0c4803808001,
images/bun_mam/bun_mam_08d6acdd6e67cb99.jpg,bun_mam,20,train,web,,08d6acdd6e67cb99ccd0d8c5d4d10842521591d60bd76ac604eae4ac95cc8a0f,03e00ff01bf833fc31fe23fe021e061f401f50af4873483a2f3a2ff23ff41fc8,
images/bun_mam/bun_mam_6f46acfa38a30dc4.jpg,bun_mam,20,train,web,,6f46acfa38a30dc4c68664a3f6e617a004d4c9fd5def795fa534fd7f18e42746,f067f063e0fffbfff83cfff6fc80f980c280e0a0fe80d680c202810000000000,
images/bun_mam/bun_mam_f3a98adf55b61c25.jpg,bun_mam,20,train,web,,f3a98adf55b61c25a753fdfdeeece3ded6e5663f91807b01b844bb91208943d4,ff81ff81ff01ff81ff81ffc3fe7ffc3ffc3fcc07c2038101a19183e183e183e1,
images/bun_mam/bun_mam_c68866dbbd444c88.jpg,bun_mam,20,train,web,,c68866dbbd444c88c59d97781de9281e0f7da39335c229901a12f8a9d02029c3,013001113b18f91cf9fe70ff601a000c007e007f00ff00ff01ff01ff01ff01ff,
images/bun_mam/bun_mam_d0a425da76adb0eb.jpg,bun_mam,20,train,web,,d0a425da76adb0ebeb063c446c154d2fcdad2aa9505b90546ffe66dcaa88892d,01e401e203e303e13ff17f4367e1efe3ffc6f3fce1f8feb85f785f4c1c4c0028,
images/bun_mam/bun_mam_1c03890601c60884.jpg,bun_mam,20,train,web,,1c03890601c608849242f1f9045474cd5eef64ea889e31769ed658eb09400295,f441c440c048c078c0f8c0f0e000ce00c0008003801fe07ff8ffffffff0fff8b,
images/bun_mam/bun_mam_8bf56e29d6908118.jpg,bun_mam,20,train,web,,8bf56e29d69081180cc45c5a25195d1ded5cf0756cfa1422f4cd4cc742335838,97c0b7e219f9107c21fc439e072fdc3f9e83bf83bdc19d8118310e7d1a799f0b,
images/bun_mam/bun_mam_ffc25433442f424a.jpg,bun_mam,20,train,web,,ffc25433442f424a0f44bec684713f0a36067f709986f1765750d93d54f42883,0f801f903ff7fbf7f3c0f942f904fbc47be076e02660036001c0000000000000,
images/bun_mam/bun_mam_699048549cac96d6.jpg,bun_mam,20,train,web,,699048549cac96d677230a548df2378daa8bbcd3d23561798673a5bd529350d8,1ff87f7ee41fc00f8003818b8060e02ce0180781918780bfc077e07f7fff1ffe,
images/bun_mam/bun_mam_454bf503709660bd.jpg,bun_mam,20,train,web,,454bf503709660bdbcb1dc950795f191889ae075d791a11f38bb983981237cec,0001000000060c2f03ff1cff1eff07fee7fe07fc3ffc77fcbfdcbf08e0006000,
images/bun_mam/bun_mam_0e5daa5596738ce3.jpg,bun_mam,20,train,web,,0e5daa5596738ce39986afd027b890129763478ce57ea75b51696a17eb201f1e,3bf87bff3fff3efc1f701ff833fe6c70fc30c01080300070806f80c380c0c180,
images/bun_mam/bun_mam_96ee5c58f306d888.jpg,bun_mam,20,train,web,,96ee5c58f306d88892b57df14e11b4799112b39e7acd5af6d6edf09a5e395db5,ffa3bf239f3ff0ec20458007f7f3fdf3fc1bff09ef31c410c03cccfccf04ee00,
images/bun_mam/bun_mam_1f80f5f5c6bd2c79.jpg,bun_mam,20,train,web,,1f80f5f5c6bd2c79bf2f3e1f71ec3acc23817be1cc1db52fe4327713a8938566,fffffffff81fe007c3f39ff89c1c38003000310030067c027803580358037002,
images/bun_mam/bun_mam_0b0a635335b057a0.jpg,bun_mam,20,train,web,,0b0a635335b057a03f5e2515fe1a3a336090ee9707e175ccc78451165953b841,0000e600fc0cfc0ce004fe04ff06fffffe3fffbff1ed804f00570007803f04df,
images/bun_mam/bun_mam_867fbf97c55b7ee8.jpg,bun_mam,20,train,web,,867fbf97c55b7ee828285bc9018ca3f0db9960fb7fcdaea4d4418abf4fed5736,07f00ff87e7ef607ee07c003c0039c01b901b101c003c0c3e1c7700e3c7c0ffc,
images/bun_mam/bun_mam_c82865095d6ff853.jpg,bun_mam,20,train,web,,c82865095d6ff853985ca689a82860eee8ceac8af6a9e59ddf1cbbd4986145aa,f838f07cf064f8e2f8fef8fee8feeaf6f424fd20ee00ec00e820c420c440e3c0,
images/bun_mam/bun_mam_b7bdf439d4ad0395.jpg,bun_mam,20,train,web,,b7bdf439d4ad03955c4705efd54d9d7c1c24fb1e9887d209009d8991c0e06e75,1e03760770036001f03fe01ec1f6c062c020e020f0e0bfc19f838f0787ff81fe,
images/bun_mam/bun_mam_648165edb6dc0b2c.jpg,bun_mam,20,train,web,,648165edb6dc0b2c2b3e95620ce165f5cf5112d7a8360a5629bd401589b1065e,00400000008007f03ffe7e07e603c003cc039c21d901c063e1c7f0c7fc3edffe,
images/bun_oc/bun_oc_af5c48b2b0ae85b3.jpg,bun_oc,21,train,web,,af5c48b2b0ae85b3521f6478aa1ee445995518986cb401061db978a0d0da4e5a,0000ff20cffecfdffffff8bf80778077c00ff007e803e00180218407cc27ce21,
images/bun_oc/bun_oc_bbc0631bcca8c4a2.jpg,bun_oc,21,train,web,,bbc0631bcca8c4a29bdadea96c6c647a0a5e32bd8f55f2f8998ca84677780f44,0000fe20cffecfdffffff8bf80678077c00f9007e803e00180218407cc23ce21,
images/bun_oc/bun_oc_9d37ea997d8042e9.jpg,bun_oc,21,train,web,,9d37ea997d8042e93a145e3027518b4d51a4acc2a7f53d30291d2d57287de8cc,ffc0ffc1ffc0f8c0f0e0e0a0f8a0fca0e810c85ce033e021f021f063f8ffffff,
images/bun_oc/bun_oc_855f477ecb50b3a3.jpg,bun_oc,21,train,web,,855f477ecb50b3a334add0d0497a15445f266204a5fce2eb88eda344ef5fd1cb,fffffc7ff01fe02fcc07c003c803c803ce03c003c003e003e007700ffc39fffd,
images/bun_oc/bun_oc_5189c713b26d2448.jpg,bun_oc,21,train,web,,5189c713b26d24484928c8b7b7ae514e37bea34adfad0281920b8f106bcc4692,0ff01ff83ffc7cfe7e0efc0ef80ff807f80bfc0ffc33fc3e70be70fc28840088,
images/bun_oc/bun_oc_c5c84d392ef978a4.jpg,bun_oc,21,train,web,,c5c84d392ef978a452b991b48a3ffcad2f631091cfea4a684fe16456f34f08fe,e70c4f06c056c012e003f403b01fa01f8e3f8c7f92fbf6f3c6a66306608c38dc,
images/bun_oc/bun_oc_ed90492c3b9569cd.jpg,bun_oc,21,train,web,,ed90492c3b9569cd19fc7f1dda394c12fe6384b101d47d0141ddb93e41852dca,1ff031e463f65862f87bbb7fb0ff80788063e063c04160c131961fc60fd003b0,
images/bun_oc/bun_oc_6e1004a882708ea0.jpg,bun_oc,21,train,web,,6e1004a882708ea009e78c752135842439e70d4b4339520450a7bebffd65e448,fffde1ffe1f7c1c381c3808b810b800b881b8c0b8c018b01c207c93fe027f02f,
images/bun_oc/bun_oc_4d979d763a898876.jpg,bun_oc,21,train,web,,4d979d763a89887656b8cb39c0fba1b94a88995a53994a6bc61a83f3bd1ea416,0443f4e3f081f380ffe0f000f000f001fc81f801e8016003201ff01ff87fffff,
images/bun_oc/bun_oc_3a1fa70483ca4004.jpg,bun_oc,21,train,web,,3a1fa70483ca4004cd4d53f6aead0ad4a4c8929982489e1adc59daeb2d15cf13,801c088f718fe107e301e000e001e907e003f003c007000f607ee0fcfff0ffc0,
images/bun_oc/bun_oc_0594f14c14e00818.jpg,bun_oc,21,train,web,,0594f14c14e00818bea6b5a0e0a22ef5c3a95bd33c395db1065de5a794f192ba,fffffe3ff01fe00fe01fe01fc017c027c016c007e407ec07f40ff00ff80ffc7f,
images/bun_oc/bun_oc_12a215657faf457e.jpg,bun_oc,21,train,web,,12a215657faf457ecba7ae4461343aa811c45a6c323389174dffcaaf71043ff6,e03ff1ff9fff3fff381ff00ff00fe007c0034013400340026407fe6fde7b0e77,
images/bun_oc/bun_oc_4ad83db464eeb12d.jpg,bun_oc,21,train,web,,4ad83db464eeb12de8a4e896ad5a718937577368cef065b459f840e07b972ff0,0003058107e007e00fa00f10479c0f8e0f8cbf9cbfbe3fff3f783a781ff88ff8,
images/bun_oc/bun_oc_e670c4a1471886dc.jpg,bun_oc,21,train,web,,e670c4a1471886dccbd595e62f6650bd3cc064bf5a894fd024802744ba50d0bb,fe40e038801e248ff107f301f081f001f007f007e007400f007ee07cf3f8ffe0,
images/bun_oc/bun_oc_9bccde6d4b0266e1.jpg,bun_oc,21,train,web,,9bccde6d4b0266e1e1e142134110813f62d0c2ef16faeba1f4ff6bd194ac3156,7e18fefff06ff023f060f8c0f000e18047e00ff01e781f381ff81fd81ff80fe0,
images/bun_oc/bun_oc_35688407c490cdc7.jpg,bun_oc,21,train,web,,35688407c490cdc7e60ae6538da13758b4faca4f643464ab4fbef87478770854,19003080601c483e1867cc47cc87c099808740e760ff207f077f0dbf0c9e0c80,
images/bun_oc/bun_oc_d9a095589c645042.jpg,bun_oc,21,train,web,,d9a095589c64504238a0d860acee17b35f82ad50a34e1a895bd0e320dafa431d,0ff01ff83cf838fc737c77fc7ffe73de71de7dce7f067e0437ac35bc3df81d38,
images/bun_oc/bun_oc_d8cd1bdaa14f6536.jpg,bun_oc,21,train,web,,d8cd1bdaa14f6536a094cd4a64baa77f251ee9292b53293c7a9747e751df9143,0e300c30183c1c3fcc1fcc0f85ff47fec4bec686ee07efe73eef0f9f05e7000f,
images/bun_oc/bun_oc_02b7e470cdab4b34.jpg,bun_oc,21,train,web,,02b7e470cdab4b34d30fd9558bbc235e1f32a10003f869e522de35e08873c8bd,df9ffffffd17f44bfc09f801f0e0f0c05cc038c070806004700120019883d8c3,
images/bun_oc/bun_oc_4c9133bb8673dc2e.jpg,bun_oc,21,train,web,,4c9133bb8673dc2e560a51a9be499a3a4c654178fff0f7c9c68fb0de09c06157,3f003b007e017c097c0c3c2e1d1e0014390079867a60715471907118798130c3,
images/bun_oc/bun_oc_d07edc6b8376ebdb.jpg,bun_oc,21,train,web,,d07edc6b8376ebdb005aea1e713610655a55981e5ee7fefad52839ae9941acbf,f000f808f80d0c1f041f041f063f07ff0dbfffbdf3bfe1e3e0c3c0ffc0ffc0ff,
images/bun_oc/bun_oc_c8214182e06d9fcf.jpg,bun_oc,21,train,web,,c8214182e06d9fcf859275f6734a9ac7d5b4311e0a4c89ddd114bffdfb9b27ca,96301eb61e9f0e1f0e3f0c3f183d003f003f20ff73ffc31fc6bf74c865c807c8,
images/bun_oc/bun_oc_2dabb608b97a5177.jpg,bun_oc,21,train,web,,2dabb608b97a51776cb3b0acc5f894d4afd9ebad8672d72ee08caa1cc779a8a1,1ff839fc71fc71eee0ffc0ff918f983d987180798071c0f141e1638231041808,
images/bun_oc/bun_oc_1b5ea953baaa6266.jpg,bun_oc,21,train,web,,1b5ea953baaa6266bb74ebd5506da582479cb32a6c9570dedd6ddeb0f8fd0fff,8465ce04c9a083d829dc01f2106042f884de40cf80cf84df0c0fefc8ffddfffc,
images/bun_oc/bun_oc_e2f125b07facce92.jpg,bun_oc,21,train,web,,e2f125b07facce922910e03d6a4100230452a12c767c180b5383c6a84fafcb01,fffff3ffe3ffe1f7c0efc1cfc103c103c103c203c283e603e607f007f0cff9ff,
images/bun_oc/bun_oc_42f8a8274cef08b6.jpg,bun_oc,21,train,web,,42f8a8274cef08b6a4a76571be0f91243c2ab676cf3c5b5a4f665f608bb2df40,0000003833ff69f7f9ff03f7077107790719861dc7bef7b8f7bbf3e7f807f807,
images/bun_oc/bun_oc_fed835693481411d.jpg,bun_oc,21,train,web,,fed835693481411de6b7d7e45f60fe6ca3319841f4b083c9540197d97775a2d1,f87ff01fe01fc01fc007ba079c03dc03fc13ae039e03872383f3c3f3e173f160,
images/bun_oc/bun_oc_98d7504fbbd1d8e8.jpg,bun_oc,21,train,web,,98d7504fbbd1d8e8793dc38c7f935df29fd648ac30ae174c81d32d39f88d5a7b,4ff81fe038e038fc30667026780e680a780a700368027407740f300f39cf1e9f,
images/bun_oc/bun_oc_cd6f99f03d9e927c.jpg,bun_oc,21,train,web,,cd6f99f03d9e927c9e9b373aeb66ee678eef2102a1c96f0e16c5ac14ac60247c,ffffffffffffffffe3bfe1f7e08fc08fe180e380db00de01c001c013e21ffe3f,
images/bun_oc/bun_oc_cbad0fff18e82dc3.jpg,bun_oc,21,train,web,,cbad0fff18e82dc32f095164171f3edaff288f8588499f2a602fa87e26b12d74,1ff03ff01ff81ffc1ffe7cfe40f0471847ce4fe67be015c20406043c063c027c,
images/bun_oc/bun_oc_b27fe547505e88cb.jpg,bun_oc,21,train,web,,b27fe547505e88cb34204dbe8a3994112ce84aa76309688ba63d0405f8412ee8,f78ff78fe08fc18bc083805fd80ff007f001fc03fc01fc01f843fc07fc07f80f,
images/bun_oc/bun_oc_b4b52e31c5d87eae.jpg,bun_oc,21,train,web,,b4b52e31c5d87eaed4e72666b38a5b85d3a29d438ecabd3f773f554dac5bf7bc,01c007f81ffc3ffe3ffe3fff7fff7fff7ffe3ffe3ffe1ffc0ffc019800000000,
images/bun_oc/bun_oc_44052e1d7e6933ec.jpg,bun_oc,21,train,web,,44052e1d7e6933ec1062ed910b774d3922f7138727fffb8b78d5f9cb509dffc5,fe78fe78f830b010e010e018e2587008400cc01c601ce00ce01c701ff877dfe7,
images/bun_oc/bun_oc_5a7b23d76b4fb5e5.jpg,bun_oc,21,train,web,,5a7b23d76b4fb5e5f0d4a5ce958d262142a91dc1bbdec32e7eb1717ddd7cccb1,e007c007e00fe01be7f7ff3ffe0fff07f783f18bccf9c8f982f98098005898d0,
images/bun_oc/bun_oc_771e2d795441e3c8.jpg,bun_oc,21,train,web,,771e2d795441e3c87418594161e6f41c1f41d468d5016a476ffdaa795ef0e555,f4fff07ff07fe07fe07fe00ff007f807f003f007e007e007d0874b4f7fff7fff,
images/bun_oc/bun_oc_d5fce95e73a5367b.jpg,bun_oc,21,train,web,,d5fce95e73a5367b6f73de918876b721974b6602491765dd6028a4c01246b058,ffffffbfff87bbef716f137f027f01af000700030013003b003d881d8019c01b,
images/bun_oc/bun_oc_1f53c7588ae5aa8a.jpg,bun_oc,21,train,web,,1f53c7588ae5aa8acccf71f35cb6f6dfb2a77c7a8e8da7d363ceecd195f0f810,e207cfc3dfe9b1fd63de67dfc1b9f3f9f2f962fb404078d03df01ee00fc00000,
images/bun_oc/bun_oc_485b6cbcb1c07da6.jpg,bun_oc,21,train,web,,485b6cbcb1c07da6f3c62db685ad5d6593d91377f1e37984fb40b090d080dccb,f00ff00ff0078003a0236063f003f803f803fc07fe077e03fe03f007f007f007,
images/bun_oc/bun_oc_5a5aab8d7d940653.jpg,bun_oc,21,train,web,,5a5aab8d7d9406531f32f5bd4cfeca11214d839b80709801a746bfbd042f7d05,d7fbcffbfd7ff96ff33ee216e6e6c003c203c003c007ca0fc01fc01fe00ee43e,
images/bun_oc/bun_oc_a78d9d1664c71fdc.jpg,bun_oc,21,train,web,,a78d9d1664c71fdc96315ee747718552a5c682c222cb9dcaf30ccbaf1d79a34f,000007e00d701c383e8c0f864ebe4fbe4ffe47fe47fe63de23d613cc18d807f0,
images/bun_oc/bun_oc_2a36a0e9502d1e9e.jpg,bun_oc,21,train,web,,2a36a0e9502d1e9e732c0eb18062ff464a78b00313d9190c60ad0e78bc4939d0,3ffe3ffe7e3f783ff03fe03fe01fe19fe11fe01ff81ffc1f1c3c087007c00380,
images/bun_oc/bun_oc_ca8623397ea304a4.jpg,bun_oc,21,train,web,,ca8623397ea304a4a0514d8bc2ad42e13bb53d523d906027e68f3ab606911ee6,fffc781e301e201f600fc00fd00ff987e117c007c407ec07fc07fa0ffc13f7e3,
images/bun_oc/bun_oc_bdeb045bd2a62d97.jpg,bun_oc,21,train,web,,bdeb045bd2a62d97b1769e6311d549e001fff278e59d5ab923f5961f73b3dbfe,f81df81ff03ff9ffff3ffe0fcc07c80fc807c81be80f880f8606f00cf988f861,
images/bun_rieu/bun_rieu_1d30cc0b5fc2b0ac.jpg,bun_rieu,22,train,web,,1d30cc0b5fc2b0acbc61f47aea8e10dcbfa4ed28fb837387f8dd005eeaf3e5b5,f03ffffffe7fec0fc00780838001000100018001c001c303e0c7f87ffffbf7e1,
images/bun_rieu/bun_rieu_d6e50ccd9f75cdd4.jpg,bun_rieu,22,train,web,,d6e50ccd9f75cdd4c4d9525536530f60c9622df298934bb9c258aaefad126395,f03ffffffe7fe80fc007808380210004000180018001c301e0c7f87fffffffe1,
images/bun_rieu/bun_rieu_960672c3883c2586.jpg,bun_rieu,22,train,web,,960672c3883c2586824346b5a70cb033be1f1552b3e478ba5abd24d3a160a3c1,99ffec7fec7fce7977f9873f0f19810b810fc30f001f001f103f0ddf001f001f,
images/bun_rieu/bun_rieu_eae041eb5f39f433.jpg,bun_rieu,22,train,web,,eae041eb5f39f4334c3d2b86d6f4e8e56d3e902b063f32be9ccc9e5c4fa35bcc,19ffec7fec7f4e7977f9873f0f19810b810fc30f001f001f103f0ddf001f001f,
images/bun_rieu/bun_rieu_3cf5bba0cc514908.jpg,bun_rieu,22,train,web,,3cf5bba0cc5149085610fa78c97159d3dfafec5957cd8ba1d99dc46436bccb7d,03dc0fee1ccf1ce13de1bde03ff03f823fc837e033f618fe18190c1b0f0f03fe,
images/bun_rieu/bun_rieu_5684814d276bdf40.jpg,bun_rieu,22,train,web,,5684814d276bdf40ef54ee8e67735d4a21ba19afa02b21fa3a01701872eedaba,03dc0fee0ccf1ce13de1bde03ff03f823f8837e033f618fe18190c1b070f03fe,
images/bun_rieu/bun_rieu_41fd902d067caf21.jpg,bun_rieu,22,train,web,,41fd902d067caf21fffe8b4a1ad268df6109f784ec9a7a3315355713520efe34,0fdf0fcf1f8f19873387200720030c030c0348034b636bf263fa6032f036f83e,
images/bun_rieu/bun_rieu_583a798bdc9bd3f6.jpg,bun_rieu,22,train,web,,583a798bdc9bd3f64c0f97a9215da527f5002bd5a686d85e4d6337a85864e1fd,0fdf0f8f1f8f19873387200720030c030c0348034b636bf263fa6032f036f83e,
images/bun_rieu/bun_rieu_99a19752425ec5b7.jpg,bun_rieu,22,train,web,,99a19752425ec5b738d68f5d1cee0e406a6a3eeeb9db6c03fff615305afdb956,f7ceffcc9fc01be093e4b3cea1cee00fe015fc16fe07f407f40cec088e100620,
images/bun_rieu/bun_rieu_a03e1ab9c4249313.jpg,bun_rieu,22,train,web,,a03e1ab9c4249313e0335714db4df13037370e1bcacfeba2e04fb74436d0ae49,f7ceffcc9fc01be013e4b3cea1cee00fe015ec16fe07f407f40cec088e100760,
images/bun_rieu/bun_rieu_080e1ffd6af78066.jpg,bun_rieu,22,train,web,,080e1ffd6af780666250c9aa424eee0e06950375854e67dee4673f0b1f222df6,8420f600fb3ce33eca7ee082ef02fd82f09ac0c281cc38c83df9ffc8f38ffb0f,
images/bun_rieu/bun_rieu_38941d7721dedc6d.jpg,bun_rieu,22,train,web,,38941d7721dedc6d05fa2bc3a1db7de26a4092850d4d9902fb5f356d941230bd,8420f600fb3ce33eca7ee082ef02f982f09ac0c281cc38c83df9ffc8f38dfb0f,
images/bun_rieu/bun_rieu_bedd8f74e39e828d.jpg,bun_rieu,22,train,web,,bedd8f74e39e828d0667d77d4102874840edece77e2048fb172e5a17ecbc0e2e,fe7c7e5efacffd81c081608924030fd618cc3aef38f32c6338673833312e1340,
images/bun_rieu/bun_rieu_bfbc80fa0734c0a3.jpg,bun_rieu,22,train,web,,bfbc80fa0734c0a316beab01a1e52b0d5f7c40bb0f325dbd9010700cdf2edbe6,fe7c7edefacffd81c081608924030fd618cc3aef38f32c6338673833312e1340,
images/bun_rieu/bun_rieu_15eab33405b583db.jpg,bun_rieu,22,train,web,,15eab33405b583dbb173f32b1e36e80edd76912b820fe4af3143bbc753a7bdb0,02f00cf01ff03fd83fb4477a5e92d670ff38cf3ccb3ce99c63bc6c9c2ec82f80,
images/bun_rieu/bun_rieu_01320df80b131d53.jpg,bun_rieu,22,train,web,,01320df80b131d5392a4e1a457076865109f32f66e41e824df4cec75f4d04d94,ff1fff1f7d07f987fd67f9f770ef6023200360032003200701bd03bb091f021f,
images/bun_rieu/bun_rieu_4360844f4bbbc1d2.jpg,bun_rieu,22,train,web,,4360844f4bbbc1d2f19accec0589e8bd27934904c5ac64eab569a46c3e1cd7a7,00c005f037f83b0c2f0f474f2f890fad23ed23dd0bfd6cfc3ff81ff00f7007e0,
images/bun_rieu/bun_rieu_0728c5e52097de75.jpg,bun_rieu,22,train,web,,0728c5e52097de75d90897f2dcdb9ef76a4d14648dfae25879b679212711422b,5f80ff80ff80fe01281ff01fe017c00bc413c643de71d861dcbbce7bc7f3c693,
images/bun_rieu/bun_rieu_88227d51aea59375.jpg,bun_rieu,22,train,web,,88227d51aea59375191c1dbe2b421036f489edc6816bb9957202238ce004c4d1,c38f47fccc7f184f1c0c3e1cff0fbe057c05fc04f004b02d10099819fc31ffe0,
images/bun_rieu/bun_rieu_3106e4c0be0a393a.jpg,bun_rieu,22,train,web,,3106e4c0be0a393a76bd2730d67b049d185a9ad9126d61193e662ae367ffe120,e0ffe0efe1ffeffbcffbcdf3c1e380e7c1f7c003e203fe07fef301b801980188,
images/bun_rieu/bun_rieu_39b5e2cd26c1facf.jpg,bun_rieu,22,train,web,,39b5e2cd26c1facf1a4a03884819d30ac06c458dbd025d9b66583298a5b1cd7c,fc06f047f047f01ffe3ff87ff87ff803e081c6dcc6e48254800180530043043e,
images/bun_rieu/bun_rieu_69c9983638c4a61b.jpg,bun_rieu,22,train,web,,69c9983638c4a61b2227494f0d0955e3c5126c1cef47f55e7682005e60c12536,5c1c131c03fe87f77bf35ae8127b10ff17fc1fcc1fe819ec0c9c063403e40000,
images/bun_rieu/bun_rieu_272254e672b65344.jpg,bun_rieu,22,train,web,,272254e672b65344cc5ef4df78ec97f2b85e542d31328be8333bed29196cce02,000000001fe01ff838fc78fc7df67dce7eee7efe7efe67fc75fc3ffc1ff80fe0,
images/bun_rieu/bun_rieu_50ff490b61ece76e.jpg,bun_rieu,22,train,web,,50ff490b61ece76eea35286e534ed3690f758555cb551aefaf540f1c7f004530,07001ff033f83b783b380fdd0f9f3fdf0ffd0ffd0fbd0ddc04fc01f800e00000,
images/bun_rieu/bun_rieu_8f5ec323c2d8eea4.jpg,bun_rieu,22,train,web,,8f5ec323c2d8eea437ee3824157c2deb60e6c1528daf9170222760f701dc792f,fe3ff83ff01fe05fd03f83378013800288028000e80eec45e041f0067ff73fff,
images/bun_rieu/bun_rieu_06ab5fc9d2d23341.jpg,bun_rieu,22,train,web,,06ab5fc9d2d233414b3312bde1cebd2b40860095ba1d2215020ce2786d769a0a,7080e7c0dfc3b0e3e037c737921fb74fb328ae0a67037fd03ee03f621d810000,
images/bun_rieu/bun_rieu_825dd8454e2b840e.jpg,bun_rieu,22,train,web,,825dd8454e2b840e7bf539fe3d02bb6173258333f24182bfb66cac8a62225962,03ff03ff013f013f091f0a0f800f82c7c1c3fd13ce13ce09960984191c391979,
images/bun_rieu/bun_rieu_d77315e2c885935e.jpg,bun_rieu,22,train,web,,d77315e2c885935edce9c77a1c4783880917952ddcb8dfa08c4af0661ba54e50,7f0c3f0e3f861bc21be00372023c023c0a30192c4a3a703bf9b3fff1827affce,
images/bun_rieu/bun_rieu_08399c694537fde0.jpg,bun_rieu,22,train,web,,08399c694537fde0c8b5f4a3b3370868777bf1f4d021bb96b14b34eeee199436,3f877fe3fff9fff9fcfcdc7e801e80bf00ff00ff01839013f81ec88f608f241f,
images/bun_rieu/bun_rieu_853c9757aca59664.jpg,bun_rieu,22,train,web,,853c9757aca596647e9a1c1bff15a1d11e9f63fdcd4d51d6829cc451add6c3f3,ff86ffe7ffffe3ffc39f803f001f001f041f0057806980184018b0748fee8003,
images/bun_rieu/bun_rieu_6256529385a01a80.jpg,bun_rieu,22,train,web,,6256529385a01a80eeaba0064b694eee7ff57ec7e8bb7f4c0b0a3f1a740ec0cf,f73cffceef87ffc13d800d82bfe0ffa0f921f900c133e479c03c523e3c1c000c,
images/bun_rieu/bun_rieu_7f3e80846cdb7b8a.jpg,bun_rieu,22,train,web,,7f3e80846cdb7b8af7f37b9be4a9f0b10687cc9da17758600a6448575a47ac28,ffffffff7fff231f601fe07ec03fc6ff438e458644366004200c1c180e310181,
images/bun_rieu/bun_rieu_6cd1ee7a86010cf1.jpg,bun_rieu,22,train,web,,6cd1ee7a86010cf140f63c705456fe4f405d2c587cfe3b8148a8774b016f2133,61dfd1fcc1fec07f807e81f881f8a0f8abfd83fb83fb8bc383f381e381c38181,
images/bun_rieu/bun_rieu_3a3c27ad2e0e79e4.jpg,bun_rieu,22,train,web,,3a3c27ad2e0e79e4c0ffe4f830200a97c2f506fcb16c212dce98a0f0bbc03cb6,ef07c787f787f3c787c7a7c7f7e7d63f80ff02ff13ff99f710f91000a601a201,
images/bun_rieu/bun_rieu_68c28767a23f82ec.jpg,bun_rieu,22,train,web,,68c28767a23f82ec260a6c6e8b8867e505474ee908f63599846993d0154449d9,07e21ff33ff87e38781c305c30fc3074341b330e2c063c0712071e0f0c0f061f,
images/bun_rieu/bun_rieu_cdb23781c3429d5e.jpg,bun_rieu,22,train,web,,cdb23781c3429d5e79f05c5b87a77400dd5f0e6a7346f69e507476dd340818f1,f903ef0fc7ffd9bce9c68641c4613070136106011e00c301e187fb9fffffffff,
images/bun_rieu/bun_rieu_f267056832c066a8.jpg,bun_rieu,22,train,web,,f267056832c066a84ee2cfd6872bb695642835a5154c04751ccf07481676a96b,00801dc07f40eb40e1b9e1b1f0f1b0e020e020f326fb62ff63bf813f831fc606,
images/bun_rieu/bun_rieu_6c9d8068fc886d30.jpg,bun_rieu,22,train,web,,6c9d8068fc886d30acc31ebe8faf3cba7ac04c7665e4f578ea1f9ae8b75fdbc8,3c3c700ee007c003c7899bb89fbe8e1e8dbe8ff69fd09f927c92dbcc18e49207,
images/bun_rieu/bun_rieu_e5fa5e071c6da478.jpg,bun_rieu,22,train,web,,e5fa5e071c6da478d215914bc88ca102ab0099c33df4061aabf75e98d4dbf596,817293ffc2ff81ef018b8361834743e01e6d027902883ec57f07fc83b643ec3e,
images/bun_rieu/bun_rieu_dd21e3c8047b4fab.jpg,bun_rieu,22,train,web,,dd21e3c8047b4fab20f67c68d8560c17b6266ea74e239f5e8557e6be296c47ca,ffffff4ffe3ff8bddaceb84f800be077c033c064c020c039c07cc03e08fe18ce,
images/bun_rieu/bun_rieu_acbd94d3776a8827.jpg,bun_rieu,22,train,web,,acbd94d3776a8827acd982c2b13f3fb1dc0d908a0b91d817fbb45d77703f6d42,381173f9c7fd0fff0e7e18ff183e181e1e783c300ffe2ffe07fc03f801f00000,
images/bun_rieu/bun_rieu_463b2636588d9295.jpg,bun_rieu,22,train,web,,463b2636588d929514bd6bedb9d9ee5d95875c6da0f4669fe5369277d30530be,ff0fb81ed001c00019801fc67faedfb48e701ff65bf7fdf3ff22f7e1ffc17f81,
images/bun_rieu/bun_rieu_a91b188497782f73.jpg,bun_rieu,22,train,web,,a91b188497782f73fc95fb3321aff10d6f1967d1258a76524cca5e5b5df7222c,0de40d841b0f387f38bf181c1800180018000fe0fff0fff8f1ff71ffb2ff96fd,
images/bun_rieu/bun_rieu_3c99a9737ac39154.jpg,bun_rieu,22,train,web,,3c99a9737ac39154e0ff6a760ab7239b3d1bd7ad84954ed987648a2442574338,ffffff1fe20fd08fd1afc00fc001e001e100fc3e7c65706750f31072043c0000,
images/bun_rieu/bun_rieu_1959082a2472038f.jpg,bun_rieu,22,train,web,,1959082a2472038f248a377f357c63d166de6a3e3c6ec3083b62be446fb36504,ffe1f7e5e7c7e44ef006f003f001e041e043e05fa01f801fc03fc03fc07f8000,
images/bun_rieu/bun_rieu_d5fcead1dd1f75af.jpg,bun_rieu,22,train,web,,d5fcead1dd1f75af55c0deedae3b8a7674cc607e852c9363585053183f35a79d,c3c747fecc5f186f1c0c3e1cff0fbe067c06fc06f006b014100c9818fc30ffe0,
images/bun_rieu/bun_rieu_7e71a15c447e94d5.jpg,bun_rieu,22,train,web,,7e71a15c447e94d5e437fe483b9e8c61a7fc450297c917a66578ac2648d914df,c1e383f187f90ffc1f3c1d3e3fc632063c0615863f06079e03dc67dcc7eccff9,
images/bun_rieu/bun_rieu_f02a83576dd80e53.jpg,bun_rieu,22,train,web,,f02a83576dd80e532334c12913c03dff8937b8d8df6d1798cdf8c22a77c1bc67,9ff0fef0ff38f918f818e198f918f08ce00ce00ce00870086c187c103c303c60,
images/bun_rieu/bun_rieu_814dae7426236c60.jpg,bun_rieu,22,train,web,,814dae7426236c604a00faa74980539f6c293b4b0fe7df5fd298c991aae79e98,018300c300036003183131c07780ff58ffecfefe9a4e904e20e43abc38647f7c,
images/bun_rieu/bun_rieu_03daa4b015cd2fe0.jpg,bun_rieu,22,train,web,,03daa4b015cd2fe0ed8811cb0e6fbddb022ede090f4975b59568b5dba228d5ee,f267e067c07bc23906300ff00ffc07fe067f01ff01f703c3038100058005c00f,
images/bun_rieu/bun_rieu_05ae9f2d4a207c4b.jpg,bun_rieu,22,train,web,,05ae9f2d4a207c4b4032912551b1fdb8ea1d84b8b643f34600a628364d834d40,eff8ff78ff18fc983e18309cfc9cf84c380c300c380c380836081e181e100e30,
images/bun_rieu/bun_rieu_a212513d3ee509c8.jpg,bun_rieu,22,train,web,,a212513d3ee509c8159fd81f0b43c15a4d124e76a2bfa6235b00a1f503fb1bc1,ffff7fff37ff0f3f0c5f18771823302b2029206964496e816e812e6126612067,
images/bun_rieu/bun_rieu_b5ea042b15739e7e.jpg,bun_rieu,22,train,web,,b5ea042b15739e7efbcc145f5bb7b810fb6f664ad4d1eb5a45dd53675435cf9e,3810f3f8c7fd0fff1e7e18ff183e183e3c703d701ff64ffe07fc03f801f00000,
images/bun_rieu/bun_rieu_b795eb466f9773ea.jpg,bun_rieu,22,train,web,,b795eb466f9773ea45857caeb033a39207942eb5ad4f68c3daf13113b83773c4,7f38f93c703073d0c7fe9fff3fe73ff908e000f0e03fd6331f1f0e4f20e70807,
images/bun_rieu/bun_rieu_d2ffc1c20dd85045.jpg,bun_rieu,22,train,web,,d2ffc1c20dd85045b014d13fb2ccc64b69162c27f0bfc40f6f1f7b608e6fa0e3,18fd1244134079617c21367f3363b1c118810f2103b00cb18eb10cd11e731f7f,
images/bun_rieu/bun_rieu_f089d1a61d34716f.jpg,bun_rieu,22,train,web,,f089d1a61d34716fd4432064099b1c43a436d9899df082c6829b3cf5bdccf3ee,000003c006e00c301858981892291c09fc1b106f1c6f1efe0fff07ff03df001f,
images/bun_rieu/bun_rieu_cf290d6dd91e3155.jpg,bun_rieu,22,train,web,,cf290d6dd91e315580927441e42614b556ae5f0e8b7e59697c043ecb70ae8016,000007e01ff01c78383c791e79ee71fe71f660f661762036319c18080c3007e0,
images/bun_rieu/bun_rieu_5847cf9c52525d6f.jpg,bun_rieu,22,train,web,,5847cf9c52525d6fc98d24aa673963165602bc574e2e4450571e5eba25be9960,ff87ffe7ffffe3ffc39f801f001f000f041f00658024800c4018b03c8ffe8003,
images/bun_rieu/bun_rieu_2710c6e206a5913a.jpg,bun_rieu,22,train,web,,2710c6e206a5913a57a4dde2dd2d8e25eba627d9159267d332b7e61f81f7be32,ff80ff04ffc4ffe87ff07ff0fff4fff2ffd07bc07880782038401f8000000000,
images/bun_rieu/bun_rieu_189cba2561c0b9ad.jpg,bun_rieu,22,train,web,,189cba2561c0b9adeb4d5d9f8b068d76ec0770707d813ef62565147d1af339c8,0f781e7c3e7c1fde19fe09fe0bbf1f0f0e010000046607fe06ae0a840a6c06e8,
images/bun_rieu/bun_rieu_5442e25cc1b626ef.jpg,bun_rieu,22,train,web,,5442e25cc1b626efc4d7642ea09c9359339973f7b20b338df9c5724e32ea31bd,7feef7ee7fe6f7c3ee03c0038403b00398038003c203d223e233fc677c4d3c1d,
images/bun_rieu/bun_rieu_3d77878594081de4.jpg,bun_rieu,22,train,web,,3d77878594081de47a1a96c174e5948d11602ae9480126704d26c293c85bc5f6,ce3cff9edf07ff81fb0033027fe5ff61d341f3012273c8f9803c243cf83c001c,
images/bun_rieu/bun_rieu_2e36a65310d9cf9e.jpg,bun_rieu,22,train,web,,2e36a65310d9cf9e14a96484dc726544686885b1a38f615493ade94856a3b8fd,3fc77ff3fff3fcf9dc7dc83d801f80ff80ff81df8003d017d81e788f608e341e,
images/bun_rieu/bun_rieu_e52293cc62b7bb6a.jpg,bun_rieu,22,train,web,,e52293cc62b7bb6a9b85c1288f5d248287a6fda0cf3a4551021b592278631c2c,fe3f783f781ff05fe87fc32fc006c004c001c001e80ce4cef043780d3ff79fff,
images/bun_rieu/bun_rieu_9f5f56bbad2baacc.jpg,bun_rieu,22,train,web,,9f5f56bbad2baacc49b19a8b8c2fec7c3c98081a14f973dadbde5151721baa02,000000200ff83ffe7ffffbffe03fc00f804f83cf07cfe1cff3fffdfc7ff03f80,
images/bun_rieu/bun_rieu_3708010a3571e280.jpg,bun_rieu,22,train,web,,3708010a3571e2808e8527d2c427a13454f04f4afc1764a37883d286cb4bc421,ff07db0fc91e80308c301f30c1f0a4c2a607f6b9f0317e09df014e04809f80cc,
images/bun_rieu/bun_rieu_b427c395f33bbe5f.jpg,bun_rieu,22,train,web,,b427c395f33bbe5f593f703918698e5ec9ba574264a03b88d53ef8081cba9625,ffdaf7bcf684e078e064c02081f880ff19ff3c3f3c7c24fd34dcbf9c9fd8e770,
images/bun_rieu/bun_rieu_a2ecd233dfcb27a2.jpg,bun_rieu,22,train,web,,a2ecd233dfcb27a270aa1f1ad77ffaba34d82dba166bda6e60e4578d21569880,000f81d7cffdfe7f1c7f1c64bc673067300220022033302011307916f80ffc0f,
images/bun_rieu/bun_rieu_1355f70844094f22.jpg,bun_rieu,22,train,web,,1355f70844094f2243209bb4d3e4b46d673e3ad9dc57087ba3cc599042f8337f,07c01ff03b1827cc0f621bfa01f80ff81fec1ffe0eee076e27bc1ffc0ff880e0,
images/bun_rieu/bun_rieu_214186cf27e67244.jpg,bun_rieu,22,train,web,,214186cf27e67244314f10d1e9b57114abccfb72286de8c609ab15ad8e5c3d13,1ff03ff8bff8fc7dfedcfe0cfe0efc06fc06fc063c0c100c1a1c0e3803e00000,
images/bun_thit_nuong/bun_thit_nuong_ddf29b1d1a58ded1.jpg,bun_thit_nuong,23,train,web,,ddf29b1d1a58ded12e78bb605eef2b0c2a2b3a6bc0e1a5d9e1f87b43e03098c7,0f920fff937f903f903fe31fc39fc1bfc2bfc7bfcf2307c10683060700070007,
images/bun_thit_nuong/bun_thit_nuong_f4009ac2049c6da4.jpg,bun_thit_nuong,23,train,web,,f4009ac2049c6da47679801050a468326554ecb651e90af70e69e6e31d3fe4e6,0f920fff937f903f903fe33fc39fc1bfc2bfc7bfcf2307c10683060700070007,
images/bun_thit_nuong/bun_thit_nuong_4e71db265cacb3d9.jpg,bun_thit_nuong,23,train,web,,4e71db265cacb3d9f0801ac263cd954b187413e98b4f232b81e2cfe6994ed2da,fc7ffc7ff8bffb3ff1ffd0ffc0ffc4f38001806009f001fc019c8124004004c0,
images/bun_thit_nuong/bun_thit_nuong_d81511ba5832603f.jpg,bun_thit_nuong,23,train,web,,d81511ba5832603fa5dbae3c901fa7485b063d5f9c51c997c3012e2a5adb7f2c,fc7ffc7ff8bffb3ff1fff0ffc0ffc4f38001806009f001fc019c8134004004c0,
images/bun_thit_nuong/bun_thit_nuong_2adcac1d25a1ec6b.jpg,bun_thit_nuong,23,train,web,,2adcac1d25a1ec6b8be762c7b47928af196b11f4cf6d681c55e40c5faf0d8ee8,c7ff833fbf3fc0df81ff83ffc08782078007d007c006c10c630833b00fc00000,
images/bun_thit_nuong/bun_thit_nuong_e5b54dd36cb1463a.jpg,bun_thit_nuong,23,train,web,,e5b54dd36cb1463a866caecbc911a94f0cbe4a434ead7f03bcab7ef8382f021e,c7ff833fbf3fc0df83ff83ffc08780078007d007c006c10c63083bb00fc00000,
images/bun_thit_nuong/bun_thit_nuong_536f881894c2ce31.jpg,bun_thit_nuong,23,train,web,,536f881894c2ce31c47f9d5b5b98a8175940a3b6baa7686fe87b0d0af00e69c0,f41ffc1ffc1ef813f09ff00fe40ee000c01ce01cc21ec01ec01ec00cccf08cf1,
images/bun_thit_nuong/bun_thit_nuong_9a39083c20b3ec5b.jpg,bun_thit_nuong,23,train,web,,9a39083c20b3ec5b0c3726eb83c8e744217f114473d848f7aa226deb146ea079,f41ffc1ffc1ef813f09ff00fe40ee000e01ce01cc21ec01ec01ec00cccf08cf1,
images/bun_thit_nuong/bun_thit_nuong_5c64db6676fb4332.jpg,bun_thit_nuong,23,train,web,,5c64db6676fb4332949fe8c71a1e43a4f811e382d12b2081c54f51cdf86ca7da,3fe77c63f83cf939fc1bff0dff04ff05ff05ff8dff89ff81ff81ffe1f801f801,
images/bun_thit_nuong/bun_thit_nuong_f14e3b9ad7221992.jpg,bun_thit_nuong,23,train,web,,f14e3b9ad7221992fb0e2b1b26949fbb66548f4669d58ced050a8db3593bbc9a,3fe77c63f83cf939fc1bff0dff04ff05ff0dff8dff89ff81ff81ffe1f801f801,
images/bun_thit_nuong/bun_thit_nuong_18acbd81c4128aaa.jpg,bun_thit_nuong,23,train,web,,18acbd81c4128aaa21129f2ad5b1ff916e7220ca08696ae916558870a3dcb96a,9e384ba0c1c020c240c000c003c005d085ee8aff3c3f7e3f7e7f1e3f183ff01f,
images/bun_thit_nuong/bun_thit_nuong_034c647a6906f807.jpg,bun_thit_nuong,23,train,web,,034c647a6906f8071192f7905befe1b6f317f6f461512cab6cad04900c2d20d0,f9c0f800fe08ff9ff80fc001c1f3e03df03db80cc000c000f9c3ffc7ffc7ffc4,
images/bun_thit_nuong/bun_thit_nuong_ae6b3381819453f4.jpg,bun_thit_nuong,23,train,web,,ae6b3381819453f4a8ceca71cf10a51cc6f39e6f4abd4dbdace65ad57aa08280,f80ff80ef40eb40f3287e247c203c003f003f133f127fb23f823f003c007c00f,
images/bun_thit_nuong/bun_thit_nuong_0e77c76667ac3a98.jpg,bun_thit_nuong,23,train,web,,0e77c76667ac3a98b620f076a61ca7c1fd8c156d02bd40f3ce73e965ddbb35de,1ff87ff8fcfcfd7d7c6d3e431fe3025f00a60006900cc099c0ba607031e01f81,
images/bun_thit_nuong/bun_thit_nuong_f2c77e0836da5bfd.jpg,bun_thit_nuong,23,train,web,,f2c77e0836da5bfdc04161716b1f66053695d3eb55fcae7254c07dbb7f0f4191,7cf870383330239022d0019c411cc03e401ee01ce10ee38fe3c97bcc778c731e,
images/bun_thit_nuong/bun_thit_nuong_fe2c49c4af058939.jpg,bun_thit_nuong,23,train,web,,fe2c49c4af0589397fa1d027bb9148749382c07ae23d8a2f7b16869e0ece15f7,93ff31ff37ff01f7006ec063f870f89cfc99e39fc38181818001810181010100,
images/bun_thit_nuong/bun_thit_nuong_7df8eb7988b39baa.jpg,bun_thit_nuong,23,train,web,,7df8eb7988b39baa7e05c2c6e8f403c97433717c9f5277b691d34802e774ccde,bffcffde79ce3fc6bfc7ffc37ec178096009601d4009a041f041e019e041fc41,
images/bun_thit_nuong/bun_thit_nuong_76f4099c65a0ff47.jpg,bun_thit_nuong,23,train,web,,76f4099c65a0ff4790331dd263711e144ff02a6eeb53355728a2243609dbce82,7dfff1f80fef3fcb7943f881ff00f800f900fd007c037ed11fc70fff01e30000,
images/bun_thit_nuong/bun_thit_nuong_7deabab1ce97bc50.jpg,bun_thit_nuong,23,train,web,,7deabab1ce97bc50f9368ea67aaa3f1a309a7bdcc5c14d72adbe3913c4a69585,e31fc13fe0bff73fff3fffbfff9f7d9f01ff09ff0b0f42072a07ee07ea03fa07,
images/bun_thit_nuong/bun_thit_nuong_90b297be6313b648.jpg,bun_thit_nuong,23,train,web,,90b297be6313b64869a12b135596155e4310555c01e89dda70d3205ee4c74510,cfffff1ffe07e00380010019803980fd03df079ff39df9bff7bfe318fa09fff8,
images/bun_thit_nuong/bun_thit_nuong_42b3dfc43f7905c9.jpg,bun_thit_nuong,23,train,web,,42b3dfc43f7905c959db8583fba3df6d44fef69579e653d28ad6f5d26c981a14,3ff87ffc783cf01ee00ec00f86e787e783e78063c323e603e003e187f00ff81f,
images/bun_thit_nuong/bun_thit_nuong_ab8cf0258369f374.jpg,bun_thit_nuong,23,train,web,,ab8cf0258369f3742913b9cc3fd303f9091a5ca7c236543fc877940811c051f9,0ff13ff97ef9fc79bc6f9e430fe7055f00a78005c80ce05a6038307018e00f82,
images/bun_thit_nuong/bun_thit_nuong_9f990bdea1cad1da.jpg,bun_thit_nuong,23,train,web,,9f990bdea1cad1da9d23143caacbc927ff53b3f0dbde75d44cbf2468d5c557fa,dfffff3ffe03e00300010018003c01fe03ff07dff79ef1bff5bfe71cf60cfffc,
images/bun_thit_nuong/bun_thit_nuong_bd5d6b42430fc4bb.jpg,bun_thit_nuong,23,train,web,,bd5d6b42430fc4bbbbc954ffebd8c28687dbc1df8edbe5aa4bac4c5d0ad5c94a,f921fa31e0b3e087e00be201e00de803e003e100e00df81ff0ff78fe3ff80000,
images/bun_thit_nuong/bun_thit_nuong_3f4a18b11a2d6d46.jpg,bun_thit_nuong,23,train,web,,3f4a18b11a2d6d46881579630d1d46c3779af3ea771643ea5625085324ba70ed,feffe53b81798378071f0c160c1e8ccd000f2607e3038381e181e003f00ff07f,
images/bun_thit_nuong/bun_thit_nuong_1a3aedded4593517.jpg,bun_thit_nuong,23,train,web,,1a3aedded45935175b94e1b077fb96ca95ede147e69534ecfde2185247c8c1f4,03c006600fb01f181f881b881f981f981f981ef81fe81fc00f400fd005f003e4,
images/bun_thit_nuong/bun_thit_nuong_8e4379a7544b3259.jpg,bun_thit_nuong,23,train,web,,8e4379a7544b32599d6a88d9fd906509509fe338858b216ea2f73befc8ddc498,00f000f001f001f801fc20d6296a3b7e3c1f1c5f38752c750df51ff41ff41ff4,
images/bun_thit_nuong/bun_thit_nuong_ce35e0624a6137a6.jpg,bun_thit_nuong,23,train,web,,ce35e0624a6137a6978ba9748f22373cf519b9ad85351b1db44b80b5f7ce3955,f00ff217f31ff30de101e333e239e27fe27fe23d603e60fe605c203c10381870,
images/bun_thit_nuong/bun_thit_nuong_0730c9ed9580896a.jpg,bun_thit_nuong,23,train,web,,0730c9ed9580896a23f66776f5a1c2015d50b468407882ad76f2ec9001611413,ffbfff3ffb0fd384f9e0b9c13f833003f289f3d1090100038043c207f21efe78,
images/bun_thit_nuong/bun_thit_nuong_571df64bea1cb42e.jpg,bun_thit_nuong,23,train,web,,571df64bea1cb42eba250c20d6dfb8386cf49e13a7890dea67badd6b7a0e72ed,f7fffeffc0ffc0ffc4fffe7f7e7f063f0c000040000000000000000000001801,
images/bun_thit_nuong/bun_thit_nuong_35f540f7e97abcdb.jpg,bun_thit_nuong,23,train,web,,35f540f7e97abcdb5d74c5196a10d8116784780a63f4d18e134084db0bc37788,30507073f023e033c03770337071707174f157f173f07ff81fe817e801001100,
images/bun_thit_nuong/bun_thit_nuong_2f369ab4e37ec6fd.jpg,bun_thit_nuong,23,train,web,,2f369ab4e37ec6fd59c76af927ee6c2780635a689cde30084fa43d2b61dd26ff,07c01fc07ff87fec3dfeacffdfff9fff1ff80fa88f2c178c01ce018600000000,
images/bun_thit_nuong/bun_thit_nuong_d0b9b196808241fe.jpg,bun_thit_nuong,23,train,web,,d0b9b196808241fe7d9731c800ea0437e8dc3aa06bb29e08e146dbd68ae28150,fffeffd0ff7c7e7cfff281f191e3c1cbe18fc606ef067d8c3800300030003010,
images/bun_thit_nuong/bun_thit_nuong_8a58cbadd479ed54.jpg,bun_thit_nuong,23,train,web,,8a58cbadd479ed54d300bdbc2769bb7330c0823d3609b3530deac56dafb8281e,07df06f062b0e7f00f98ffccffc4ff82ff82ff02dd02ff02fb02f302e302e304,
images/bun_thit_nuong/bun_thit_nuong_fc46844c8069fb5c.jpg,bun_thit_nuong,23,train,web,,fc46844c8069fb5c8abd9f223a08b25e56a04cfc39e61608334ccd7cc515481a,1ff03c78385c607260fad9ddcdddc01dc81dc3136689621b704e384c1d7c0ff0,
images/bun_thit_nuong/bun_thit_nuong_1f02c51478d0dcda.jpg,bun_thit_nuong,23,train,web,,1f02c51478d0dcda6b58fe1adb64d06a2c91d52fbcd2e44f5d2d284ab5a60601,f03fe03fc03bc031c071c061f9c191e101e10191c089c085e007e0ffe03fe07f,
images/bun_thit_nuong/bun_thit_nuong_ccccc915ea5637fc.jpg,bun_thit_nuong,23,train,web,,ccccc915ea5637fcf05f5703b5a402b5f3d47b0d256648c6f802eab97545417d,900fb04b31fb71f863fcc7ff07fb07f307f1012b01fb01fff8f3b007c0070006,
images/bun_thit_nuong/bun_thit_nuong_cc468c02e071b50f.jpg,bun_thit_nuong,23,train,web,,cc468c02e071b50ff172f71eab9709d95300a214883f2ce591c902f8d3504447,01f01ff82ffc7fde7fcffdffe390c3c4c3c022c506c346c320c6005c00f00000,
images/bun_thit_nuong/bun_thit_nuong_5fbbf7bba118884e.jpg,bun_thit_nuong,23,train,web,,5fbbf7bba118884ef782df68c111667199e1c143c8cb973cf0ba7475aa5f949a,1f801bc01fe01270e039e01fc00f921f91bf01bf206f60ff607fffffffffffff,
images/bun_thit_nuong/bun_thit_nuong_12c338c432b406e8.jpg,bun_thit_nuong,23,train,web,,12c338c432b406e87262c1c17270f4e8fced47b48b87bea8d1e10bca0bfeac2d,ffffffdff90ff007f003f803f00f800fc60dc71bcd8fe727c057e417e00ff80f,
images/bun_thit_nuong/bun_thit_nuong_26b4c24a4d925b76.jpg,bun_thit_nuong,23,train,web,,26b4c24a4d925b76e0302f0bfcfd427268c513f472bfeb9ebe0a0e1517727e87,be7cfe1efc06fc03f813f91fe11fe11fc067c07bc07b407b7c7e7c3e381c3c0c,
images/bun_thit_nuong/bun_thit_nuong_60e32790eaec0b3c.jpg,bun_thit_nuong,23,train,web,,60e32790eaec0b3cb16ac6049e87af2a54d7acbb15c15c68187df01ff03f8219,cffffff9fffefc0ff807e001801100208011810dc91ffdcefc8fbfe71fcf8fdf,
images/bun_thit_nuong/bun_thit_nuong_ef43c7f95437bf09.jpg,bun_thit_nuong,23,train,web,,ef43c7f95437bf09f1a495215401e2d20d118ad7035c4cb727a513919d563199,978707cf0fff0ffe3cbe0f039ff3beffe5e3f207380f0e3900033c46380c0000,
images/bun_thit_nuong/bun_thit_nuong_933603357f9c94bd.jpg,bun_thit_nuong,23,train,web,,933603357f9c94bddc5e468eafd41a284d9da0e1a61b5e2ad0e600c9a3e51008,c003c003030e0ff41ff81ffc381f7b8b708370877006790770041c0c1c9d0e11,
images/bun_thit_nuong/bun_thit_nuong_a84dc044ba99faf1.jpg,bun_thit_nuong,23,train,web,,a84dc044ba99faf1c7642f1f2f8b1e99a2757ac4d5f72bba65d392c5da8d4047,0fec0ff81ff83ff83dfc39f475c23f033f023f023e023e041805180c041d01cd,
images/bun_thit_nuong/bun_thit_nuong_c0f06bbda5780ee4.jpg,bun_thit_nuong,23,train,web,,c0f06bbda5780ee45cf88d4ff8835bbf67831507cf99463a7d9ff29c55daa321,07ec1dfc1c7e308f40875082c006d006d802a006801e803ed0fefcfcfff8fff0,
images/bun_thit_nuong/bun_thit_nuong_e4b5655c35696db7.jpg,bun_thit_nuong,23,train,web,,e4b5655c35696db7aa3dbeb278287a46c0974af23ac8d70bb26e748577f5d93b,1fc03fe43fffffffefffe7ff876f884f803f907f9038d0187010603031e09fc0,
images/bun_thit_nuong/bun_thit_nuong_bc4facc3f0ee8b14.jpg,bun_thit_nuong,23,train,web,,bc4facc3f0ee8b1404904510dae88423335c9f489215ccd1b484f803dcb8d6b8,1fec1ff81ff83ffc79fc7af671c27d037f027e027e023e043004100c001c03cd,
images/bun_thit_nuong/bun_thit_nuong_3a26b577a3a6aa60.jpg,bun_thit_nuong,23,train,web,,3a26b577a3a6aa60c1bea42a5abf96ee9350cec2771f4a2dba7074aea3d1cb22,60f0c2db309f3cbf14cf009f009703bb1be3de433c4300c306e60fa60f9c8c90,
images/bun_thit_nuong/bun_thit_nuong_2477a0704540c5bd.jpg,bun_thit_nuong,23,train,web,,2477a0704540c5bd3f11bccde1d15a23f012ca870d9ae7d00a363804406c6dbb,31101e8097ee9ffbfb31ff20ffe0fff0fff01ff81f981a0808580818067003e0,
images/bun_thit_nuong/bun_thit_nuong_11f43b4e0632b2e4.jpg,bun_thit_nuong,23,train,web,,11f43b4e0632b2e4a85b750c86626d616d6371204f851c38cdcbd0d854147e4a,fff8fffcbffeffffbfff32dff05fe0ff219f009708310c30a800a04003400200,
images/bun_thit_nuong/bun_thit_nuong_4059b7e68a727312.jpg,bun_thit_nuong,23,train,web,,4059b7e68a727312167891fc60415cb7c83b26307166d5181962426146eb0d77,1e1f1e1f11ffc73f8f088e25e077c0738079807900710003800bc007e03ff9ff,
images/bun_thit_nuong/bun_thit_nuong_eda639b19d4374cf.jpg,bun_thit_nuong,23,train,web,,eda639b19d4374cfb058bd622db1c066316cb908726a082fb92bd71997453829,3ff87f9bffc3fc03f803f001f000f000f001f003fd07fd0e7c3f1fe30007000f,
images/bun_thit_nuong/bun_thit_nuong_0282bac4c1492f9c.jpg,bun_thit_nuong,23,train,web,,0282bac4c1492f9c13e29ec1664fd2eeb9ea923fbcb8f7bbc913b6834983a8db,feff007f047f1fff7e7f70dfe1ff83ff01dc80088000c000f000fc1fff07ffff,
images/bun_thit_nuong/bun_thit_nuong_f331136031b1ee4a.jpg,bun_thit_nuong,23,train,web,,f331136031b1ee4a2e2a391e0e569b0c7cf1b11f79b51f4cb23eeb5091937303,61ff416383e383e903dd83df83ff813f813fc00f800f811fe10ff08ffc4ffc1f,
images/bun_thit_nuong/bun_thit_nuong_79d3d7e99f982103.jpg,bun_thit_nuong,23,train,web,,79d3d7e99f98210338c0533ad0b8035eb9f89910554f5f51b37d732f4ed9e5a3,ffe3ffc1ff01fe01fe03ff13e19bc0438047803f0027003f807bc07fe07fc0ff,
images/bun_thit_nuong/bun_thit_nuong_d9858ce85d19650d.jpg,bun_thit_nuong,23,train,web,,d9858ce85d19650d89c440a92ac3c9b1254b0aa2441a301fc9a3eb10a2e837f4,f03fe03fc037c033c071c063f9c191e101e101918089e081e00ff0ffe03fe07f,
images/bun_thit_nuong/bun_thit_nuong_39dee405ad673711.jpg,bun_thit_nuong,23,train,web,,39dee405ad6737113903789709b8ba97ae4410ed9a465646c35c57e748872f95,003f1c3f3fbfffdeffc3bfe3be7bfe784076c076ffe67fee3f0c004800c00000,
images/bun_thit_nuong/bun_thit_nuong_f665c42b2660e349.jpg,bun_thit_nuong,23,train,web,,f665c42b2660e349ebe89effd428dd857d95a907d15deb32fd6e8939dc7595b0,00021fe00ff81f3e3c377047780778077c077c0f7c0f7e0f7f7f7fff78ff380f,
images/bun_thit_nuong/bun_thit_nuong_b513c4ec532a1421.jpg,bun_thit_nuong,23,train,web,,b513c4ec532a14219132c65c3dd76564b248b00c0f8414916a4602b671f573da,e1ffe04ee40ef007f003f131fa1ff037f01ff01b689b88d310b700e7c0c70ca1,
images/bun_thit_nuong/bun_thit_nuong_c94d26c3319e7d40.jpg,bun_thit_nuong,23,train,web,,c94d26c3319e7d403911adbe2154a2b36ef84e21c0f26147e82aa822cffb4625,00fe01ff03fd03f8023803f803b0a3f0b0fc703f437f07ffffffffffbfffff9e,
images/bun_thit_nuong/bun_thit_nuong_f9a2d6abdd65c1d6.jpg,bun_thit_nuong,23,train,web,,f9a2d6abdd65c1d6c26a7bda8dcf90b02badb29da2b3ee9cdeb8da8a6af71840,fdbef63fffdfe33fc383e900f800f400fc10cc80c800c011e003f003780f3f3f,
images/bun_thit_nuong/bun_thit_nuong_d7853fd216d822ca.jpg,bun_thit_nuong,23,train,web,,d7853fd216d822ca188b6a0efaf981ef1f433c15a30ea85c6a0a27e5782e0499,fffffdfffcdfee7f3c7ff9ffc1fd811fcdaf4c03102386008000800080004000,
images/bun_thit_nuong/bun_thit_nuong_d1247ae728784e71.jpg,bun_thit_nuong,23,train,web,,d1247ae728784e712d9711278075fc2976396c7b3ddeb37aaedcc3e4f25a4ad2,3e0f0c01cbe19fe11ff2befbbc7cc4f5c5e3f983e2032007300f180f0c180631,
images/bun_thit_nuong/bun_thit_nuong_f01b185d160dc97e.jpg,bun_thit_nuong,23,train,web,,f01b185d160dc97e222b7d4e55e09174ce66be67d9d682cfe6f0fa9e8b9f024b,f21fe617e21fe20dc305c731c63dc67fc67fc47dc03fc1fec05c403c20383070,
images/bun_thit_nuong/bun_thit_nuong_8fe9c191e54bce19.jpg,bun_thit_nuong,23,train,web,,8fe9c191e54bce198092a281340443f5491e49f5f4a7419ac5dcca1d4be0b4d8,fe9dffeffff3fc09f80df004f007e001f001f683ef836d837d033f07bf879f8f,
images/bun_thit_nuong/bun_thit_nuong_1c07ac62ba3e60aa.jpg,bun_thit_nuong,23,train,web,,1c07ac62ba3e60aaead7f25bdb3bef9806f93e8963e647462f4e87674d1784a1,07f30dbe1e3f304340434081c081d803f801a003900f801fd07ff87efffcfffc,
images/bun_thit_nuong/bun_thit_nuong_b0849c00912ff90d.jpg,bun_thit_nuong,23,train,web,,b0849c00912ff90dfb67ffa4f132a2e818bf720c55056a2f5ad6a21499e44d11,0f801fc01bfe3fff7f7d7f7fd3cfd1c7c0c3e0c3e0fb607f60c731c33fc004e3,
images/bun_thit_nuong/bun_thit_nuong_1c09d619654ffccb.jpg,bun_thit_nuong,23,train,web,,1c09d619654ffccbef8ecd83f260a820b85b8e87882340090bdd59564a8c3806,e41fe41fffbfffeffdeff1ffe0ffc0ff80ff00ef003f000f0007000700070007,
images/bun_thit_nuong/bun_thit_nuong_8a7cc35177691f81.jpg,bun_thit_nuong,23,train,web,,8a7cc35177691f8176c24866905af50139b5da945707cc887941683d470c31bf,ffe0efe0ffe1fe78e038e00fc06fc00fc00fc00fc007c00fc03fc0fbf2f3f863,
images/cha_ca_la_vong/cha_ca_la_vong_2964f7fdeae228e4.jpg,cha_ca_la_vong,24,train,web,,2964f7fdeae228e462009883ec0030d23e1fd9d33f0aebe5153434ec7d7c3e62,a088f8f89efc3d8601170103c183e1fff1fef8fcf878f9e0f3f06bb00e7808d8,
images/cha_ca_la_vong/cha_ca_la_vong_6ee67a7f86c72e6c.jpg,cha_ca_la_vong,24,train,web,,6ee67a7f86c72e6c5b8c0520aef4f7e239ff651176758f49accd99ae27bd5a7d,f088f8f81efc3d8e01160103c183e1fff1fef8fcf878f9e0f3e06bb00e7808d8,
images/cha_ca_la_vong/cha_ca_la_vong_376af469fdc04e6d.jpg,cha_ca_la_vong,24,train,web,,376af469fdc04e6dd5b411c288986dfca57b1968017f97b9d58630e43011678b,0ff81ff80fe107ff07fa07fc40d00fe00ef03e780c3c3ffc1db83ff83ffc1bf8,
images/cha_ca_la_vong/cha_ca_la_vong_a149200f2960afc4.jpg,cha_ca_la_vong,24,train,web,,a149200f2960afc4508429b86c1d8b31ae2ca9ff2b3fba9fd3b9b438ecb468bb,0ff81ff90fe107ff07fa07fc40d00fe00ef03e380c3c3ffc1db83ff83ffc1bf8,
images/cha_ca_la_vong/cha_ca_la_vong_29b9f3e91bfbe86c.jpg,cha_ca_la_vong,24,train,web,,29b9f3e91bfbe86c28eca02100a3821f53ca52b35e2b5fee71daddbdf8aef66f,83ffe33df079f87b7c7b9c1b19973b83380338013b003f621f621e640e0c0ffe,
images/cha_ca_la_vong/cha_ca_la_vong_7bd1bbab2697bb5b.jpg,cha_ca_la_vong,24,train,web,,7bd1bbab2697bb5b71564f92ac016564357c8fc80a4c42c36dc87a581b683f4a,83ffe33df079f87b7c7bfc1b19973b83380338013b003f621f621e640e0c0ffe,
images/cha_ca_la_vong/cha_ca_la_vong_3322c3e2bc432f4f.jpg,cha_ca_la_vong,24,train,web,,3322c3e2bc432f4f69621031fb5338ae923b5bc5ff630744f24ecdd30ddbbc62,00e000f0007000f01af81ab803e0039007127f30ff80ff8cff80ff84ffc0ffc0,
images/cha_ca_la_vong/cha_ca_la_vong_848aceb21577a69e.jpg,cha_ca_la_vong,24,train,web,,848aceb21577a69ef4d8bbc3afe1611505be23772110ee43f91aa59da221233a,00e000f0007000f01af81ab803a0039007127f30ff80ff8cff80ff84ffc0ffc0,
images/cha_ca_la_vong/cha_ca_la_vong_5498142c26c335cc.jpg,cha_ca_la_vong,24,train,web,,5498142c26c335cc42fcda63e3578b538b6775c028617a745cfd22db7b551c56,47fe07fe9cfe1f9f3e033c033803380138331023102309070c0f071f03ff03ff,
images/cha_ca_la_vong/cha_ca_la_vong_9228d34b72e5c834.jpg,cha_ca_la_vong,24,train,web,,9228d34b72e5c8343fff253044d6c2b2323acb02550f85fae0a1c34402d76468,47fe07fe9cfe1f9f3e033c033803380138331023102309070c0f073f03ff03ff,
images/cha_ca_la_vong/cha_ca_la_vong_74ead740e9f55c4f.jpg,cha_ca_la_vong,24,train,web,,74ead740e9f55c4f65e91f5cafccc322330f9692f95f5838faf02757e11709ed,fe00ff00ff80ffc0fffcfffe000010003bfeffcffb8a8140800001e081ff00ff,
images/cha_ca_la_vong/cha_ca_la_vong_f0268fad8f049dae.jpg,cha_ca_la_vong,24,train,web,,f0268fad8f049daee53a194f3b88066261ab15aeda0440759d3955f2676e2f59,fe00ff00ff80ff80fffcfffe000010003bfeffcffb8a81c0810001f081ff00ff,
images/cha_ca_la_vong/cha_ca_la_vong_238c77af92f88cb1.jpg,cha_ca_la_vong,24,train,web,,238c77af92f88cb1cc135cf946fd070f9c2aaea4d998fc42e0589540e23abcae,0000003000f801ff07ff07ff0ff8cff4fffdfffd03fc00e00060006000400000,
images/cha_ca_la_vong/cha_ca_la_vong_53b2b61854da08c1.jpg,cha_ca_la_vong,24,train,web,,53b2b61854da08c161cc1b147f77c1f20321085d698bbd1632a29a72358cdfc0,8100fd00ff00ff00fc7b8c606c40f800f809fc0dff9dff95fc00fc00f800f000,
images/cha_ca_la_vong/cha_ca_la_vong_5bfe54bdaab00326.jpg,cha_ca_la_vong,24,train,web,,5bfe54bdaab003268810ccd9500cfe70e6f6ec68ab96a03cd67fedc334638696,7c0e78cf79bc7d3eff7ef7fc7cfc471c278e03c203c121e07df2f8b0ff14fd00,
images/cha_ca_la_vong/cha_ca_la_vong_7385f5a354e1e52b.jpg,cha_ca_la_vong,24,train,web,,7385f5a354e1e52b2dc71faa7ad07a58ea13273903f318a865df37a5d227b72f,fffff1fff07fe07fe07fc03fc03fc07fe07fe0fff0ff8f1f201f241f841ff0bf,
images/cha_ca_la_vong/cha_ca_la_vong_2d5cdd5e009c34ad.jpg,cha_ca_la_vong,24,train,web,,2d5cdd5e009c34ad64dc70c9b7a5d24b5f3dd3d07a8ddacb4106d3710fee732d,0000000000f801fe07ff07ff0ff88ff0fffdeffd03fc00e000c000c000400000,
images/cha_ca_la_vong/cha_ca_la_vong_f1c2793f9c71656b.jpg,cha_ca_la_vong,24,train,web,,f1c2793f9c71656b273fe7f6523eea4118080dc42e044ed58c515ff43f0ec4d4,01c003d81fe87be873fef59675fbdff7fe73bdf710e78cff08fc06e007000600,
images/cha_ca_la_vong/cha_ca_la_vong_b4aed5c2be85ce60.jpg,cha_ca_la_vong,24,train,web,,b4aed5c2be85ce60b713773d89c7ae2f2e7133a63c43409338833731ca3ef83d,fff8fb9fff8cf800ff80f070e440e02480868006c003e002f0027c0c3ff81ff0,
images/cha_ca_la_vong/cha_ca_la_vong_c2ac24f33b2c45d7.jpg,cha_ca_la_vong,24,train,web,,c2ac24f33b2c45d784e252cf0ee1757b38d1df1bf821bbb95fddd2ecc50757d7,c0054103400f402f50335e1b5f811fc31f03000f5f7fdff6fff67ff07fe2ffef,
images/cha_ca_la_vong/cha_ca_la_vong_bdafd17a96a935e3.jpg,cha_ca_la_vong,24,train,web,,bdafd17a96a935e3bb9053b102e768f833683f8c5d20cc8a97ebba564916e671,00ff819fa7f80cf819dc3f9c3f8e362e2876296e348638c4585c6e7870cff01f,
images/cha_ca_la_vong/cha_ca_la_vong_04e83f1df72942f0.jpg,cha_ca_la_vong,24,train,web,,04e83f1df72942f0ad882e8ba6cc3ab758bda43d32e2bbc2553d06a5eee8eaac,1fff3fffffffffffff1fff3ffc7ffc7ffc7f001f000000000000000100000000,
images/cha_ca_la_vong/cha_ca_la_vong_6d49dec8963f410b.jpg,cha_ca_la_vong,24,train,web,,6d49dec8963f410bb14c1c42c0603942757f99a1fb46af9d7509b0ea6e89702a,66de661d01810dc10fe10fe185f3dfbeff80009ff09fe017c07fc0ffc07ec060,
images/cha_ca_la_vong/cha_ca_la_vong_7202e272d577543a.jpg,cha_ca_la_vong,24,train,web,,7202e272d577543a88476926678964b958cc77fc6df1b52d1535a6f3aa90537a,000f000f003c007f107f33ff37ff37ff67ff07ff01ff67ff07ff07fe01c00080,
images/cha_ca_la_vong/cha_ca_la_vong_b3d4f85e9289b836.jpg,cha_ca_la_vong,24,train,web,,b3d4f85e9289b8367eccecb33666a91b8199f5259ffde5c9722fb673f61d4be9,f7def11fe19fc01f801f399f21a68080847827fcf3fc83fc81fd81ff80738001,
images/cha_ca_la_vong/cha_ca_la_vong_013491e8c7186fb3.jpg,cha_ca_la_vong,24,train,web,,013491e8c7186fb31c7fa5f9a2f39d1912b8c17347a4811caef6f528f3887dc6,dc78dc549df0e7f4ef70ffe0fdf0fcf0fcf0fef0be6036406040490042006400,
images/cha_ca_la_vong/cha_ca_la_vong_16d7ce62e1ab555d.jpg,cha_ca_la_vong,24,train,web,,16d7ce62e1ab555d83780285245b6660f7de8594f6fa88ce42b03d3cf2ae3578,000c001c041c063e08ff0cff0dff0dff0e7f000f8000001020001c1000000000,
images/cha_ca_la_vong/cha_ca_la_vong_a811482cddbd7a2e.jpg,cha_ca_la_vong,24,train,web,,a811482cddbd7a2ecf8a05090e8e631a6bb402ae3818963556d789f2ed3ba74c,6cfe0dfe1fff1fae05ec016c000000041a802782006607a707e187f9dfffffff,
images/cha_ca_la_vong/cha_ca_la_vong_aa79ee36469af416.jpg,cha_ca_la_vong,24,train,web,,aa79ee36469af416a7875095910ee34dfe26811cd8deed01a02e47622f0b4e23,3ed03df33ef77fff6fff7fff75f371c100c3088108018841c000400100232031,
images/cha_ca_la_vong/cha_ca_la_vong_84c4850d585e7982.jpg,cha_ca_la_vong,24,train,web,,84c4850d585e798256607e94272171a8f468958e0419cba7ac33873f28151cbf,fffffffffffff7efffdeffde780e3c0e1ff818181800000000000fc000000000,
images/cha_ca_la_vong/cha_ca_la_vong_fba8c68b90399ef3.jpg,cha_ca_la_vong,24,train,web,,fba8c68b90399ef3e5ca3823979f14b710e0a07b07ac9cd49cdd0443a5aa95ae,00000000000000c000a800ecc18cc9e8cff9fffffffffffffdfbfee1f883f847,
images/cha_ca_la_vong/cha_ca_la_vong_b69d188dcdf37d18.jpg,cha_ca_la_vong,24,train,web,,b69d188dcdf37d18184c471de90075d55091e7efc7b25a8d550477c0bf894f32,ffffffe7c7e7c7ffc6f3e863f8037803f8030003006306e303b38380860fc40f,
images/cha_ca_la_vong/cha_ca_la_vong_0c6272dc7b8fcad0.jpg,cha_ca_la_vong,24,train,web,,0c6272dc7b8fcad0d9f74e3889fe1ed8c82fe393824b40b24c6e85698150b719,fdc3fde3e7f1c971125923d811fc3068796c081e1e1c160c0304070500000240,
images/cha_ca_la_vong/cha_ca_la_vong_a73ee5866d999c89.jpg,cha_ca_la_vong,24,train,web,,a73ee5866d999c8983dafc369528ffe889ae6af2e7283e0780e3eeb5aa88fb1b,ffffffff7e1ff803f003e003c001c004c001800581018103c187f9cffdffffff,
images/cha_ca_la_vong/cha_ca_la_vong_9ea99a470b5fd9a8.jpg,cha_ca_la_vong,24,train,web,,9ea99a470b5fd9a8a1f1d087966546ee15b2e384076ea8d3ee234a380d70b94d,f82ef824f00cf0ecf1fdc1fde06de12ef1c6f0c2f00bf01c7047f065e06fe046,
images/cha_ca_la_vong/cha_ca_la_vong_c51d95f79c8bef0b.jpg,cha_ca_la_vong,24,train,web,,c51d95f79c8bef0b4b783f5ae79318b1f6ae89f16297914883baef7230548d92,0000800000006000e003e003ff7fffff3ffe1fff5fff6f8007806201f0008000,
images/cha_ca_la_vong/cha_ca_la_vong_825928d83cf363d6.jpg,cha_ca_la_vong,24,train,web,,825928d83cf363d6971ef36bda7818e2c80a72a596329cb72fc17e98ccc0af21,830f838d83c782e387e18fc19fc18fb18ef1c841c441c661c621c301c101c181,
images/cha_ca_la_vong/cha_ca_la_vong_0dd48b03715ee370.jpg,cha_ca_la_vong,24,train,web,,0dd48b03715ee370e28c2b60354b72aaefdea955c13ee8a711cdc69457c18ad8,307f603f603b60382239343b3bf333e307c00008001f001f703f78fe39f73f9f,
images/cha_ca_la_vong/cha_ca_la_vong_3bd1d142052e946a.jpg,cha_ca_la_vong,24,train,web,,3bd1d142052e946a1de5dd2d072fdf4237216d0d7647496c58858d05311c73d9,e7ffc1ffc1ff81ff83ff00ff07ff07ff049f0001000300030003000300070007,
images/cha_ca_la_vong/cha_ca_la_vong_36786d39ccccc64a.jpg,cha_ca_la_vong,24,train,web,,36786d39ccccc64aa2c5704b099e8ca3d24ccdf15b9bcf2ed8a90a35f3ff5515,83f7847100d080003c003490f860fe61dc63ffe7f7e13ffb0fff1fff1fbf070f,
images/cha_ca_la_vong/cha_ca_la_vong_a4a36d9e5f8b0355.jpg,cha_ca_la_vong,24,train,web,,a4a36d9e5f8b0355117ed9a97dfcb7f5170760b8a8aef33e26a0dd9320bdb4e4,000000000000ffc74cdfe5fff8cf1c1f2c1f64df7bff47bf633f01f781e180f0,
images/cha_ca_la_vong/cha_ca_la_vong_b2d7fa7760ac00c4.jpg,cha_ca_la_vong,24,train,web,,b2d7fa7760ac00c4fff7b116264ec5f8dfa7683c1a342611d27963fb4ec67ee3,f00cf41ce41cef97fffffffefffefff830200000000000000000706071fe7ffe,
images/cha_ca_la_vong/cha_ca_la_vong_864884d535c8e6a3.jpg,cha_ca_la_vong,24,train,web,,864884d535c8e6a384e55bd68971f5fb80be69f187af3ddb17bd07b971932679,f1fff1ff31ff01ff103f003f005f000300000000000000180832d02611270001,
images/cha_ca_la_vong/cha_ca_la_vong_ae100516a8909e15.jpg,cha_ca_la_vong,24,train,web,,ae100516a8909e15a7d5454b74cb1ae484ec1f169ccc737184f52f39818087dd,20ff0031006020008e009a40fe703f737e63fff7ffe11fff07ff0fffcfffc38f,
images/cha_ca_la_vong/cha_ca_la_vong_865cc62bf5eca617.jpg,cha_ca_la_vong,24,train,web,,865cc62bf5eca617d66d2d09c4ebf60b440a8552cd0211554a7a380615e0b11b,e7eee1eee3e6c7f7cefbdc0cf00ee007c16185b08c80880006208c4a8e9800c0,
images/cha_ca_la_vong/cha_ca_la_vong_f8ee67f6b81c4a07.jpg,cha_ca_la_vong,24,train,web,,f8ee67f6b81c4a07fa49d14e36428f43b824673e29f0e0e1fa41814a9369a4aa,fffffffffffffff370101003018f47fff083be00004000c4004000c400c400e4,
images/cha_ca_la_vong/cha_ca_la_vong_fbdb6778ca1e381c.jpg,cha_ca_la_vong,24,train,web,,fbdb6778ca1e381cdec9ff0212e422f031e1e55a7633c8d8594dd5369d03c34d,00b100e10013003b000f100f330770a3f023c007c187f087fc077f873fff0fff,
images/cha_ca_la_vong/cha_ca_la_vong_20eca6b0eff8f6ad.jpg,cha_ca_la_vong,24,train,web,,20eca6b0eff8f6ad1794c896459b0bc8ed6a41136f4ec59bb5155311fbb05d79,01bf013f783ff87fffffefffc7ef06ef770fff07c603c60086008000c801fe00,
images/cha_ca_la_vong/cha_ca_la_vong_89ee409e44dd2aa8.jpg,cha_ca_la_vong,24,train,web,,89ee409e44dd2aa8dbb14f3a9a3c5b2dd8e51486a5cef9d5ba9c6a95be89f570,fc37f833fe3ffc27fc63f8c0fdc0ffc0e3c08180818081c001e101fb01ff01ff,
images/cha_ca_la_vong/cha_ca_la_vong_f5c87df92957b2e6.jpg,cha_ca_la_vong,24,train,web,,f5c87df92957b2e661ccb71dc79e81aeeb9ed2d74cf37f8538e05374126fc239,0000003801efe075f03ff13ff267ffb7eff7ccb9fc91fd81fd01fc03f803fa07,
images/com_tam/com_tam_f38545f1fb990763.jpg,com_tam,25,train,web,,f38545f1fb990763c05072697270e50bb7fa1826ceaa5aad9f9b343262aeb02c,f0c173e0e7fccffe0ffe0efa0e5a1ff71dffdf8fdbcfcff92ce227ec11f19093,
images/com_tam/com_tam_6c8950c24280d687.jpg,com_tam,25,train,web,,6c8950c24280d6877172cc74ef9921a5e221edafb76d39d026dda49401a44444,7fecfffff1ffe0c7e087e087e1c773faff87ff83fa03f203f283fc83fdc7ffff,
images/com_tam/com_tam_e0e8405ee805e428.jpg,com_tam,25,train,web,,e0e8405ee805e42828c25dc786af6b21313d2c2bcad7b8e88f8c4e4f5f099ef8,3860781070044000c000c002e0c7e1f1e379c7b9ef9fee39ff797fff7ffe7ffe,
images/com_tam/com_tam_6e6ca585fb2ed2b1.jpg,com_tam,25,train,web,,6e6ca585fb2ed2b1b7c7f4e907e8bc83532a0ff4434feb25d0c992096a7006df,00600020f000fe7cff7effe2ff03ff03fe03fc03fc03f202f0027c063c0c1cf8,
images/com_tam/com_tam_3bdf960134af1066.jpg,com_tam,25,train,web,,3bdf960134af106641e235c9fa805e9ea254121045c3f99c0870d4653a07dd17,007f03bf070f060734074043404f4003c187e3dfe63fe25fe217f63befffffdf,
images/com_tam/com_tam_67298649c74b10bf.jpg,com_tam,25,train,web,,67298649c74b10bf56fbddc7c53b72a31651120d36526c95c45b3c2dd7029c8d,bfffbbe763e573ede39df139fa73be07b9cfe1c7e045e000f000b821b807bc07,
images/com_tam/com_tam_148edf7282cdd56b.jpg,com_tam,25,train,web,,148edf7282cdd56b652f6afabac3898db49d172495ce79f788975d5d6a7d69a9,7fc0f7c0e7f0e7f0effccfcf87cf87ff011f010f010f813fc1bef0fdfcfbdff7,
images/com_tam/com_tam_d4a91048d7779554.jpg,com_tam,25,train,web,,d4a91048d7779554b59b45c668a38f9ff4e0be5939931cd584fe75c4a103e0ee,e00fe20fc3cf8fcf8c8e0c061c661c671fe1dfe1c821c8c3cfc3e103f003f80f,
images/com_tam/com_tam_040c1a74d4251db5.jpg,com_tam,25,train,web,,040c1a74d4251db55f683d483802cffa2acb6f14c6c131d3633b377be3590ae4,01000a4c1e981316309e780cf1fcfff8f7f8fd18fd48f71cff18f8f0efc0f000,
images/com_tam/com_tam_2bd14c7af0aa9695.jpg,com_tam,25,train,web,,2bd14c7af0aa9695816b42479743370531f22a1d2cbb513a4325e5a3480c3514,f0feef99ff89331f216f334f08e0c0e0c0ce80ee81fc81f8c1fce1f080f0c000,
images/com_tam/com_tam_0a533f106fb71108.jpg,com_tam,25,train,web,,0a533f106fb71108f7d347cc665b5866f826b32c1adbe3e869f7b2053a7ca6bc,9ff1eff0fff0fff0ffe7f80ff00fe00fc00fc0078007a007a007a003a0072307,
images/com_tam/com_tam_9eaefad606d662c4.jpg,com_tam,25,train,web,,9eaefad606d662c4a66562b07229216ed3f723a434b4e536a644e89489e315ce,fffff8fff07fe047e003e083e183e783c6438267825f804780078647ffeff7ff,
images/com_tam/com_tam_6a65e48d9b5eaca4.jpg,com_tam,25,train,web,,6a65e48d9b5eaca43467948dfe3b49798ee4c7f3333a7d441620c8077b1ba1ef,fea0fef8dc98e040c180f18cf83df93ff1d98421cd01f73dd02de85bf007f80f,
images/com_tam/com_tam_81818c5736e5c7f1.jpg,com_tam,25,train,web,,81818c5736e5c7f180e0a41ad374b1c184b3021e2cb15322687078f3af749f87,fffcffffe3ffc18781878187c7cfc7bbff87ff03fc03e503c503f983fbc7ffff,
images/com_tam/com_tam_0729449d07d6cad1.jpg,com_tam,25,train,web,,0729449d07d6cad16cbee81cac39f070ffc5bb7fd8946325c67acf29ada30b09,08101c107c381ffc1afe03fe01fe21fe22fe02fe347c39fc07c00fe00fa01bc0,
images/com_tam/com_tam_11d7304bc280fa44.jpg,com_tam,25,train,web,,11d7304bc280fa4403e57c87bf81df3ea021def8332fa6895a8470bdc950e7e3,7904e01ea01f721f6317ff1fff8fffa0fd20f180fde0ffe07f801f800f000000,
images/com_tam/com_tam_96a4a3f08c478496.jpg,com_tam,25,train,web,,96a4a3f08c4784969fe167259bf1b137df8c93536d9bb2abf4c4b375be35a2c2,7ff0e4f8e2fc0e2c003e041e2c063438363e363e3e1e1edf028f03011c231da7,
images/com_tam/com_tam_b4a6166f69ee87a9.jpg,com_tam,25,train,web,,b4a6166f69ee87a9ec2e02364e7022870b5fc31ea9ccba030585ec6459d919a8,fffff9fff17fd31f82cf80cf011f011b001f800f800f8007900fc80fc7ffc3ff,
images/com_tam/com_tam_816446026aa5d3be.jpg,com_tam,25,train,web,,816446026aa5d3be705756810a9e7633e89ea3ed03147c2ad2fcd93db1459e4e,0000000003e00ff01ff81ffc3ffc3f7c3ffc3ffc1ffc1ff80ff003e000000000,
images/com_tam/com_tam_8bf95e81bb23ae39.jpg,com_tam,25,train,web,,8bf95e81bb23ae39f8ae49762a967d1fb1f20c091d56fb3f773e088e38816d7f,00000000410027c027c09fe7dfefeef3fbe1ff999f73ff07dc03c107fe7f1fff,
images/com_tam/com_tam_52eee4144efa0818.jpg,com_tam,25,train,web,,52eee4144efa0818a06da874a69c89e0f42ffe3cbb456361c20eaabd7ed5f079,ffffffffffcfffcffe27fc27fc63fc03c607c347c007c006c00ce00bf81bdebf,
images/com_tam/com_tam_15586d82ad1bc1dc.jpg,com_tam,25,train,web,,15586d82ad1bc1dcfcaa1b3e58425d042fda9bcd10d65ad0f77a79e9703325c8,83808fe03f733837301e26dc660c7f0c7c647e787e78fff09ff01ff00fe00380,
images/com_tam/com_tam_d013a7afe788f2e3.jpg,com_tam,25,train,web,,d013a7afe788f2e3d3879fd3d3c51c9fffeaf60971d827e0862ff4fec3478369,fc01f801d0508018061e067e077e023f063bc737c712d000dd10dc13ee13e6d3,
images/com_tam/com_tam_543b09a017694706.jpg,com_tam,25,train,web,,543b09a017694706a7efcd2368b44a90eaa7685ca3e635778bad46b48fce2d8c,ec40ec00c270c0f8c0f8c0f8e070c078c8fe9fded3fee4fed8bef06ce010f280,
images/com_tam/com_tam_292dd259e2a47024.jpg,com_tam,25,train,web,,292dd259e2a47024ba236a7b68cf17150348f74b9602ab39a7e9383d52c97c3a,e07fe04fe003c003c003c083c1c3c3e3c3b7c73fc727c607c267e007c00fd81f,
images/com_tam/com_tam_94f78fb5fccf269b.jpg,com_tam,25,train,web,,94f78fb5fccf269b8002dda4dfc01cf9d745cedd0b5cefb0433a1926723a8101,7e6c7f7efffeffeff1076006700232001f088ff0ff80e180e080c080c080c080,
images/com_tam/com_tam_baa795c996b46fd8.jpg,com_tam,25,train,web,,baa795c996b46fd80b361a5b4e2f37ca3a99df848e136a36a9395f210a678917,0bbe03df0fff03ee01e101e113f110f71c571ec70f8f0f1f6f3f77ff3ffb0e3e,
images/com_tam/com_tam_2f582f5f249f519a.jpg,com_tam,25,train,web,,2f582f5f249f519aebefe77a32b16057d1d06f011e32b847101462dc033eae9d,000001c007f01ff81ffc3ffc3ffc3ffe3ffe3ffe3fec1ffc1ff80ff003e00000,
images/com_tam/com_tam_7588ea5981180ed4.jpg,com_tam,25,train,web,,7588ea5981180ed4b16fae258bf0c12adaf661a6e753b86bfe01e205e066cbcd,f820f038e01e8002a003ff81ff9fff95ffc0ff80e701c601e661ffe7ffefffff,
images/com_tam/com_tam_eb0736ccdbbe00dd.jpg,com_tam,25,train,web,,eb0736ccdbbe00dd0a822615130fc52ce84334ca54a55253e192f942cb88b637,0f820802000202000700ffc07fe1fff0fff8cff88ff88ff08de2cdf6c5fe81fa,
images/com_tam/com_tam_f4d1f48cfdc1e50b.jpg,com_tam,25,train,web,,f4d1f48cfdc1e50b6264ef484b5d98b3cdb6fc80e8fd3f82ffa6f422bc79d4ee,ffc4e7e1c7e3e3c3e1cf87cf0377717341ca834cc30c630c2f859f84ff00fff0,
images/com_tam/com_tam_e3a9eae49fb910f5.jpg,com_tam,25,train,web,,e3a9eae49fb910f522172bca6ad63a35829194b58db77661727d6b7dc43fc4b3,0787fffb3fcd7fc3fcb3fc6339c306c30163016f418f4117a20783a7cf9fc6ff,
images/com_tam/com_tam_09370dac2a55aa33.jpg,com_tam,25,train,web,,09370dac2a55aa3339e97869c1e6fd93880d621020f544968782568b2fe32c39,7f84fffeffdcbe843e101c300e221b20392269670bff07bf033ff37f793f6e1d,
images/com_tam/com_tam_fc5c98949c12bc4c.jpg,com_tam,25,train,web,,fc5c98949c12bc4c851bb2ee33ae87ad499974fa7dca03744db015d75f9c2f31,fffffffffeffeeff82fe0ace89020003040008020206170001e001e001f100ff,
images/com_tam/com_tam_2bcc79c70716c347.jpg,com_tam,25,train,web,,2bcc79c70716c3474b7073664df6f50e2cadeb5105db68f0cbb84d9be9cd51bc,00e001e003f007f80ffc1efc3ef87ff0e7e0e7e473d27d92370c3e001c001c00,
images/com_tam/com_tam_b2ed2f93b7170b2d.jpg,com_tam,25,train,web,,b2ed2f93b7170b2d0d2489757831c44932320f02b24152e6854e895b0196b195,700c7006e3c6c2e6ce27cc67ec26c436c73e67fe6fc67b823d833f071f030f03,
images/com_tam/com_tam_63fbed44e0e4fcc4.jpg,com_tam,25,train,web,,63fbed44e0e4fcc49fbf8cf6c13a3314b048d91207197c82c8625233841bcbd6,3f606fe2f2e3fbc78f878f03f203f801fc8103850380000000018067833f433e,
images/com_tam/com_tam_59f01094ce9f2976.jpg,com_tam,25,train,web,,59f01094ce9f29763497eae60e4d0cdbb69363e63e07a52ac33d025649b26fee,8001fb81ff90fe0df884a0c08071f9d739f001b0e9b0c8101c38bffdffbfe3ff,
images/com_tam/com_tam_7c5375d6860f9492.jpg,com_tam,25,train,web,,7c5375d6860f9492c1b01dc8e68f21159e3e746571a31636045ade6e8c258785,81d3e1c381c3c183c187e3c7fc7df839e043c1ffd83f807f98ffc07fc17bd16b,
images/com_tam/com_tam_7f39b29e5f00f0ff.jpg,com_tam,25,train,web,,7f39b29e5f00f0ff5cfcc74a94dfb04ed94c0a7fd41f5c3efd13fee38314a558,8001f030ff38ffacfe88fc40c09e8083803983f983ff83e0c3e0fbc0f800f800,
images/com_tam/com_tam_187cb86e2964b393.jpg,com_tam,25,train,web,,187cb86e2964b393be54a0e7ebbc4fc506905a8ed0c925fe02899ef7c2af12eb,ffffff8ffd07fc07fc03f803f803e039e01fe01be013e007f00ff80fff77ffef,
images/com_tam/com_tam_c57f8c2117ed9ef8.jpg,com_tam,25,train,web,,c57f8c2117ed9ef847778f4724e2e4b1ddaa3ed4ce039b304498f94d034e0757,03c00fe00bf018f818f83ff81fcc3efc3ffc0bfc03b81e381e780ff00fe003c0,
images/com_tam/com_tam_5211ebc1ddb2ca49.jpg,com_tam,25,train,web,,5211ebc1ddb2ca499143f103c0847d2ad98bca82d365b7fa533365279615d8ee,0f87ffeb7fceffc1f8b1fae7fbe30ec10261027701078213800707371e9f8cff,
images/com_tam/com_tam_9097e7f72eeedf56.jpg,com_tam,25,train,web,,9097e7f72eeedf567859648bac951bb0bdad3ac763b501f1fa33a3e3d4ba536a,0ff01ff83ffc3e3c7e3e7e3e7e3e7f5e7ffe7ffe7bfe7ffe6fde4fdc3e383ff8,
images/com_tam/com_tam_410df816ac066d12.jpg,com_tam,25,train,web,,410df816ac066d1206013f76a560dccb0652617f93e5cbc946fa05c9385fce3e,7ff3fff39ff39ffb9fd01ce0198c4186003e00c80bc003e107e307c7018f000f,
images/com_tam/com_tam_3b3b661e61542aa6.jpg,com_tam,25,train,web,,3b3b661e61542aa63910dfe21d424968433d422d0a42d961dfdeebd7a44c4f32,0000000000fd01ff03ff03ffe7ffc7ffc7ff65ff27ff07ff03ff88ff1c001e00,
images/com_tam/com_tam_3ed1c9b06e8a9354.jpg,com_tam,25,train,web,,3ed1c9b06e8a93544eba120a92434e7adad1ff2695240ec5e32cd6dc67e81412,3c037ec3fef3ff05fe02fc80f883e503c5108de084e186038603f303e1bf04fc,
images/com_tam/com_tam_74203b2d4e11cac6.jpg,com_tam,25,train,web,,74203b2d4e11cac6fce9853fad61682c975bea508665f295d02a4f5b5bdd9a06,00000000000003c01ff03ffc3ffc7ffe7ffe3ffc3ffc9ff0c7e3c003c003c007,
images/com_tam/com_tam_946b4e94415618e4.jpg,com_tam,25,train,web,,946b4e94415618e499b115660068c2fd02e164d530901e0129c4cc6eb1b7ea16,00ff03ff3fc737034103c003c043c0439103c407fc3ff83ff83ffc2ffef3ffdf,
images/com_tam/com_tam_53607646c979dd82.jpg,com_tam,25,train,web,,53607646c979dd824d3424d2a3c06d7d258b0469262c44f034144b24986f546e,ce009fc0bfe0bff0fff0bef8ffb8fef8fff8fff8ffb8ffd8fdf0fff0ffe4ffe4,
images/com_tam/com_tam_f1c5a2efac7e3495.jpg,com_tam,25,train,web,,f1c5a2efac7e3495b0295d9aa29a3240c819a3ca13dcc603c267cf3564f7d82b,707f607e607ec04fc023a021304100c027b02f332f9b0f9f0ff907ff0fff87ff,
images/com_tam/com_tam_f5acccb475f33c49.jpg,com_tam,25,train,web,,f5acccb475f33c495e37f4f69449741996f8d9934654e6b3eb4fb3dc283c71cf,def83ff83fec7fc643c701c7827f82678347c783cf83fb81ca419ec33e63387f,
images/goi_du_du/goi_du_du_47de3a2ea0e15c8a.jpg,goi_du_du,26,train,web,,47de3a2ea0e15c8a199595ca590024e9d1b715a5d0377122e4f912307ec9aa2b,00000020307000f87ffc27fd07f00ff01ff23fe25fc03fc11df10ff80fc01f80,
images/goi_du_du/goi_du_du_0f8c085ec195f785.jpg,goi_du_du,26,train,web,,0f8c085ec195f785dfbf2fe13b00717aeb7f3a5cb2dd481d93915e11e06e937a,000183c01ff03818700ce126e1eef1e7f0f7fcdffbe6fc067f043f081ff303c1,
images/goi_du_du/goi_du_du_9021dc053d294bfd.jpg,goi_du_du,26,train,web,,9021dc053d294bfd1c4e5c7f3ecf67ddcde2242f40bd41e8777cf2ddf38ef39d,000000000000002000001018361c3c3cfffefffffffffffffffffffff87f7fff,
images/goi_du_du/goi_du_du_430d150a93562d2f.jpg,goi_du_du,26,train,web,,430d150a93562d2f622fdfca7468c0d9863b500cffd527b17b94f9d50aa0a6f1,fffc7fff7f77ffc0ffc0cfb09f6097248640c200e400c000e000fe00fe037fff,
images/goi_du_du/goi_du_du_a80502de80595e3a.jpg,goi_du_du,26,train,web,,a80502de80595e3af529ecc8cadee599539bef40995b156c8d3923d01e224516,c000c000c100871007804e004e11fff3ffc3bff1bff8ff3cfffeefbfffc7fff4,
images/goi_du_du/goi_du_du_d57751db47c4c544.jpg,goi_du_du,26,train,web,,d57751db47c4c54439828047fe94f8662c3d98726cc5b9914dd084d7728f75af,81e601fe05fe0f7e1e1e3e823a003020780cf80ee80efc1e7c3e784efc1ebf3c,
images/goi_du_du/goi_du_du_08e4d53be26b8098.jpg,goi_du_du,26,train,web,,08e4d53be26b809854c8d00b21e26d74becf6f5bf0e3568c05f79d1fca7c7aac,fff8f37cf1fef07e807fc07fc04fc047c0078027803f809fc01ff03ff06ff07f,
images/goi_du_du/goi_du_du_e5d420b2e8e694ef.jpg,goi_du_du,26,train,web,,e5d420b2e8e694eff2a069ed69c306da5f35ec3a636d4ec121e9ad3e31f2632e,00020d831ff31ff33ef03ff03c79387f301f305f36ff32f719ef4fcf631f703f,
images/goi_du_du/goi_du_du_9e5cdffa0b19f06d.jpg,goi_du_du,26,train,web,,9e5cdffa0b19f06da38240ba55fd43ddf27a8936b9e0eab0504233f9bd23fa66,07f81fdc7d7e71f7f3e3e3e7ec4fcc4fc57ec45ee60ce00ce018f031f843fc07,
images/goi_du_du/goi_du_du_419254bf65689d72.jpg,goi_du_du,26,train,web,,419254bf65689d72b7c345129738710251d0f2367716a164c7833977c967e33d,7ff93ff87f3c7e047f0431d03972007807900100fc1bbc1f201f071701e00020,
images/goi_du_du/goi_du_du_78cbdb6b5453983f.jpg,goi_du_du,26,train,web,,78cbdb6b5453983f751aeadb201156a0ba3af9c186ae40209839239532aafdd6,3e26781d610fdc4ff407840fe02ff21ef77cfe785c203b0c1b18071c07180b40,
images/goi_du_du/goi_du_du_cbee0251da00159d.jpg,goi_du_du,26,train,web,,cbee0251da00159d3197d60ea9dd3459575c195c84161113712b574ea9490115,f33fe01fe037c31bc31fc30fc81bd80ff01b8c338f638843c167f007f00ff81f,
images/goi_du_du/goi_du_du_dad6d5a7a858b1df.jpg,goi_du_du,26,train,web,,dad6d5a7a858b1df2688603d77515d6d478a283ca4644b63dcf489e4fc61a6a4,384e280e370f3e13383b1c1f3f9e7ffcfefeffcfff9f7fbf3b67034701830183,
images/goi_du_du/goi_du_du_77ddce712dfbac9e.jpg,goi_du_du,26,train,web,,77ddce712dfbac9e669f1484f9ea7d535ff05afaba3297c6f536940e7d95b7b1,fffffd3ff03fe06fe00fe205e004f006f107e00ef800fc08f009fce5f24ff00f,
images/goi_du_du/goi_du_du_325824ffa1bfd3b8.jpg,goi_du_du,26,train,web,,325824ffa1bfd3b80b2af002264ec5130b07a41c4173958a5766c85cb05c94f5,fff8f31cf03ee027e007600f60074023c033c833c073607378733c3f1f7f87ff,
images/goi_du_du/goi_du_du_0b20e2bb83c34f95.jpg,goi_du_du,26,train,web,,0b20e2bb83c34f958f66e4493a529c201f25d71b6bbe8c742facbc8321091c1e,ffc0ffe0f9f4e370e7f8fcf8f0b8d038d018d038c878e078c0f8e1f078f07fe0,
images/goi_du_du/goi_du_du_d0bdaee100ed7fbb.jpg,goi_du_du,26,train,web,,d0bdaee100ed7fbb0843d16d6e4ce613c7b7873ee188cf7b01af802ac3163b1a,000000000100fe30fe7cffffe7ffe0cfe39f037f123e005f041f090ffb67feef,
images/goi_du_du/goi_du_du_88cb3f6fba2b1fac.jpg,goi_du_du,26,train,web,,88cb3f6fba2b1fac9364ad0f6e52df2a9ea42c45e05f6cd1d114f4aeb9090eb1,0fff0fff07ff001f3bb83ffa13f9108e3987918fc06f7fe3fde3f9e100e00000,
images/goi_du_du/goi_du_du_b30b3e0d815f7787.jpg,goi_du_du,26,train,web,,b30b3e0d815f7787ad69a72c795d250a2022c507d536306b700a94475fcf597a,fffffcfff83ff81ff01ff01fe00fe007e007800f001fe01fc01fc19fc3ffffff,
images/goi_du_du/goi_du_du_4a9ce31028362bb9.jpg,goi_du_du,26,train,web,,4a9ce31028362bb93db85bbebc7a281930dbadaedf08887e061e9b3083895707,1fd03f9c7fbefdfff1dfe9ffc1ff83ff817f813b807b80eb80eb800b8003c003,
images/goi_du_du/goi_du_du_76b7cdc2b269d00f.jpg,goi_du_du,26,train,web,,76b7cdc2b269d00ff9a40ef63465e315f2f4428f5d8b37e2a13774c670c4eba5,000001c00cc0181030187308710c620ef00ef30efe0efc3cfffffffffffefffe,
images/goi_du_du/goi_du_du_2afbab701de093d0.jpg,goi_du_du,26,train,web,,2afbab701de093d0578e3bfca813122321e2f7e130c3d605d14a4afa94c3bb37,312338673c777073e0ffe16cd8209980c100c000e001e003e407f207fc07fe1f,
images/goi_du_du/goi_du_du_dde39f7d8b608a58.jpg,goi_du_du,26,train,web,,dde39f7d8b608a58d780825fcb22b697f022673173b9c1fe3b64a98261e0c7f3,c600c7f8cffccf22fc02ff80ff81fe00fc01fe01cc03e406f40ef81efb3cfff8,
images/goi_du_du/goi_du_du_75addd3258f4ce09.jpg,goi_du_du,26,train,web,,75addd3258f4ce0971e300f6db312e0ab477d9818bbab529bd1b57edf19e51c7,00008000e780e3c0e3c0e160e060f070fcf8fc38f838fb18fd30fff0ffe0ff80,
images/goi_du_du/goi_du_du_1da50b23b794e0d1.jpg,goi_du_du,26,train,web,,1da50b23b794e0d178385ad1df29c5231f144f1300ad6bb36d21e8d714c1a937,000000000c001c383e1e7e1efe56de7fba7f7fffff1fff17fff9fffdff77fd27,
images/goi_du_du/goi_du_du_6d69865093c73eea.jpg,goi_du_du,26,train,web,,6d69865093c73eeaedcad7c9a8f5a220b096ce74792cc70ba331e8da671d2fd0,00042c062ce0ee18feb8fc7ff93f702f7807f80bf80fb0016001807312fe3ff0,
images/goi_du_du/goi_du_du_c50ff27054dd1daa.jpg,goi_du_du,26,train,web,,c50ff27054dd1daa2e26a278287d172bdc0a458439f380e2df4a16e323bff1d2,40a347f38e33981f10cf201720c730272067202720073007386fb80f9c1f9fff,
images/goi_du_du/goi_du_du_462b15eb81c06dcc.jpg,goi_du_du,26,train,web,,462b15eb81c06dccb6ed8a0d125440acefb1d9e448e3a2d43dac0aa04bccdf09,81f083f880f8007241bc1ff87f48ffe8dff3ff33fe937393c007803ec1fc67f0,
images/goi_du_du/goi_du_du_64b90192ee017512.jpg,goi_du_du,26,train,web,,64b90192ee017512c9f0a094112aa6cf45014397efcadcd826941ec98ec5232a,e000f000fc00c0004e007b9cff3e7406a00187dfff7efc7dfffbfbfff87f7ffc,
images/goi_du_du/goi_du_du_47a62249b46207f3.jpg,goi_du_du,26,train,web,,47a62249b46207f3809a1270a09477ea7dbac6d2911c07cf7019ba84dd847c62,000f007f007f0047004600c717cfffffffffffe381d381c30181018501c101c1,
images/goi_du_du/goi_du_du_c6b414f35d6dcc0c.jpg,goi_du_du,26,train,web,,c6b414f35d6dcc0c51e3450353d9e86e3e2289b418bd540fa494b405e7f5e040,7ffcffffffdffbbf896f800f201f641f00740306014300038007e00ff8ff7ffc,
images/goi_du_du/goi_du_du_1d1d26c4e99d3452.jpg,goi_du_du,26,train,web,,1d1d26c4e99d3452daf3cda4c6d17223b76e236add9d39fcf3db1d41dbacbfd6,0a03403f403f7c3ff87ff37fff3fee3cfe0c71c071e079f0f9f0f9c85e000040,
images/goi_du_du/goi_du_du_d8815aaba8d931bc.jpg,goi_du_du,26,train,web,,d8815aaba8d931bc7674b37d02fc084de240a0e3e983e1272bc796f36862393e,1ff81ffc3e7e3c1f180f780f300f200f600fe00f600ff01fe01f801f067f0ffe,
images/goi_du_du/goi_du_du_b9f84ff301841150.jpg,goi_du_du,26,train,web,,b9f84ff3018411502b7e0e7574088400d323792a54c702fcacaefa4b86cf422d,7c0ff807e004c00487000f010fc306f744ff41fe63ff37fb3ff20fe607f801f0,
images/goi_du_du/goi_du_du_7d7466a2c1c1afef.jpg,goi_du_du,26,train,web,,7d7466a2c1c1afef77afa301dc33a51d7177659893feec9f7902b7c8130a50a3,fcf0ffb8fff8c1fc8ddc9d8cd98ef0def006c0068026c02ec00ef41c7e1c7f78,
images/goi_du_du/goi_du_du_c90c8fff52684a7c.jpg,goi_du_du,26,train,web,,c90c8fff52684a7ca6582261bc448498a438e8c17c8fbd8bd3ddd5d276044128,000f03cf0ff71fff1c7f383e303e303e301e301e302e303e306e183c0c7e07fe,
images/goi_du_du/goi_du_du_4a230a5955944587.jpg,goi_du_du,26,train,web,,4a230a5955944587af04a2f4a99508525bca457cbfb5b1df175385829c98de34,e280c4408cc01fb01da03df87ff07ff0fff83fe03f807f0c4e4026001e100640,
images/goi_du_du/goi_du_du_9cb96adcc7bdf48c.jpg,goi_du_du,26,train,web,,9cb96adcc7bdf48c896a1428fe1fcab1b69e3dea109f31c209f4fae1af20e908,007f1eff1fff1fff1fff3f9f3fce3ffe3bff781ee880fcc0ff80ff0018000000,
images/goi_du_du/goi_du_du_c1b11e0e1c183a40.jpg,goi_du_du,26,train,web,,c1b11e0e1c183a407f3b6d601db3c1f043aac7eb965527146049d2afb1abf000,01ff31ff74fffe03ef01f911f0f9e019f001e200e2006100708138031c030f9e,
images/goi_du_du/goi_du_du_fa4bafdf225a279f.jpg,goi_du_du,26,train,web,,fa4bafdf225a279fa8ad53013e06cfaef214d8d9eb721c3dcee19d327ec51015,7ff9fdfff3ffc79f819f8087003907fe007f004e007f802f0003000700c7f7ff,
images/goi_du_du/goi_du_du_f37ae7e5b2612a9b.jpg,goi_du_du,26,train,web,,f37ae7e5b2612a9baca08195621613946f4aae7f66cea1280b479bb97871c44b,e3cce3cce3fcff1eff1efc9ef83f7027e023803f203f601f800fc00ec00d6000,
images/goi_du_du/goi_du_du_5c2b632c9c3adc7d.jpg,goi_du_du,26,train,web,,5c2b632c9c3adc7d73ace86e1b79dca10d2f02f4735f2df2550b99b1349d5523,7ff06930e000003819a01ff83f383f3e3fbe3f3e7fbe3f9f7f1e7f1f7f1f201f,
images/goi_du_du/goi_du_du_f38cd335a598f8e0.jpg,goi_du_du,26,train,web,,f38cd335a598f8e0fd0510d9bf56cd1f6855ddf1db7ed018bd676d29b4363ca3,39ff7cfffcdffc1f700f780f70076c07682f413f604f700f300d300b18330fe3,
images/goi_du_du/goi_du_du_37d8ded9d86ec1a9.jpg,goi_du_du,26,train,web,,37d8ded9d86ec1a9be48da996bdd6c7dd7a56b36024a32339d77c6412fa378d5,f09fc0b9e039f53dfd7cf57cdc0cdc0785f730337e196cdf487c87c489028d40,
images/goi_du_du/goi_du_du_ea1a7964f79b29ec.jpg,goi_du_du,26,train,web,,ea1a7964f79b29ecb64814daadffb9c4ba22dab1a193786ef5ab981a8dbc01da,fff8f7fcce3ecc1e9c0f9807980788038807bc8793c6964ed44eeffcf6f8fff0,
images/goi_du_du/goi_du_du_fecf2c7b203f9797.jpg,goi_du_du,26,train,web,,fecf2c7b203f9797ff9ed601e92ba10c6b7743ce93020e265a81fb649754572c,301304df0e7f4e7f7e7f736f70cf204f20ef63fd21f921d9203131f338f31847,
images/goi_du_du/goi_du_du_ff71cf0ff87ede26.jpg,goi_du_du,26,train,web,,ff71cf0ff87ede26e19be67a43450a515c04fe8f555c4e952a23cdd878cd7e73,0830181830083aec67c477e27e867c8673827e027c607dc03ed83e781ff80ff0,
images/goi_du_du/goi_du_du_c486229c345b0a7d.jpg,goi_du_du,26,train,web,,c486229c345b0a7d83740b275224970d34cfefb8d268753c4c2f87b91369a99e,ffefffe4ff7cfe7df7f4eef8cc788c3c847880f1c0f1c032c02ce0b878f01fd0,
images/goi_du_du/goi_du_du_b4d6cf1d43bc2d87.jpg,goi_du_du,26,train,web,,b4d6cf1d43bc2d87ad9f3cbe2f081b3e66087e9cb4a50afebabda797a9923450,fffffaffd8f7c063e13fe1bf411f000f800f8007c03fc00fc010c011e003e001,
images/goi_du_du/goi_du_du_22437e69209dadf7.jpg,goi_du_du,26,train,web,,22437e69209dadf7d8bf73d7ed6403f1fba6a95692fccf8f71d52325a769194b,f83ff30fe70fef07ce13ce038c038f038e038e03ce03c003c007e007f00ffc3f,
images/goi_du_du/goi_du_du_9b8c041f41af359d.jpg,goi_du_du,26,train,web,,9b8c041f41af359da50f516e003bb4c5b7420ac68403502ec3329eba83a0bef5,1d8034c023fc20fd3825080107811fb01bf81b603ff43f3c3f3437f839f83bfc,
images/goi_du_du/goi_du_du_7dd87fc2ceb37275.jpg,goi_du_du,26,train,web,,7dd87fc2ceb372757726d708a7a210f714e634c865a5b08ab13099e9fcc1bc76,000006400e703c383c3c7c3c7a3ef87efc7efffeff7e700e701c3c1c3f201ff0,
images/goi_du_du/goi_du_du_7be00df26887b87b.jpg,goi_du_du,26,train,web,,7be00df26887b87b579b99569180ef349b99f83604a806bc0a265efa76b17afb,f800f7ffefffce73fbfec1fe08fe048606ee04f701bf01090308004000000000,
images/goi_du_du/goi_du_du_c2a6fb15f10ca736.jpg,goi_du_du,26,train,web,,c2a6fb15f10ca7364aaa749fdbd6f885f22cc602fca2c872cd3a073c10b07c0e,62ce3f8007f007189e0ebc0ffcd7fef3f1c3f8c3f261e021e021c7c1f603f10f,
images/goi_du_du/goi_du_du_e120cbf512621d8f.jpg,goi_du_du,26,train,web,,e120cbf512621d8fd3299e13b06425a1557d72cdc4fc241fe3c959967de57b6f,efc0f800f800f800fc00ffc0ffd79fe79f6effdeffdf6f0f2000000080008000,
images/goi_du_du/goi_du_du_b37c2303203e1ff9.jpg,goi_du_du,26,train,web,,b37c2303203e1ff90d660525473bf8a916f788f0c144be86567f86f2c87d55a8,03c00ff01ff83ffc3ff87ff87ffc7ffc7ffc5ffc0ff80ef824e0008010000000,
images/goi_du_du/goi_du_du_d5ab2f7aa6b21ebd.jpg,goi_du_du,26,train,web,,d5ab2f7aa6b21ebdedfeda8b8b33e760643ad89f2fdbbdc22e03815fed186956,fe3bfd8bcd03de03dc01c109c101c781cf80cd80c001c6038601e601ee07feff,
images/goi_du_du/goi_du_du_c4c657a3e637ae30.jpg,goi_du_du,26,train,web,,c4c657a3e637ae30032d3da9419ec019e90e59c1a9dde79d796c1b05e26e4213,f03cb0702030407803d83fcc7fc67f833f027fc25f80df04fe087ff07fc04e00,
images/goi_du_du/goi_du_du_c8295291ee184384.jpg,goi_du_du,26,train,web,,c8295291ee18438476ced8870dee753a629fef946b1462fc9d4b59c650f23501,f71fe43fc047c00398039ce3806380238001800180138003c003e027e00ff01f,
images/goi_du_du/goi_du_du_72783c534a3f4250.jpg,goi_du_du,26,train,web,,72783c534a3f4250f7ca743677ba0004a69faa4b3c5531804e92df38c9995309,0c380c1003e007700c300c180c081c581c18fc38fc18fe38fe785ff8fff8fff0,
images/goi_du_du/goi_du_du_05b867b654cb7c21.jpg,goi_du_du,26,train,web,,05b867b654cb7c21cb3cbe2e2f8b8da7e14e8effa1a06ead58746c7e341acddd,ff80e7e0eff0ffd8fff8fe38fc1cfc1ce81ce81ce018e018c078c0f0c9e0c3c0,
images/goi_du_du/goi_du_du_8c7b9bf0db3c9024.jpg,goi_du_du,26,train,web,,8c7b9bf0db3c902418ec304784add2492d9146be3211f3cd6663baf68a977207,ae802e883e9cff00fe003e803c01f801f000e000c10080018003c00ffffffffc,
images/hu_tieu/hu_tieu_ececfd27e43742e7.jpg,hu_tieu,27,train,web,,ececfd27e43742e7b6b5cafde859a34c019793a5b6149f841011b0338e76c5d8,1867303ff01ff01ff00ff00ff08ff00ff01ff00ff00fe00fe01ff01ffd77ffe7,
images/hu_tieu/hu_tieu_5226b3870c854ae7.jpg,hu_tieu,27,train,web,,5226b3870c854ae7131f258eb42bfcd2eec4fb88ff32c5f7782b9c5d4b1db072,03f01ffd3c3ff007e603cf018b018f818f808f418301c003e007701e3ffc0fe0,
images/hu_tieu/hu_tieu_c6fe688dc49170fc.jpg,hu_tieu,27,train,web,,c6fe688dc49170fc504752964e2df57f275042da03f027bb762ee4caa3bf083e,00000000000000700ef817f831bd31ed31f118d81ef20fe7ffe7dffffa3ff800,
images/hu_tieu/hu_tieu_d7c2579c734fdda7.jpg,hu_tieu,27,train,web,,d7c2579c734fdda7a71cdf51ae763be442819617c5c1db20ca569a55aa1ad076,c080cc80cc80cc9bc133e367bfd3cf07c607ec03ec83dcc3fc13fedbfebffc3f,
images/hu_tieu/hu_tieu_abed3679d546139c.jpg,hu_tieu,27,train,web,,abed3679d546139cfd6b721daa207fa63f37faae6a76206e4a11434eaa203988,07c006603ff1fffff00fe007c003c1c182e1c221c303e007700f3fff07fe00d8,
images/hu_tieu/hu_tieu_6a2114627958b321.jpg,hu_tieu,27,train,web,,6a2114627958b321c86d59bfb8497b9261f12082dade7b77362ce1bf2075e031,fffcfffcfffcffdcf263e1f1c00080009800fc01fc01d803f00f3e7e0ff80000,
images/hu_tieu/hu_tieu_d1c9021b2ffd3336.jpg,hu_tieu,27,train,web,,d1c9021b2ffd3336c587e132a5f16d9693ab82cc23e53d4ffd6dacfa0312707a,1f801f80ff20ff13ff83ffc77f817f237f23602340005a0108001c0000000000,
images/hu_tieu/hu_tieu_2d4d05b7d5709564.jpg,hu_tieu,27,train,web,,2d4d05b7d5709564a44c6b575fbedca7213f0e60f262e3baaddc547e20d62e7b,ff83ff838780c780fff8ffffbfec13fe11fa1047000200000000000000000000,
images/hu_tieu/hu_tieu_d84ace8d18e84bca.jpg,hu_tieu,27,train,web,,d84ace8d18e84bcaffeb49fb06bdd1312d21e52006972daf349dca4bf0f7d62b,00070787dffffefff87ff03fe03fe07fe07fc01fe0ffe1ffe0fff0fffe3ffc3f,
images/hu_tieu/hu_tieu_a7031180e7884c2f.jpg,hu_tieu,27,train,web,,a7031180e7884c2f12d5d0f708d47d915a69f130fa9c322e8fdcb8e0ff56fe8b,0000020007821fe2fffff01fe007c183c0e18223c203e007f00e7ffe3ffc0ff8,
images/hu_tieu/hu_tieu_5945510b14015a8a.jpg,hu_tieu,27,train,web,,5945510b14015a8a7210c708064df08414b862fb7a2317b7d9a0fdcd2a61cbd2,01c700070007c3e32ff81cbd100119020906002e000f001f003f31ff73ff31ff,
images/hu_tieu/hu_tieu_8ca637a0cb71b743.jpg,hu_tieu,27,train,web,,8ca637a0cb71b743801204e8ddf83b626fc52fbb086d7999fcb56ba3df5f05ba,fffffc1ff807f003e003e003e003e003e003e007e007e007f00ff80ffc1fffff,
images/hu_tieu/hu_tieu_947fa2534d590a3a.jpg,hu_tieu,27,train,web,,947fa2534d590a3aa4f035f3640351e910402a9f7f88f7c6ce6f14b0426e3784,fffffd7ff1bfe387d187c007d803f803fc33f90399835c03248f100f0c7f03cf,
images/hu_tieu/hu_tieu_12569c2b2e3f430d.jpg,hu_tieu,27,train,web,,12569c2b2e3f430d63841676275831e4650de6c09aefd82058a264da8d52230f,fffffee7fe07fc07e007e003c0038003c003c003c007e01fe0fffffffffffeff,
images/hu_tieu/hu_tieu_743017a77c68bf5d.jpg,hu_tieu,27,train,web,,743017a77c68bf5db08e1398ce651d589a4e03a81345bad69ac5e0573f6f7a46,ffbffbe7fbe3fff3fff1f807be2ecc02c007c0068001202120306010604660e6,
images/hu_tieu/hu_tieu_6feb8e968e5a30ee.jpg,hu_tieu,27,train,web,,6feb8e968e5a30ee0c709960ef73e7989bedf8c5e166210a8dfb748e12e7ec66,f3e0ffe0fffcfe6ef0f3e020c000fc08fc01fc01d087701f1ffd0ff000000000,
images/hu_tieu/hu_tieu_2e59c63a0329426a.jpg,hu_tieu,27,train,web,,2e59c63a0329426ac33bfce9a1605218a994b67d310e63be2924514b9e0c0d25,607f07e70ff31c3f3d3f391f383f3817303f219f39df1dcd1d89041b06470587,
images/hu_tieu/hu_tieu_e4b2f7e608707125.jpg,hu_tieu,27,train,web,,e4b2f7e608707125451d599cc3a0d1d3a738bb3c7bb980c5e00f60684f6e9b85,0398e3d8ffd8f818f39ce3dc47fe47f677fe5ff65ffe5ffa3ff637781d7007e0,
images/hu_tieu/hu_tieu_2ff9fad9ae7ed9c9.jpg,hu_tieu,27,train,web,,2ff9fad9ae7ed9c911febe866656920b535a27f2f29237c529caa241889b2df0,ffffffd7ffb3ff33780330072802600a401a401e001f203f101b0e7b03ff0000,
images/hu_tieu/hu_tieu_9aa8dbc2e10df629.jpg,hu_tieu,27,train,web,,9aa8dbc2e10df6297a0690bc60c9aacd2bf78a2ddf365dd5f4d834bd2416af7f,07c00fe01f70fe3ffc1ff41ff40ffe9fff9fe01fe01ff01bf013f821fec0e000,
images/hu_tieu/hu_tieu_014b4d4a1dd25184.jpg,hu_tieu,27,train,web,,014b4d4a1dd25184d92e65eba6ed3ec68d73accb6cdf5a284acc3a2c3853d216,07f13fff7e3fe003c6019e001b800f801f800f60072080018003e08ffd7c3ff0,
images/hu_tieu/hu_tieu_ba616eaf93ec4241.jpg,hu_tieu,27,train,web,,ba616eaf93ec4241aab85597c0135bdd1bd4066bc5bd383f95b42286910ca7d5,bfe1ffe9f7efe7ffe07fc0fdc0f3807f004f016f006d027d0e780439001f010e,
images/hu_tieu/hu_tieu_3eed9fdb58d2419d.jpg,hu_tieu,27,train,web,,3eed9fdb58d2419d64cbcd1ee3e67c1117f7539b8c2c0d7b521e90e8f6012ac3,0f801c3038103008700c610c7dcc7c7c7cfc7ffc7ffc3ffc3ff83ff81ff00fe0,
images/hu_tieu/hu_tieu_051fc4a68e11d2d3.jpg,hu_tieu,27,train,web,,051fc4a68e11d2d30d8f02c262b5c039a76549e105448f7e0e3afbc78b3e2b1e,e3ffc1f300fb00ff003f007f006f002e002e003f003f000f00070047047b847f,
images/hu_tieu/hu_tieu_a773736388cebd2d.jpg,hu_tieu,27,train,web,,a773736388cebd2ddfb78543f5ca78c69a4d3f9cc62557f9ddcd5d6f8801ca22,01e901f00e109e00ff03ff83fe43f020e000e001e007e00be18ff187f8e37c7f,
images/hu_tieu/hu_tieu_f347132234f7c685.jpg,hu_tieu,27,train,web,,f347132234f7c6852bbb23693a4e5890d1c80f17ebabe4634948df5c28b99829,f0001240c0fe3b82ff80ff03fe01fe00fe50774e79fe31fe017f01e001e0c5e0,
images/hu_tieu/hu_tieu_c48721a3afbb3ce0.jpg,hu_tieu,27,train,web,,c48721a3afbb3ce054f19a0609301a6887a6d6632acbf4aec765a409a00fec30,81c187e18ff09ff8bff8bffcbffcbdfcbffcbbacbffd9f989f788f1007e08000,
images/hu_tieu/hu_tieu_8533b8f885ae49c7.jpg,hu_tieu,27,train,web,,8533b8f885ae49c73849d3eb8062ad6824bed05ff1733c4fdb1fcfc4eaac14ab,bc00fc00fc807ff03bf879fc79de3bfe3bfe3bfa37fe3ffe1ffc0ffc07f801e0,
images/hu_tieu/hu_tieu_663fc8b9cc2b2344.jpg,hu_tieu,27,train,web,,663fc8b9cc2b2344358145a03ae48941af9f7682ec2b41113d0e6d83e70b5257,f9fef0fee06ec1eec0f68076f043f903f903f043f007c006800ec00fe01ff07f,
images/hu_tieu/hu_tieu_8802d02298a27c2e.jpg,hu_tieu,27,train,web,,8802d02298a27c2e7e64dca390ffb654807707a66fd537c44aa8b330843185f9,7fe0dff41ffd3fff7e7fe43fe01f200f600f601f605f607f707f707f787e787c,
images/hu_tieu/hu_tieu_260e0f3ccbd91aa7.jpg,hu_tieu,27,train,web,,260e0f3ccbd91aa731fca0bd3507a2efda80d8ba55c43ceae665fa40709e4736,00ff01ff01bf01bf000700070403041304ff069f871fd70ff39ff3fff1fffcff,
images/hu_tieu/hu_tieu_5bcccfe2d6ab0322.jpg,hu_tieu,27,train,web,,5bcccfe2d6ab0322a60a97abd88b9633acf8e890de8731505993bd79ab09d835,fc3ff81ff1fff3c733077003f001f8007ff033e03be021c08088f081f883f80f,
images/hu_tieu/hu_tieu_06237d79d9193805.jpg,hu_tieu,27,train,web,,06237d79d91938057782f35d9b3a3f36fe2717f3975bad0f45377e02e5b68320,0000800080008000820082008000d000c001c001ffffffffffffffffffffffff,
images/hu_tieu/hu_tieu_11d7ce7cec6b3fef.jpg,hu_tieu,27,train,web,,11d7ce7cec6b3fefa650d67c5c5db6fa5b79aae96888ecdd9cb6ee205d4590aa,f003e1d3f1d1f1c1fd91cfc087c003c0ffc84720e300fe208600b800fc01f213,
images/hu_tieu/hu_tieu_092643a8fe9a89c3.jpg,hu_tieu,27,train,web,,092643a8fe9a89c3c5c15df6000a656442119f678605bc59ff2298813838438c,ff83ff87bf808780cf80fffffffc37fc31fc31c6000600000000000000000000,
images/hu_tieu/hu_tieu_03f4195503f8a4e9.jpg,hu_tieu,27,train,web,,03f4195503f8a4e91124d683ee5b315ba742421cf5b71f588999ec5631c95fd7,fffeffffff47ffc3f780e000e000e000c000c000e000c060e2e6e6c0f201fa03,
images/hu_tieu/hu_tieu_666e59a44b4cc7df.jpg,hu_tieu,27,train,web,,666e59a44b4cc7df05943d2757dd62d3cd322c5f2af319aa37185a6cfd76a223,010000c006c27ff7fff7dbfef938f3fc87e31be0f1e0ec08881cdb3ef3fe87fc,
images/hu_tieu/hu_tieu_3792c6016bd17bdd.jpg,hu_tieu,27,train,web,,3792c6016bd17bdd16ec587e9bcdce006f2ff6fc3bedc6cf84ab2dc9e92ffd54,fe1ff80ff8c7f9fb39e17883780378013fc033e003c001c18001c103f007fc7f,
images/hu_tieu/hu_tieu_054f63a98e41c2bc.jpg,hu_tieu,27,train,web,,054f63a98e41c2bcde5ce1aa9873268e07c0c0854bfde4e21b582f78378f606c,ccefb877f00338017b0170013c01380478307010f30007618f019703dfd3dfe7,
images/hu_tieu/hu_tieu_38c851efea1e215c.jpg,hu_tieu,27,train,web,,38c851efea1e215c2e9a19f0f5564ffe1d31acee197ba86593e57b0b49a59737,c7c0dfe039b0f019701fe08fe18fc08fc08fc08fe09be099e091f031f8e1ff81,
images/hu_tieu/hu_tieu_dd07508120205776.jpg,hu_tieu,27,train,web,,dd0750812020577608db0bbb41d7f2c5c7b6201b007fdafb6e472ac4421b18ce,f8ffe07ee03ec03ec03f803f8c1fbc0fff87f0c7f8a7c0fec2d6e26ce04cf018,
images/hu_tieu/hu_tieu_ba7072e4ddf2d036.jpg,hu_tieu,27,train,web,,ba7072e4ddf2d036b23985ae521b0052523f461fdcacddf2a35cd3381c84ba21,00b20042020e0de838f030f070786378767cfe7cf43cf07cf0fcfdfcfff8fff8,
images/hu_tieu/hu_tieu_ea7798d94c732499.jpg,hu_tieu,27,train,web,,ea7798d94c732499f750cd004e2d4ab44f52fe3bdf0898b0175a97394de1a169,7ff7cff02c616fb12f91799379c361c7eb867784f7803f807f801f801f200c64,
images/hu_tieu/hu_tieu_bb4a6b99865481e9.jpg,hu_tieu,27,train,web,,bb4a6b99865481e943a87042537476a8003b3bf720811f5a934da02ebd267604,0000000000004000200007800fc03fc00fc83f3a7ca87de07df83f8f007fc07e,
images/hu_tieu/hu_tieu_ea10947d80e090d0.jpg,hu_tieu,27,train,web,,ea10947d80e090d0cf1a19b1d279552b1b6dadf0e3b6202d5f6b9c6f7b517681,fffffffffff7ffc18fc00000401e003c001c0010000000000000003f003f003f,
images/hu_tieu/hu_tieu_99fcb3300860de31.jpg,hu_tieu,27,train,web,,99fcb3300860de3141981badb8fe408585273189503879ee2697b9b6a822103f,00c00fc00ff00e783cf83ff43fcc3f783f3c3dfc9f9c9ffc1ff03ff81bf80000,
images/hu_tieu/hu_tieu_b884665f83cb5acd.jpg,hu_tieu,27,train,web,,b884665f83cb5acd925842867322a2c4aa3214201890702e934910f2de578c6a,fffffffffffefffcfff0f1f0f9e0c0a04000000000000000fc00ff0002000700,
images/hu_tieu/hu_tieu_15925f8e78f2867b.jpg,hu_tieu,27,train,web,,15925f8e78f2867b3fadb09e8ad351be7112bf5ba047ec0931e6434d77539e13,fd7ff01fe00fe00fc007c0078003800380038003800380038003c007c007c00f,
images/hu_tieu/hu_tieu_a1c49d100c814311.jpg,hu_tieu,27,train,web,,a1c49d100c81431131ae256014fd7923faf5eeed29936cb6de9561081e2f2793,e00ee20fc007c4078223834381d985f981b983b9833986118311c3bbe133e017,
images/hu_tieu/hu_tieu_06d5ccde8ad36c5c.jpg,hu_tieu,27,train,web,,06d5ccde8ad36c5cc52cc1c5009c94bd44d056e6e26da276df8a36672642bdd1,c030c1e0fff8e3fcc77ecfceccffbe7fbf11ff01ff81efc362073e06380c3ecc,
images/hu_tieu/hu_tieu_d13be5ab49c83f0a.jpg,hu_tieu,27,train,web,,d13be5ab49c83f0aa73d37aa1d534fdb0795694b158b423e91d04e14e75d2891,faffe01fe00fc007c067806780e7a0c7a0678003800780079807c807c007e01f,
images/hu_tieu/hu_tieu_b0eb352cb6e5df93.jpg,hu_tieu,27,train,web,,b0eb352cb6e5df93aa3fe65a9b92dae587813e408f6aff6605698de850c6975d,fff03fe2d870f838301ef00cf00cfc0cf80cf80efc08fc18fbb0ffe0ffc0fe08,
images/hu_tieu/hu_tieu_122b3748a98f2fee.jpg,hu_tieu,27,train,web,,122b3748a98f2feef652bad8ae3c7e5a2dd69da46feb8e72c4ba72fbfcd0d6c1,608040001e0036c427ee49efc9991a9718571dc3bcc0be909ba18501c006f003,
images/hu_tieu/hu_tieu_5a0e3a6e52fc4c73.jpg,hu_tieu,27,train,web,,5a0e3a6e52fc4c73fc6cd15a67f349a45c7f2779abc5d01e26373445f8663523,1ff007fe0fff0fff1f233e83f8d3f863f813f003f003f003fc0bfc1ffe3fe000,
images/hu_tieu/hu_tieu_a5448edda8f2870a.jpg,hu_tieu,27,train,web,,a5448edda8f2870a39e7545f5fb3229c256d883cab825d5d0e5d2f1f603b7b81,cfff9fffffbfffffffe7ffcffc1ef07fe4f801f811e000208000800000000000,
images/hu_tieu/hu_tieu_ddce0f67b5bd1d54.jpg,hu_tieu,27,train,web,,ddce0f67b5bd1d542995c2f86831a05dfa140cfc4d0fd12e72eaeee75fc38a49,380670266812ff13df03d783f9c9ffe1df31cf91cf41c641600360037003700f,
images/hu_tieu/hu_tieu_3bd8d2568979eff9.jpg,hu_tieu,27,train,web,,3bd8d2568979eff922a929380d724415ecbe252b0586b6d91dc5864a2b4f677f,800380038003f003fa07f807f807fcc5fdc5cfc58fe48fe1fff3fff3ffffffff,
images/hu_tieu/hu_tieu_da71bfab195fbd07.jpg,hu_tieu,27,train,web,,da71bfab195fbd0779f0b67f5ee1f4d28e53a237fa210d27aacb2f0ca944320e,e03ecfe6cee39fe38f938591bc11f801840187018d918f93cb93de33ea36f0fc,
images/hu_tieu/hu_tieu_4ea5bb9c84710795.jpg,hu_tieu,27,train,web,,4ea5bb9c84710795a3ac190fe22c4a1e1ec41080936481d57db7d6a98ef19fdf,000300018003c3ef9fff3f3f70b76013e002c00360036007d80fe03fe03f403f,
images/hu_tieu/hu_tieu_b5d7f11a46fcf2f3.jpg,hu_tieu,27,train,web,,b5d7f11a46fcf2f300d161fa79dd9f16cb4c699b4f7f6d2701a671191f4e611e,002031fc1ffc7ffef81ff80fc007d807880381c3c183c003f007fc3e3ff80fc0,
images/hu_tieu/hu_tieu_f12d70a461cea2d9.jpg,hu_tieu,27,train,web,,f12d70a461cea2d9a02ecda8766b9ac9991e1f25f402a3cb368060a2e0d61186,01800040804010c000ff00ff01fffffff80ff007e073e3f9e3f3c3c308c7063b,
images/hu_tieu/hu_tieu_cadf5893297674d9.jpg,hu_tieu,27,train,web,,cadf5893297674d9b8122fb96f853aa52f8e0b2976bda457d38b01c4aba9933c,3ff83ffc7ffc783ff0cff007e002e003e003f003e003400340072007200f101f,
images/hu_tieu/hu_tieu_9581cf0a3b098de7.jpg,hu_tieu,27,train,web,,9581cf0a3b098de78aa2efc1ed7d153293bee0627372d2194a2cb5cf1cd402ed,877fcf37efbbcffc03c13213781f705d449c011c011c87c43e011481388143c3,
images/hu_tieu/hu_tieu_56b3e2edbd895d74.jpg,hu_tieu,27,train,web,,56b3e2edbd895d74950924031ad42d60ec3990d0ca81e9bff56743c4c4d73b72,ff2ffc27f91bffc19c038400a0080908830081808c008c03c803cf83eff3ffff,
images/hu_tieu/hu_tieu_5844f79a9930b32a.jpg,hu_tieu,27,train,web,,5844f79a9930b32a681b26caf6726cbb41d115bb6e5858b47011cf9ae158c2cb,003c00f807fc1ffe3fbf3e057f386f3c2620273016200f03071e03fc01f803f1,
images/hu_tieu/hu_tieu_230431fdf73a36b8.jpg,hu_tieu,27,train,web,,230431fdf73a36b89d90839e7f6b1ee3110f2de0aafb3cfaa96836d2d70bc251,7bd872cce084ec2651c2363b367f36fb3f933cdf1f3f13030907080f063f07ff,
images/hu_tieu/hu_tieu_3bda93e38641d6ef.jpg,hu_tieu,27,train,web,,3bda93e38641d6ef2963913fa05b231c9679b31a858751b78255e46a89722c39,000400074bfffffffffffffdbfff21f960013f81038700ff00f800f800000000,
images/hu_tieu/hu_tieu_01975680ae172bb8.jpg,hu_tieu,27,train,web,,01975680ae172bb85a401e13b0df519256ce05cf6aae1e651696b2bd8e9314c1,07f03ffefcbfe103cf018f008b800f800f800e4002208001c0c3f0cf3ffc0fe0,
images/hu_tieu/hu_tieu_0f92f08a744ac1db.jpg,hu_tieu,27,train,web,,0f92f08a744ac1dbb557f0b4b20ef6d8ee6cb45b393e5fbe17e5352a889f7935,03c00ff01ff83bf831cc24ec647c784e785e7c3c3c3c3b9c19f81df007e00180,
images/hu_tieu/hu_tieu_6755580caa26c840.jpg,hu_tieu,27,train,web,,6755580caa26c8402b6c5541bc8496c04423c4a57c66016bd0cfda4a5a454b25,0ff01ff01ff83ff83ffc3ffc3ffc3c7c2c3c2c1c379c373c1e1818380f7007e0,
images/hu_tieu/hu_tieu_64a35b79b7979bf9.jpg,hu_tieu,27,train,web,,64a35b79b7979bf92aba6a11e8dc232ed71c823eb5525acac4971333d482ecba,ffffffe3fff47ef87ff8fff9f1fcf366f38087c10f010c070807800360003800,
images/hu_tieu/hu_tieu_6a3c8aee8d92d52f.jpg,hu_tieu,27,train,web,,6a3c8aee8d92d52f5a3e2ab591fb8efbdec6d472aac55df5d4d62f8f0ba81261,fffefffefffef263c1f1802000003000fc00f8007801a083e00ffc7f3ff80000,
images/hu_tieu/hu_tieu_cd98c3e05fa61780.jpg,hu_tieu,27,train,web,,cd98c3e05fa61780ac1897749f0e4cf23d1e932e9c94bee2ce16b6ccbbc09889,1801001f01ffc3ffc3fec7ffcf3f980e30043004f006d80e243f003f001f001f,
images/hu_tieu/hu_tieu_94b49311ea9d3e07.jpg,hu_tieu,27,train,web,,94b49311ea9d3e0764d0e85cd7386254cd882308b2d1482100a2aa866af27277,8000000000000fc53ffff01fe107c1c38643c606e006f01e7ffe3ffc1ff801f0,
images/hu_tieu/hu_tieu_c55061a3f459d5ee.jpg,hu_tieu,27,train,web,,c55061a3f459d5eef7e082d7d88c641458bd09e536de98b5d6b72528f441ce13,e3fefbff381f000f00078067cbf3db93cdc38cf39cfb9e7bce33c033c017c007,
images/hu_tieu/hu_tieu_8306276276f75957.jpg,hu_tieu,27,train,web,,8306276276f75957007c0f0314d110afb2b2b6529abf43ce0d06ba9b4ba4b6a7,07e11fff7ebfe007c6039e011b810f800f800f6183018003c007f01e7ffc0fe0,
images/hu_tieu/hu_tieu_9530b74500c93297.jpg,hu_tieu,27,train,web,,9530b74500c93297cf875157178ae07e96864566d6ac3b7f37b3579c275b508e,870309030f033ffffffb02b60376002f006f01cec00fe00fe01ff07ff1fff3ff,
images/hu_tieu/hu_tieu_b0ecc0a81809ee33.jpg,hu_tieu,27,train,web,,b0ecc0a81809ee33ef763e0567a2a6d26b55320dbf31196dc9f31f9313cd6499,f1fff94f8fc387db0a17781f383fcb0fcf8fff5ff859b01991198139b173f007,
images/lau_ga_la_e/lau_ga_la_e_69562f13a7372921.jpg,lau_ga_la_e,28,train,web,,69562f13a7372921039151225191b08577135398e955a539befcaf131547250c,fffff86ff00fe007e017e017e007e00fc007ce33c023800bc003c01fe03fffff,
images/lau_ga_la_e/lau_ga_la_e_ddc05c6a1c134d7b.jpg,lau_ga_la_e,28,train,web,,ddc05c6a1c134d7b705365a5436f37f9af15644ab34140e45b9273b0f1c9e27f,fffff86ff00fe007e017e017e00fe00fc007ce33c023800bc003c01fe03fffff,
images/lau_ga_la_e/lau_ga_la_e_daefa0831e077eac.jpg,lau_ga_la_e,28,train,web,,daefa0831e077eacaf1a5aabed6be69c2ddc9b1c89ddd9936cbc90aa5f10463c,dfe19bf5b9e229c26326533f73ff61ff43ff43df71f7601f01bf007e207ea1fe,
images/lau_ga_la_e/lau_ga_la_e_cd41605451643df2.jpg,lau_ga_la_e,28,train,web,,cd41605451643df26cb91a6a70f17a49eae41a675883d90e53a7e5a990558d8f,033f0e4f0e0f1a3f1e1f30563c261c460a0608ce38ee38f838f838d89f989d19,
images/lau_ga_la_e/lau_ga_la_e_9bf5b53637a68e08.jpg,lau_ga_la_e,28,train,web,,9bf5b53637a68e089d977daa83ff0b2e5d35658bf4a0efb98df602b77a1de230,ff87c323817b813b81bb827b813b8d03990b180e02b7cff3f5c3d1c3f5cb843f,
images/lau_ga_la_e/lau_ga_la_e_c926dd5f5c976bff.jpg,lau_ga_la_e,28,train,web,,c926dd5f5c976bffec25af675c6e045874d2454c7a631db8dc071fd3a6d90231,cfee8ff79fe137bd33879c430806010002008201bb009b00910473c0f7f877f0,
images/lau_ga_la_e/lau_ga_la_e_162a94e1dbdc094a.jpg,lau_ga_la_e,28,train,web,,162a94e1dbdc094ab1488e3d7af741d284da063c7b5ed1794447eb194964d22e,1fe60e631e20ff00ffe0fffeff1ffe1dbc0e1c0688068c0488147e787ff03fe0,
images/lau_ga_la_e/lau_ga_la_e_9f6d048f47e5b0f1.jpg,lau_ga_la_e,28,train,web,,9f6d048f47e5b0f1ebf422a9f4d2b7f85f779d258e591022d187fe787b16b120,003f033f07df07cf0387026707e7140311a303f31fc13fc18781cf816f017f33,
images/lau_ga_la_e/lau_ga_la_e_eb6f35deee18e107.jpg,lau_ga_la_e,28,train,web,,eb6f35deee18e1071e0f1d772602c4201b74ae298920cd3419f2cf7f7560082e,3e00fc00fe808ff03eb860fc61fe67fe679e639e73de33d43ed21fcc07f801f0,
images/lau_ga_la_e/lau_ga_la_e_2c24bd226c68711a.jpg,lau_ga_la_e,28,train,web,,2c24bd226c68711a8f43c5d77e22ff235df4563c49d9b0ba8e5854cea60031df,00060007100700160f930f8957777fe77ec099d0199f1ff7b306f71ef7fc7ef8,
images/lau_ga_la_e/lau_ga_la_e_b356a99143e2f2f1.jpg,lau_ga_la_e,28,train,web,,b356a99143e2f2f199e0f96e76d592f5023899680f544b7ebed3910f5f54e67c,fab1fefeebfd28ef3f9e3f9e61cf48cf582fd83f9c7f8267c362c24044c0a0c1,
images/lau_ga_la_e/lau_ga_la_e_ecc4565aed3ca032.jpg,lau_ga_la_e,28,train,web,,ecc4565aed3ca03208632721980289fa45f90e29902422fe522c79092eb660c8,fd3cff8c3c061c031a03060102013e007e00fe00fe00fe00fe00fe00fff8f9f0,
images/lau_ga_la_e/lau_ga_la_e_91d43b07afd2f9ab.jpg,lau_ga_la_e,28,train,web,,91d43b07afd2f9ab2c8f9a82d0c9351284e2ddb5b4ec2ff50d35f111a967f78b,3f00bf80cf800fe01f2c0f1e023e00be00fc4e1cfe08f73c417a415a41f841fd,
images/lau_ga_la_e/lau_ga_la_e_2304734a95ebf09a.jpg,lau_ga_la_e,28,train,web,,2304734a95ebf09a8128c5107afa01f39d72a35d68e27f8f545a7a2c304987d8,ff0ffc3fc0bf809f0007000f801f406f203fff39ffddff04fe10fe01fe8301ff,
images/lau_ga_la_e/lau_ga_la_e_658e4fc47a1e8124.jpg,lau_ga_la_e,28,train,web,,658e4fc47a1e812409cb318d3109726318f9fc01b63d67e564ed210347683ac5,e5fcc7fec3fe807e81fec0fec260c260ebe8ffc4f7c8fb00fe20f3c0f002781f,
images/lau_ga_la_e/lau_ga_la_e_966602c72602721a.jpg,lau_ga_la_e,28,train,web,,966602c72602721addecdc4008f9e64e30a2fdc3de955b6258df9dd0f7f0c309,b89ce678e678ffbefc3f803f803f001f001f005f007f003f003f003f807fc07f,
images/lau_ga_la_e/lau_ga_la_e_68a880e808587030.jpg,lau_ga_la_e,28,train,web,,68a880e8085870304da7a6b5b7e39d22b39d04d1c2d9dc0cb047076b4159a199,39d47fec4fe23fe36f9256f236f06df43fb2bf8e7b8e7b803f403f6c1da005a0,
images/lau_ga_la_e/lau_ga_la_e_64ee67d6c118aa6f.jpg,lau_ga_la_e,28,train,web,,64ee67d6c118aa6f8e305aa68a45249a41b6e52ffb806f662d68dc8f31b27c3e,e3bfa3bbcf81de003c421c2060406019e0fbc07fc003c0030001c003f667f677,
images/lau_ga_la_e/lau_ga_la_e_cc8ba2b26e2b065b.jpg,lau_ga_la_e,28,train,web,,cc8ba2b26e2b065bb43bac7a24f20543bbdef4c292639af95bdf5766fcc6dc70,fe0106001600fc50fc186c3e7d3e7c3efc3cfc663c38163c020c030101e300ff,
images/lau_ga_la_e/lau_ga_la_e_28ce9fd561798c3f.jpg,lau_ga_la_e,28,train,web,,28ce9fd561798c3ff143ea0b3427cd62ba86b4dfffe9762ffc92fd96241e627d,ffffffffffe7ffb7f7ffb0c700af003f002d61254304072320e1604f300f4f3f,
images/lau_ga_la_e/lau_ga_la_e_72ee9fa5c46c873d.jpg,lau_ga_la_e,28,train,web,,72ee9fa5c46c873dfc72761ffc01cf4e2cd17e8735b2b1429cccc52915b3681e,00f100f001fc01fe01fe00ff01fe01fe011c21cf00f301fb01ff472f07670ff8,
images/lau_ga_la_e/lau_ga_la_e_c8886fe0b7c3d1d3.jpg,lau_ga_la_e,28,train,web,,c8886fe0b7c3d1d35f90aaa8126898b658443aeecaa51fb7cba2992426e70b2d,01e001fe18671c3c3ff737f71fe6f9bae2c0e0f0e3f8e3fcc3fe03fc01fc01b8,
images/lau_ga_la_e/lau_ga_la_e_43592e7ca2a3de1b.jpg,lau_ga_la_e,28,train,web,,43592e7ca2a3de1bfb9e726b631433671e75b569b26bae15a1b89ea4e287ff82,1e9f1e815e806e81bec37ce330fb31ff01ff00ff00ff40e3c0e3c0c382c380e7,
images/lau_ga_la_e/lau_ga_la_e_99db199d1819906d.jpg,lau_ga_la_e,28,train,web,,99db199d1819906d505564b97976dc6e0c85ad9347ecebb2abdf0adbd512677a,1e007e00ff40e7f08f7818fc31fe33fe33de31df3bff1bfe0fee0fce03fc01f0,
images/lau_ga_la_e/lau_ga_la_e_92667e8c755ab14f.jpg,lau_ga_la_e,28,train,web,,92667e8c755ab14fda049aa2cfaacf2de441f22203934ddbbb9c1ecd8c5adc15,01ce158f1fff1cee3b18763ee1e0cb8417c47808700066400ee61dc6e88c4000,
images/lau_ga_la_e/lau_ga_la_e_ccaee6750c1235b0.jpg,lau_ga_la_e,28,train,web,,ccaee6750c1235b02ed21ff064b5761a74a75840200aa1f1f6ec95a04fbd73df,c000004000410c0d0c0d181f6077e07bf03bf03bb03f303efb76e78eff86fe14,
images/lau_ga_la_e/lau_ga_la_e_d51f8da45e5785e2.jpg,lau_ga_la_e,28,train,web,,d51f8da45e5785e2bff459394fc1b5e7031a39e3394c2c0dfd30027a425dfd8f,c00180080008c0800080000006a0e7e3c7e33fff7ffffffcffb8063886018340,
images/lau_ga_la_e/lau_ga_la_e_8f7a68148ed6b94e.jpg,lau_ga_la_e,28,train,web,,8f7a68148ed6b94e362ac65a57cdf252f8459d46be29c4875520ca6d013b1c4d,0f007f8635c806c044e269f07cf17df87cf8fcf8f9f841f063f220e331c83014,
images/lau_ga_la_e/lau_ga_la_e_dea33c57294ab6f2.jpg,lau_ga_la_e,28,train,web,,dea33c57294ab6f26a3f2ad2271feac7a2f4d557c8154a052577da90ef95bcb4,000f24017040794070c060603c20b8803820d020e001f05ff8ffe8fff9ffffff,
images/lau_ga_la_e/lau_ga_la_e_bfee0718f844837f.jpg,lau_ga_la_e,28,train,web,,bfee0718f844837f3aeda85c4f4e8a775b559ab86b6322a5ba3ba373d51b0500,ffffffbfffffefffe02fc007e00f800f800300016007f007f80fbc0f9effcfff,
images/lau_ga_la_e/lau_ga_la_e_afaf58382ebb3632.jpg,lau_ga_la_e,28,train,web,,afaf58382ebb3632cdfdb9ee1dca4a8b70d78dd05d1c681e992031bcf18a514b,000000000000000f8003000100010003f81ff307f31ff85fff8fff9fffffffff,
images/lau_ga_la_e/lau_ga_la_e_6b90b0f6c8a825a6.jpg,lau_ga_la_e,28,train,web,,6b90b0f6c8a825a67235b27232f954e59fa0fbc03bc43f697378a58ef0524db1,fff8f6f8f258e01cf00c1c041c061c00ffffdfff8fff83ff010f0007000300ff,
images/lau_ga_la_e/lau_ga_la_e_bc4bb249bf755a4a.jpg,lau_ga_la_e,28,train,web,,bc4bb249bf755a4a6b82f018e2c6f0e2c2217442721650a21c4a6941a7dbf170,003f03bf07ff07ef03c7013327e3160118f103d91fd0bfc08780cfc06f817f91,
images/lau_ga_la_e/lau_ga_la_e_12d52770b974f205.jpg,lau_ga_la_e,28,train,web,,12d52770b974f205570ca4b1a64acba175bcb4da51f740a74355c5d2860389eb,00003ff83ffc3ffe3ffe3ffc1ffc1ffe07fa07f807de33fe3bfe0ffe0bf03380,
images/lau_ga_la_e/lau_ga_la_e_810361ddc81c6e5e.jpg,lau_ga_la_e,28,train,web,,810361ddc81c6e5ed025a34ff39d9c1865cffc87a9c5fe171c8631c1baffda88,00003fe83fff3fff3fff3fff0fff0fff03fe02d603f731ff1dff05ff05fc1180,
images/lau_ga_la_e/lau_ga_la_e_162c8fb25e7e1333.jpg,lau_ga_la_e,28,train,web,,162c8fb25e7e1333e01c6bff3c8ea729e191e2ce23ebf797397331df774c4ccc,fe79fbd2f840c004100207002fc04fe245a3f7b3dbf7db37d9c78fcf87cf801f,
images/lau_ga_la_e/lau_ga_la_e_cc195c134f6ec7b7.jpg,lau_ga_la_e,28,train,web,,cc195c134f6ec7b7df66b6eaaf3af3eed97d4c792ba2071a5da0e7e3f1a6fa59,ff97b7ff83c007c03ffc7ffcfffdebfc86f01ef01ee0000001c0004000000000,
images/lau_ga_la_e/lau_ga_la_e_0fce0afcfdacefda.jpg,lau_ga_la_e,28,train,web,,0fce0afcfdacefdacdcc6b5adb3f7f058fbd35c9321fd50e8f7fc5bf784cb534,e1e7f1f7f823f801f9c0fb40cf60f86061e003c06002700070007c007c00f600,
images/lau_ga_la_e/lau_ga_la_e_53a14e0e8c267e2f.jpg,lau_ga_la_e,28,train,web,,53a14e0e8c267e2f425e40d51d7c172ab9360a9161d603d312b7d07cf19133b4,f7f9fffffffffffff9fffcbfc00700010000718008000c008612c018e0007002,
images/lau_ga_la_e/lau_ga_la_e_411e75ebbf83c5da.jpg,lau_ga_la_e,28,train,web,,411e75ebbf83c5da61a864a60753ca405a7e7a5acc64fe89bd8630f197e534da,7c1f7f3f3fbf3fbbf81ef01ef01ef23ffe3fe81fe01f081f000f000700020600,
images/lau_ga_la_e/lau_ga_la_e_cdc81f89d8ceb9b2.jpg,lau_ga_la_e,28,train,web,,cdc81f89d8ceb9b2c1d98102708b5c8762a0d6f423a6cf272b88203b47b1813d,e03fc637c0638061806080e080f3f1f3fff3fdfff0ffc0f7c0ebc0ebc1efe0ff,
images/lau_ga_la_e/lau_ga_la_e_f34bcd88cb4ae1e6.jpg,lau_ga_la_e,28,train,web,,f34bcd88cb4ae1e636e5525e07d11bde80cc379f35cd0cdccfb5c9560720825a,001e24027080794071c060403820b8003800d020e003f0d7f0ffe1fff9ffffff,
images/lau_ga_la_e/lau_ga_la_e_651d52d0171ce262.jpg,lau_ga_la_e,28,train,web,,651d52d0171ce262c80db97168df9c0a6eed5576e3c51f60e19b7a389674048f,f401800102030d067df8f060206061a07ff07ffe7fb37fb17de13cd1108e0f00,
images/lau_ga_la_e/lau_ga_la_e_03d10d3ebf79afc3.jpg,lau_ga_la_e,28,train,web,,03d10d3ebf79afc38ca61c23c5de0d666fbe5cf8c8336b269c81ac27be368784,37f076fdc03e007702fd07cf07cf07870f9702df059e11bc11f10dc3078701fc,
images/lau_ga_la_e/lau_ga_la_e_ca8bbdd7d05e4d4c.jpg,lau_ga_la_e,28,train,web,,ca8bbdd7d05e4d4c351eda669d177fe96c01d6a3a1eff7694df4b11a489e973c,e1f063f867f82ffccffcc77cc71cc71cd71cd21c981cb838f818fe30fbf0ffe0,
images/lau_mam/lau_mam_1947e3369b21cc80.jpg,lau_mam,29,train,web,,1947e3369b21cc80953e89119b912ef722c55eba821ee9ad724ae3ee1716c128,c0700218c21e8b0f8e5f8e7f200f03030e0719c33bc73b15b63db07c80c1c809,
images/lau_mam/lau_mam_2843d75f528b2fa7.jpg,lau_mam,29,train,web,,2843d75f528b2fa772431f02a11015bf18aa7567f6ee0bdf76b87a3ca61919d6,c0700218c31e8b0f8e5f8e7f200f03030e0719c339c73b15b63d907c80c1c809,
images/lau_mam/lau_mam_a9239c09d59edd54.jpg,lau_mam,29,train,web,,a9239c09d59edd54def1e3a8af309a552ca1cb17ebc61e7f141a954ac2f58d98,e012e0fdfcfefe7efe18ff01ffb09ff903fb01ff8014801f800d8218bc1cdf1e,
images/lau_mam/lau_mam_f50983f9fe265be9.jpg,lau_mam,29,train,web,,f50983f9fe265be94c5176bcb08ec4f70bc68c2df6f3ef548acbf867b0fa4dab,e010e07dfcfefe3efe18ff01ffb09ff903fb01ff8014801f800d8218bc1cdf1e,
images/lau_mam/lau_mam_0ae56918fee5d27f.jpg,lau_mam,29,train,web,,0ae56918fee5d27f7ae7d81818a535a367009bba1781cb231e2e39dbceab2d09,7ff178f17cf9f8fff018f8002ccf2ccf1cf398f1f0c1e001e029e269e083c1db,
images/lau_mam/lau_mam_6710b7ae53f10448.jpg,lau_mam,29,train,web,,6710b7ae53f104481d8bbe8fd8513103b00150471517fa8ad3b8ceb36061f090,7ff178f17ef9f8f7f018f8002ccf2ccf1cf3d871f0c1e001e029e269e083c1cb,
images/lau_mam/lau_mam_abdebc5c34504d8b.jpg,lau_mam,29,train,web,,abdebc5c34504d8b9287a40fb7ddac4731c2c1babaee16933a856025fbac9434,fff9fff0fc3fed1f9f478fc38443882188218420060089e3d807c007f801faf3,
images/lau_mam/lau_mam_efad12219122000a.jpg,lau_mam,29,train,web,,efad12219122000a01105487cda36b268abaf51d58fba52c8799a7acc490b5b6,fff9fff0f83fed1f9f478fc38443882188218420060089e1d807c007f801f8f3,
images/lau_mam/lau_mam_59d6c891286aa5e1.jpg,lau_mam,29,train,web,,59d6c891286aa5e1251d67039ab17df31570fa5af1a2ebfef864821bffd49741,cc0bfe07fe03f003f802f180f060e000200e131d043e1ffe8f9c0f085f00ff08,
images/lau_mam/lau_mam_f794d29cd0771bb2.jpg,lau_mam,29,train,web,,f794d29cd0771bb2f421e240807ae396555f9c72341bd6446fd9eb4e5b4a707e,c40bfe07fe03f003f802f180f060e000200e131d043e1ffe8f9c0f083f00ff08,
images/lau_mam/lau_mam_d2ccb240762188b5.jpg,lau_mam,29,train,web,,d2ccb240762188b58ab613a890ce8f887f6e49d68ce99b53ca506c47fed9de5a,7ffff3e7f9e3fdf3f02bf03ff08fc18f819f01e320c380038013c053c1478117,
images/lau_mam/lau_mam_eba0885acb22a389.jpg,lau_mam,29,train,web,,eba0885acb22a3899ce1cd5c711772525dc8c05be21169eaa916cff0924e0092,7ffff3e7f9e3fdf3f023f03ff08fc58f819f01e320c30003c013c053c1478117,
images/lau_mam/lau_mam_1bdece8b152259e5.jpg,lau_mam,29,train,web,,1bdece8b152259e5a10c1e1ac3142ffe218a36663587856fc89ba1bbd2d02ea8,001d000f00273ff7e3f3dd3f8810961a070f8793b63bde774fcf301f1ef347e3,
images/lau_mam/lau_mam_fa08f7a83bbfaa94.jpg,lau_mam,29,train,web,,fa08f7a83bbfaa942eb911716306a29e013433d018360aa92fd95e4404907bcc,001d000f00273ff7e3f3dd3f8810961a071f8793b63bde774fcf301f0cf343e3,
images/lau_mam/lau_mam_232c1dc4dfbb1763.jpg,lau_mam,29,train,web,,232c1dc4dfbb17630adc861a36aa72f4ef15ab5bb477f0e1ab98cd2f8bd1dabc,7ffff67feb0303010f8dff9d9fd81fdc1fe679f070f830ef2067006300210000,
images/lau_mam/lau_mam_c22da5a3acea2cdc.jpg,lau_mam,29,train,web,,c22da5a3acea2cdcc07f78709a75671cbcc9b6095677eaa88320bf55c116b579,7fbff67feb0303810f8dff9d9fd81fdc1ff679f870fc30ef2067006300210000,
images/lau_mam/lau_mam_3bb50539e9d24dda.jpg,lau_mam,29,train,web,,3bb50539e9d24dda4c85a932aa2c27a0a308d998a58ef7e2fe4f975ff8c96868,03f047f80ffc0ffc0f7c0ffe0ffe6ffcbff93b60b80cbd773871f0e3e803f803,
images/lau_mam/lau_mam_474828cf26207136.jpg,lau_mam,29,train,web,,474828cf26207136dc2a2325849d5e205b748635e95144534a124471c2b57858,03f047f80ffc0ffc0f7c0ffe0ffe6ffcbff93b40b80cbd773871f0e3e803f803,
images/lau_mam/lau_mam_5df1ff53f31301b9.jpg,lau_mam,29,train,web,,5df1ff53f31301b901f97e363f8269e6ed2631b0a00d616d3b8a2b42bda99c3c,fffffffffb3fe30f854ff3938c61000108038461c46080018803da0fe31fe37f,
images/lau_mam/lau_mam_d24d2d44446df1db.jpg,lau_mam,29,train,web,,d24d2d44446df1db0a81e2aab3c4c0beffc23596b0cd0fbc19b4c4475c601ccb,fffffffffb1fe30f854ff3938c61002108238471c46080018803da0fe31fe37f,
images/lau_mam/lau_mam_123bf366f9e7b050.jpg,lau_mam,29,train,web,,123bf366f9e7b050e2f29f901548c63e444980adaefeaf891b38276559827b02,424f1e403de865b8f1ce7ddf7ffe1ffb0003c003f3a1e3e7020450e0d9c8b639,
images/lau_mam/lau_mam_ccbf0a9b23be16cb.jpg,lau_mam,29,train,web,,ccbf0a9b23be16cb8baa81b007396854b71889070f39e3a5a1588fc3f0a41ae9,424f1e403de865b8f1ce7ddf7ffe1ffb0003c003f3a1e3e7028450e0dbc8b639,
images/lau_mam/lau_mam_34f0d6cbbdfd1f68.jpg,lau_mam,29,train,web,,34f0d6cbbdfd1f68ce0c4a4bd9aefc47a25f6e8200f3c7509dd76cd07c7a1064,1fc3cc00e6c40fc11a9931d873f073b833f87ff8dfe0bf207eb07fb8393801e8,
images/lau_mam/lau_mam_71b75a6ad3c0cc06.jpg,lau_mam,29,train,web,,71b75a6ad3c0cc06b03eba27f29d6c5762702a9dfc231f1325c848913382a9cc,1fc3cc00e6c40fc11a9931d873f073b833f8fff8dfe0bf207eb07fb8393801e8,
images/lau_mam/lau_mam_355c53711571540a.jpg,lau_mam,29,train,web,,355c53711571540aa858a8bbddc0e669517c0dca0c42497b82bbcf829c356505,078007c03fe07fe07ffc6ffc0ffe3fdc381c7f237973ff77ff7373033e000c00,
images/lau_mam/lau_mam_767ed160ba1b4637.jpg,lau_mam,29,train,web,,767ed160ba1b46377ea0bf1139daee4bb2864d79fb86caa2e6d28e82be551f1b,078007e01fe07fe07ffc7ffc0ffe1fdc381c3f2379737f777f7373233e000c00,
images/lau_mam/lau_mam_943182227de096d6.jpg,lau_mam,29,train,web,,943182227de096d63d110e2ba294b81ea6300bc55b9ca50899404ac936f2367d,0ffb0fb84f800780e000e03ff87fffeefe0fff3f7b7fdefffc7ff07ff03fc001,
images/lau_mam/lau_mam_ff4aa7d2a7e4c2c6.jpg,lau_mam,29,train,web,,ff4aa7d2a7e4c2c6abaa6e8a7c16676025a82e83ebf2250108fb7579bc733393,0ffb0fb84f808780e000e03ff87fffeefe0fff3f7b7fdefffc7ff07ff03fc001,
images/lau_mam/lau_mam_1d023f9081875d04.jpg,lau_mam,29,train,web,,1d023f9081875d04cd5a185a809eecfc10d2d25811fc8243c96e546efb9ce925,00c303c30319001c001c11cc23c07e8c7e16ffe9c7ec97a69e807e70767037e0,
images/lau_mam/lau_mam_034f34660bea58a5.jpg,lau_mam,29,train,web,,034f34660bea58a53e40f967addbda4cfdd8330c705948676b78f743eae0021b,e007c7f3ce738ef91c181e7837fc17b40db01fbc13f81be01fe981d18742c606,
images/lau_mam/lau_mam_6519ed5fb548b050.jpg,lau_mam,29,train,web,,6519ed5fb548b050e2273e281dbfb756b2311e48ec4bfcf594f3a80e34f984ce,1fffb87f9f3fc77fc047819e01de008308018001c70177c1d963de73e0ff787f,
images/lau_mam/lau_mam_86287b7596b113dd.jpg,lau_mam,29,train,web,,86287b7596b113dda2c59d56dd0f6337d833e3f4f202c7bb8a0abd8670ce45c8,00801bc01ff81fccafe403f2013a07ff83fe03fe1dfe3ffe3ffc1ff80ff083c0,
images/lau_mam/lau_mam_b9df636d9368c596.jpg,lau_mam,29,train,web,,b9df636d9368c59629eb2f7189b113ecb8f3748f8a4db18e4a9c652b742930cb,0000000000000030037002790bf80ff01200ff09ffbfeffecffecf7fcf7fe67f,
images/lau_mam/lau_mam_6b185e239e78b971.jpg,lau_mam,29,train,web,,6b185e239e78b971a33c3de80a3263f0e81b626a3f6d5b5145c56481695744ed,fff0fff0d3b4d3b7c3bfc7f083fb11ef1fcf3dc9180898089024e234e0e1c0cd,
images/lau_mam/lau_mam_bc0d9c50b1c14465.jpg,lau_mam,29,train,web,,bc0d9c50b1c14465f0988d066dc5c7b73b08bfb514eb3ff4af0c29a45f458716,8000e030e70806904939cf39e317e04fe4effcff7fff3ff97ef87e707c617c00,
images/lau_mam/lau_mam_3a5f1e675a43873c.jpg,lau_mam,29,train,web,,3a5f1e675a43873c648ed854bb94441f93847b8f8b8bd015ce47df098def6a8e,01ce158f1fff1cee3b18763ce1e0cb8417c47808f00066400ee61dc6e88c4000,
images/lau_mam/lau_mam_e4e9be6f7cc0142f.jpg,lau_mam,29,train,web,,e4e9be6f7cc0142f2e52f4857727138251861e2415d2e0ec7658b0a2e1f08ede,01f103f007f0039000f003e007e00f703f78bf3cbefcdfd85fc04fc4e6fc1678,
images/lau_mam/lau_mam_d92439595fb5dd32.jpg,lau_mam,29,train,web,,d92439595fb5dd321048538cb7f2aab37ab3e1687ee78a2b6548ca58f9420174,9fa70f8f0f0f1e031f0f1f853fc73fe316e784efe0ffc03e80cf805c801f80f8,
images/lau_mam/lau_mam_a083d41a5f733b53.jpg,lau_mam,29,train,web,,a083d41a5f733b539a24a67b7b3350f4c292029d1627350a4e4c774422d22b0a,c073c4dbce99ef79ef38e2fcf0c5b8c7383cc43edefe3aff0dfc007c00381018,
images/lau_mam/lau_mam_ae161764a4c04155.jpg,lau_mam,29,train,web,,ae161764a4c041558767210b87433aa92346aa20f73f1c71dc0ae49c1d0c4297,21ff23ff6fbf8da3bbef03ef03f477b073f061f80c191e3f3e1e3c1800000000,
images/lau_mam/lau_mam_6fb895bf0889051a.jpg,lau_mam,29,train,web,,6fb895bf0889051a9f78ea5e1e2ce25c0c6010e4ea046c39cb07dfe77038a2e7,0020c0208e081d20167116798e3f805f91effbfffbfffff3fdf0fcf0f8e1f000,
images/lau_mam/lau_mam_38fbd1a9e0bcec43.jpg,lau_mam,29,train,web,,38fbd1a9e0bcec43f5656eca5506e7784906e9d5c57ce61ecbbfb207aecb5012,0000000000000391e610ee60cde03c00fc00fa0cf5f885f901f903ff8ffbfe03,
images/lau_mam/lau_mam_153516e1205de0bc.jpg,lau_mam,29,train,web,,153516e1205de0bc6cbd7d9cc51e1feb603d4aab9574bd630ce61e7e9da07b13,303867164fcf1f6f37cf37ef7e2e7e0c3f083f9837181610c010c010e010f218,
images/lau_mam/lau_mam_174d1c878d0bc034.jpg,lau_mam,29,train,web,,174d1c878d0bc03488b9c51f474d7458a7ea3cdd11774967608fd2814bc55fce,cfffdff77ffde1e3f00ff883f81c603e31be183e183e580c3c000808031e031e,
images/lau_mam/lau_mam_513b90608cba8ab4.jpg,lau_mam,29,train,web,,513b90608cba8ab4f0d83b2fa21574f4fa4f840e6fe8b437f4deedb17dab0962,f007e003cef19ff83ffc7f94328e700e710733c7388738ee71fa63996483700f,
images/lau_mam/lau_mam_61256ae7f0602c7e.jpg,lau_mam,29,train,web,,61256ae7f0602c7e28bb1db6ef9fdd36ac87377e7fc4a6d23090edd0f8bf609c,ffffff87ef87c103f009f801f000f800f20040100018c01be0d3fdf3fff3fffb,
images/lau_mam/lau_mam_b88eddf2ab02a994.jpg,lau_mam,29,train,web,,b88eddf2ab02a99453b6dc49de14506e533785e12c992de6184a9bce3cc28f1d,00783f3c7f18080c006e007f230e7b8effb7fdf0fc60ef40ffe0ff80ff90bb08,
images/lau_mam/lau_mam_500492386fedb79c.jpg,lau_mam,29,train,web,,500492386fedb79c22c2569c00f7e3d816bc987741752a31b7d14c1a0808ef45,00000000000003266620ee40ede0bc20fc00f819f5f2c5f203f303ff8ff7fc07,
images/lau_mam/lau_mam_b97ebd57a2b61a1f.jpg,lau_mam,29,train,web,,b97ebd57a2b61a1fb378c19340e4496505fa8fd05c49ee907fac30426836b572,06000c800ef01ef87cbe7e9e945f403ffcffffff77f33fd907fe03fe01f803f1,
images/lau_mam/lau_mam_3cc7926a78cc13cd.jpg,lau_mam,29,train,web,,3cc7926a78cc13cd3c263e84a7f569f11bdfd9cf1304b9f5205ac80f94b5b175,01c020e301e700c301e301ff087f0c7f103f003f65784778329918991859007d,
images/lau_mam/lau_mam_e81bbf693fb9a4a3.jpg,lau_mam,29,train,web,,e81bbf693fb9a4a3ca98eb04e93543b05149021c1f3ccf699a60791a9018f03a,00001000000e002fc03fe0fff0fbf8f57bce33fe03ff03df03fe07ff66fa7b64,
images/lau_mam/lau_mam_7fbdf4738319f2c2.jpg,lau_mam,29,train,web,,7fbdf4738319f2c2b340ad35e09ec928c0a76ea2a7058f79ed50a972230f78e1,82b0f438f0380f881f987ff0ffe07fee7ff77fbf3fff0ff103c100018001f301,
images/lau_mam/lau_mam_4bba5eff48e289b7.jpg,lau_mam,29,train,web,,4bba5eff48e289b79bf1527f8cb93262d199c19f4083b775956da797b428285c,00ff03ff039f021cd41fd3fff3f90f9e0f9c5fce47fab3f8ff30e77cb620ff80,
images/lau_mam/lau_mam_ecd26a690731d06f.jpg,lau_mam,29,train,web,,ecd26a690731d06f76337ee8bfc274481ab98d0f7b199dce3e3fb7551eff6649,38ff386078e021f319f221f2cffb1ffc1dfc9f7d4920cc0949c06003c078cbfc,
images/lau_mam/lau_mam_7c731ac3ae62d8ce.jpg,lau_mam,29,train,web,,7c731ac3ae62d8ceeaa7c5356d3489abc41d43ac5a5454dcf3e3f38d2f214820,f7ff8c1ff00e27f447f2dff31be1d3e057f6c26883f8114c0e58c7e3c003c013,
images/lau_mam/lau_mam_5e0cd94e77fe3080.jpg,lau_mam,29,train,web,,5e0cd94e77fe30803ed0bcef51d53d2daac87e068aa40cebb139efd07cc3f8fe,83e0e7f0c7f0c270c670836083e090c0b800be647be67be47bfefff2dae27cf6,
images/lau_mam/lau_mam_c6548875bbd5c822.jpg,lau_mam,29,train,web,,c6548875bbd5c8224b2cac5ecfe4b93f975657107b31d0309659315a7f2dc944,f81ec03f803f001f001e0008001d003f003f003e003f383e7f9e7fcc7fde7c9e,
images/lau_mam/lau_mam_f79d65104392ce26.jpg,lau_mam,29,train,web,,f79d65104392ce26db091abdad87780e3c7c27227e755a7dd042e413462526c2,01e381cf80dde4df60ff69ff7cfffcfffce3dc234cdf68ff10eb00ff00ff00fc,
images/lau_mam/lau_mam_06cbf0b6e8e0e887.jpg,lau_mam,29,train,web,,06cbf0b6e8e0e887ac83cf1d2b53b788c9b57db5b0091f4743b697d43ccfa2c5,f1406840780062581fc63fe13ef1f4fbd9cfe3d7e7fffefffefc087006000784,
images/lau_mam/lau_mam_8816f596078f4d96.jpg,lau_mam,29,train,web,,8816f596078f4d96b86496598d7d45ceaa2dda626d98473ef2f4151c3705cf2b,f0fbf0e3fc81fd18f77ec05cc05cc03cc03d81f721fe01de038e07c00ce8089f,
images/lau_mam/lau_mam_670a8f9a3ec8f90e.jpg,lau_mam,29,train,web,,670a8f9a3ec8f90ee27ba881a16a41ffa48a8ab23f02a4501247e0ac7e0d3b67,3fa71f870f051e031f873f863fc33fe12ee304e7c0ff801f00ee806e002b00fc,
images/lau_mam/lau_mam_14df522fc0d1f7a3.jpg,lau_mam,29,train,web,,14df522fc0d1f7a3efb07f2c7ad798a540c10fe730ca9d5015e0dc6488d9959d,17ffbff7fffdc5e1e00ff983f01ec03e617f303f383e300e78001008031f071f,
images/lau_mam/lau_mam_b5fd468463da26b4.jpg,lau_mam,29,train,web,,b5fd468463da26b41ecabe9ef6ba89fbb1ad4379596d9e1b7a0cc64ef1ecce55,49c0c1e241e401fe40dfc09fc1ffe3ffe167f1eef8fefc37fc6e7d6600000000,
images/lau_mam/lau_mam_d9354c689b36a291.jpg,lau_mam,29,train,web,,d9354c689b36a2911bd5f94a93b78fa6e053129ee8482c68635ff41fd4c47391,e387c7c3978ba70d22012801ffff9afffc3fe980b90317ff0323111301ee63ee,
images/lau_mam/lau_mam_b592b2f14baee560.jpg,lau_mam,29,train,web,,b592b2f14baee560574a11ad4aaba03d6919ca18c197720731dd2b27b9692b00,00000000000000180138037c037c0ff81300ff84ff9fefffcfbfc7bfcf3fe67f,
images/lau_mam/lau_mam_e76af2f2d62edf9a.jpg,lau_mam,29,train,web,,e76af2f2d62edf9aa0017ecbcf3a72618509c3dc8d1f057b112faf771d88e5d6,ffffffffffffffffff8fff07e001c000c000c000e000e00080012001000100c1,
images/lau_mam/lau_mam_6687c91f1039356f.jpg,lau_mam,29,train,web,,6687c91f1039356f2f4a2b60ddd0fcedbafdf4193891170b9264950c9f7dd2ee,017c0306099f013f01be04fc0c3f281e5c3f1263186300f703fff7ffd7ecc3c0,
images/lau_mam/lau_mam_734f2bf015052039.jpg,lau_mam,29,train,web,,734f2bf01505203919d3ee3bca3a83c0b42df825d92b71fd3e9f03b60b6a4a2a,0000e1c063c733ee0fbe07070387c3c3e3e1a1e183e183f187d887cf8fc7efcf,
images/lau_mam/lau_mam_cc379c262d130788.jpg,lau_mam,29,train,web,,cc379c262d1307880d1061ac355d7ae40633b36f9c13e95030653d843af6a68b,3e067f066f34ff30ff30ff90ff80ef80e420e020d830fe10fe387c787c7d247f,
images/mi_quang/mi_quang_06255ab46c086a8c.jpg,mi_quang,30,train,web,,06255ab46c086a8c34ee07a1b331cc25f6606502370ad542134e78a3f732098a,0000f1f0f7f8e77ccfee1fde1f8f17ff1fff0fff0ffe07f0079c03f87e000000,
images/mi_quang/mi_quang_a65e5cf63e3cb3ba.jpg,mi_quang,30,train,web,,a65e5cf63e3cb3ba56bec1b9e4f5e6bca3657cdd407f07dbd4a90be99e58533e,0000f1f0f7f8e77ccfee0fde1f8f17ff1fff0fff0ffe07fa079c03f87e000000,
images/mi_quang/mi_quang_4495a1fac637b9d5.jpg,mi_quang,30,train,web,,4495a1fac637b9d5677961d105e184cf98a43fe333129860f9df5328795bd177,fee0ff70fb10f018f288fe8cef0ce92cf174ee2cc68cc60ce40ce018b018b830,
images/mi_quang/mi_quang_4e882ed8e1acdef0.jpg,mi_quang,30,train,web,,4e882ed8e1acdef0e04a52fcae4651295be526e10e3fa167fe746dedcff7d2c1,fee0ff70fb10f018f288fe8cef0ce92cf06cee2cc68cc60ce408e018b018b830,
images/mi_quang/mi_quang_4803983674f37202.jpg,mi_quang,30,train,web,,4803983674f3720213a89710c3da6f3f7247844230e7a837343d0fa93d25f8cd,01f017f97fff5c78dcf89d1c3d0cf01cb1b4b88cb01f39793df83e30ec30e7c0,
images/mi_quang/mi_quang_fc829d7edec7d468.jpg,mi_quang,30,train,web,,fc829d7edec7d468d2b5a495eab3c31e780018d23f18aa811de17d70264dfd9b,01f017f97fff5c78dcf89d183d0cf01cb1bcb88cb01f39693df83e30ec70e7c0,
images/mi_quang/mi_quang_a1ba5a4cf4319107.jpg,mi_quang,30,train,web,,a1ba5a4cf4319107526a5862166311844a85cd996bc9d9ad39e29159cd5ef6d8,0be00fe00fe20dc30f130e190f1b9f9ffb9fdfdc3adc3edc3cd83f801f000000,
images/mi_quang/mi_quang_13ba3c41f0bedf21.jpg,mi_quang,30,train,web,,13ba3c41f0bedf21fade0ad1440022a514e1d903eaa783c6d8bb582194edde01,ffffffffffffffff878f07c704c70a03081b300ba807c006e180fbe0ff80fc01,
images/mi_quang/mi_quang_59fa873141a54a82.jpg,mi_quang,30,train,web,,59fa873141a54a824b47dacb7e0d8265a10afb60ef03498a5637a6157637254a,fffffeffc6dfe79eef1ced306830c070c0f8c1e001c1024182418207c007c30f,
images/mi_quang/mi_quang_0c7f3ef462c02ca1.jpg,mi_quang,30,train,web,,0c7f3ef462c02ca1d73e578ca9850f52de0a3045f096187537adf88f853eb040,01ff039f059f43f7c7e7cf7ffffd9ff916393bf93ff91ff11ff10ce107810001,
images/mi_quang/mi_quang_2a109e3ca145c479.jpg,mi_quang,30,train,web,,2a109e3ca145c4791b541a38d2e4ddcd032402de7d48f15d5eedef78a4198ec2,fffffdffc5bfe739ef30e8606060c0e3c0e343c3018782068286820cc01cc21f,
images/mi_quang/mi_quang_91d8049f9f3792fd.jpg,mi_quang,30,train,web,,91d8049f9f3792fdca6f1ee51f455f9e4fe28ca9f5b105ffea4d65b6fa3c266f,fffffe7dfe3ffa3fc67ec0069c06864280028002c006c006c004e00cf018f830,
images/mi_quang/mi_quang_d7844ba4e3b3fd2e.jpg,mi_quang,30,train,web,,d7844ba4e3b3fd2ee77763f9e0a928d51be2bc196a185719d6df3c602e9cd602,fd3ff81ff80ffc01fe00ff00f200f600fe01fe01fc01fe02fe06ff0cff9cfff8,
images/mi_quang/mi_quang_2ef54587e161f042.jpg,mi_quang,30,train,web,,2ef54587e161f0424e90a698a9d67433448a06eeae85e9da1c25afac02dd96fc,03f001f001fc1cde1e9f3fcd2ffc069c26f823f819f008e600708076009e001e,
images/mi_quang/mi_quang_7c0531e21c18683f.jpg,mi_quang,30,train,web,,7c0531e21c18683f245d64adecc324df5c8ae153a42b819a5fe5fa5b2ce51f20,17e033e060e0e1f0f1f8f1f8e924fffeff7cf83cf01f781f787c7f7cdffce00c,
images/mi_quang/mi_quang_aab1768ba848641d.jpg,mi_quang,30,train,web,,aab1768ba848641d864c9fe1f6d6f05c7b265925c9a846f69e600afdf83bf0c4,e36be26be03ee01860006001f1e77fff79edb8e4f076f372ef01ec01dcc1fdb2,
images/mi_quang/mi_quang_9c5e460437ec8f26.jpg,mi_quang,30,train,web,,9c5e460437ec8f266ee0e1084e81d09ddab4300865924f3eb126063cc356cd63,ffff80018001fe01ffc1ffe1e7f1c0f9c039c03f807d807d807d807d807dffff,
images/mi_quang/mi_quang_18cbee53f43c85ec.jpg,mi_quang,30,train,web,,18cbee53f43c85ec5727154f707ef22cd155c9a4d0d70389f177d429c3b3a002,0e001c061c0039e039f03bb83f3827982ffc0ff807f807fc07f907f803f001fc,
images/mi_quang/mi_quang_1f371e6c8c6afeae.jpg,mi_quang,30,train,web,,1f371e6c8c6afeae92acf4c27cc35a1a63c1b09f799932eea6ac80dfc09f472a,fcf87effffbff1bfe0f761ff03e301f301b1101010008a000a034f03cf1b8e19,
images/mi_quang/mi_quang_80e2fda0508c1abd.jpg,mi_quang,30,train,web,,80e2fda0508c1abddda6239ccf55b9d669455cb7f0eaaecacc67bc0fea90f24c,1ff039f03880708070807006f803f803f843fce3fcc1fc41fcc07e007f007f10,
images/mi_quang/mi_quang_36c003605ae5bc53.jpg,mi_quang,30,train,web,,36c003605ae5bc53c801f97ff493a35ff840480fb6256858ce49abdd40a32fa8,e000e004f1ccfffcffffb31f813f003f003e003907b31f7e1c7f407f47730f61,
images/mi_quang/mi_quang_b99a690218d2f2e4.jpg,mi_quang,30,train,web,,b99a690218d2f2e4fdadb81e9638b9185b78fa3a227510e04c0cfffd7486ab74,ffffffbffc1ff107e007c4078007810f801f801bc00ac07e603cc00844a0e7c1,
images/mi_quang/mi_quang_4c8d4188a9d68b27.jpg,mi_quang,30,train,web,,4c8d4188a9d68b2751408805d9da8be7710243a26f62dcb10de24e8601e9cd6a,ffffcfff8ff91ffc17f81ff83f5c3fbc38e038e0063a067238089801c003e007,
images/mi_quang/mi_quang_e20cdc93a0c632a9.jpg,mi_quang,30,train,web,,e20cdc93a0c632a90151d7e7fd6779f18fe0f646288808a67a9fd70e77d8521d,ffff00000000ff00ffc0ffe0c7f081fc803c803d803e007e007e007e0dfeffff,
images/mi_quang/mi_quang_db3e7533ad046b08.jpg,mi_quang,30,train,web,,db3e7533ad046b0810436c67d748947b3c2f9d2365bce910a5dc763e961a8f32,fffffffffc7ff87ff01ff007e007c003e003f003e003c003e003f007dc1fc7ff,
images/mi_quang/mi_quang_b6cd740082a955a1.jpg,mi_quang,30,train,web,,b6cd740082a955a1fa64d47b05cd10842de48822676edc163b3b010e1b914d5c,f018b000c0070a411003ffff04000000002007a6ffffedfffc21fe3bec29ffff,
images/mi_quang/mi_quang_97e6531fa9f90868.jpg,mi_quang,30,train,web,,97e6531fa9f90868f59c34abdf387fddfa7304a866833d9b90dc37fd6c867ed9,07fc77fc61f443820fe60f6f731bf1c3f1c3fffe7f7f0fbd0039007001c00306,
images/mi_quang/mi_quang_8b0388d09ff7c733.jpg,mi_quang,30,train,web,,8b0388d09ff7c73390ae709e6e20682e3e3189d15b795857756d632552593861,0e00003003fc03fe03ff03df8ff91ff013f07f7cffc46f88df80ff807e001e40,
images/mi_quang/mi_quang_c4c6b791271c7f66.jpg,mi_quang,30,train,web,,c4c6b791271c7f66764ad98f5a7f7acc7230af1671658489c44299eb0848abd5,3fc004fe03e107f0f0f0e0f2c3f3c7fbf659be5decf9cc01dc627de43cd80ff0,
images/mi_quang/mi_quang_d44f96f30f39d59b.jpg,mi_quang,30,train,web,,d44f96f30f39d59b9c4e34f44ceac4287bb6e3e105ffd20543711be2d2947914,ffc106fc03f207e0f0e0f0e463e6e3f6fe52ff5af6faec026e643dc81fd007f0,
images/mi_quang/mi_quang_512c0650b9448e08.jpg,mi_quang,30,train,web,,512c0650b9448e08308010c7d4a52a47e1eeb09540b1369bebb97fcb3ab0f25e,f7f0efd8f81cf19eb3eef3e7e3e7e3e3e3e7e1c3e003e003e007b00fb80d9c19,
images/mi_quang/mi_quang_2083eb403d43ec1e.jpg,mi_quang,30,train,web,,2083eb403d43ec1e43e732feedb2368f8a9d5b86cb5de9d80616c32a0b8113bf,580ecc04c6003ff83ffc7ffefffefd9ff49fe65aefca7fe27ffc3fc08000c000,
images/mi_quang/mi_quang_41ee28381044dc93.jpg,mi_quang,30,train,web,,41ee28381044dc93ba53d4a0023223f5e0054a43331091fc4ec88cff42423d26,2000fe007e00730cff1effbcfffbbbd4fbdcfffcffbfdb3fef3f3e1e98008000,
images/mi_quang/mi_quang_e38fee475ad457a2.jpg,mi_quang,30,train,web,,e38fee475ad457a21336812f404d5270475bce309213a9688f93645088271c6a,3fc13e003800300022502398499958f164396e01ef81ef4c77fe0fff07f903f1,
images/mi_quang/mi_quang_5a15dc729f42d98c.jpg,mi_quang,30,train,web,,5a15dc729f42d98c53c1b1310a4b621b21635345239c86b53c54c431ac758672,7fbc4ffc4e05838e128e3b030847486738033803f807f807fc8ff09df1f1f803,
images/mi_quang/mi_quang_8d848641ced21bd6.jpg,mi_quang,30,train,web,,8d848641ced21bd690c4561155d7b8cc93f45718790b717df6deb4a440185dbb,fe07fc87ff87e7fccf384f1e1f0f100e100e9006300211861196d7c61f66cf7c,
images/mi_quang/mi_quang_2390e845d6cb52dd.jpg,mi_quang,30,train,web,,2390e845d6cb52dddbf8c60c2433ed6be30cc8002b01c2f05e2786442d76203a,011007000dcc1de21d75bdf0f7e1e741f019701f708fbe033e071fff1fff0fff,
images/mi_quang/mi_quang_6828f11478885ddb.jpg,mi_quang,30,train,web,,6828f11478885ddb9283faaea64d156df90da5215179ac3c5e7ec099e8792484,ffffffffffffefffc78fc38784c78407801b900bd007e006f100fc00ff81fc01,
images/mi_quang/mi_quang_9e978d01cc804f6b.jpg,mi_quang,30,train,web,,9e978d01cc804f6bde846f41a4df5bff3e72998f2c6f2adef60feba16f9eb5ef,af1f8f1389cf105fd001c03d01bf31ff7177781f391338003c00fc1fc007c047,
images/mi_quang/mi_quang_452096345aad842c.jpg,mi_quang,30,train,web,,452096345aad842cd4b328b6a6725b11e38d4f710387a5bb83357fbd4dfea0e1,0f180f5c0fce0fef0feb07e1060904c00fc4bfdcbbd43ffc1c7e097e1c7e04ce,
images/mi_quang/mi_quang_df947abd35958d3f.jpg,mi_quang,30,train,web,,df947abd35958d3fe02d48913c1e12679d9fc100c60b56d19baf3ac4d78d01ae,00e400e680ce00cc38e071d0e1f8e03cc00e80fe803eb07f3fff0ffb0ff7000e,
images/mi_quang/mi_quang_3447a147a1a5ca00.jpg,mi_quang,30,train,web,,3447a147a1a5ca00118d1d9057b6e92d9e48bddece06c520d752bc171018d9b8,e18ff3e3f7e0dde0d7c0ff689fe832094c38dc3c9a1c4618dc78dcf9d4f9c67b,
images/mi_quang/mi_quang_ad89e52c947cdf52.jpg,mi_quang,30,train,web,,ad89e52c947cdf52e6a05f534afd7e5a169759642e336559979bf88cd334d601,07c00ef81cf83edc0f063e0f3c877ce77cbff83fb9fff83f5ebf1f9e031e0f04,
images/mi_quang/mi_quang_a5eb8e6894035bee.jpg,mi_quang,30,train,web,,a5eb8e6894035bee1b8fd4ac18340e54d7d19e6ae154436b014253f4441f4e72,fc1fe187c3e3c3638ff01ffc1ff81ff01fdc131c93908df1c461c125e009f031,
images/mi_quang/mi_quang_19e0adcbface8633.jpg,mi_quang,30,train,web,,19e0adcbface8633d1711e6db466f99c2d2e52788c806c6f496b89c15d2b3649,ffffffffffffff8fc003c003c003c007e007e007e007c003c007fe0fffffffff,
images/mi_quang/mi_quang_f3459eace164b35d.jpg,mi_quang,30,train,web,,f3459eace164b35dbfe6352c0346ec8e5f5cefe02eece71dbf94f9239d75cc1c,fe7ffc7ffc7ff8fff87ff00ff007e003e003e003e003e007e007f02fe01fc03f,
images/mi_quang/mi_quang_157549e568f937ad.jpg,mi_quang,30,train,web,,157549e568f937adf2938b62d99cc5ebef96d91950a234f38b12c35dbe823fe0,e000e000e100e780ffe9fe7fbe7b3e7f3ffc1f9c1f0c1e007cc0be02fa0a740e,
images/mi_quang/mi_quang_80b04eec602316f5.jpg,mi_quang,30,train,web,,80b04eec602316f5d575997540a1957eb67536f0d0ca4822b74f045b201f6c31,0000050327017a0c9bcc89fc00ff0c1f221e7f6ed1cec1bfc8bf887fe7fff7ff,
images/mi_quang/mi_quang_1b3dc2b156210900.jpg,mi_quang,30,train,web,,1b3dc2b156210900ff1912c80d611dc6c81a17311571a4c4d3e9981e4f1f468b,f7f8efdcda1eb0cf73e7e3f7e3f3e3f1e3f1c1e1e001e001e003b00730061c0c,
images/mi_quang/mi_quang_efd349bb3ebd4e58.jpg,mi_quang,30,train,web,,efd349bb3ebd4e58514a0d10ef17b959bfb7dd5446fcad93d8d07cb35547e204,4002c032007800fc7cfe29ff7fff7fff05fe7dfe01fe03f683bf818600000000,
images/mi_quang/mi_quang_98185c9d9eb21ac9.jpg,mi_quang,30,train,web,,98185c9d9eb21ac97d4d702e1e2af3fc8d81dcd753b230b99e40c7c242b0a67d,9dfc9ffc1d781fdc17ec1bfc3ffc3fce3bc61c863f003f801fc00fe08ff08ff0,
images/mi_quang/mi_quang_f92456dd37558b61.jpg,mi_quang,30,train,web,,f92456dd37558b61df02aa5b3e3f278cafd7a886f84ac9f0133dd93cf382004f,03fc77fc61f043e20fe30f67339df1c171e3ff677f7f0fbc0039007000e00303,
images/mi_quang/mi_quang_cc84fefb870d04b3.jpg,mi_quang,30,train,web,,cc84fefb870d04b3b4adc389f2be2b835ac2b215a0f79f3b6a2b6fe5aaceb73e,fdfefefef9dce508c600c000c280c3e0e0e0c170e131f19df38173833787bf87,
images/mi_quang/mi_quang_d5f1d0c2a2585dd5.jpg,mi_quang,30,train,web,,d5f1d0c2a2585dd55a17449247ae54e7e0e30b4ed103d60f2cf3d32f56989bb4,0118060819cc39e37d7279f0efe0cf40e01de01ff08f7e017e837eff3fff1fff,
images/mi_quang/mi_quang_5b4aacb49246443c.jpg,mi_quang,30,train,web,,5b4aacb49246443ced13b8e9dd3982bc6ee506b51d81c7d6fff756067b567317,00000070ff98ff88ffc8fff6fbdef1e3f9c3c3c7c0fff3ffffcec0dfc0e4c0e0,
images/mi_quang/mi_quang_1731c95b84ffc70d.jpg,mi_quang,30,train,web,,1731c95b84ffc70d4ecf0c7a61ce1145392b2851c67662a3e203d77ea5c0f965,00ff01ff01bf039f03ef8fe39ff3f1f3f073b07330733433306318e306030003,
images/mi_quang/mi_quang_74f548d875e7aa73.jpg,mi_quang,30,train,web,,74f548d875e7aa7300e22b45d7c3f772a415f96c48d96363a594688581402e46,fffffff98001c001c071cf01c003c003c003c003c073c073c003c04bdfffffff,
images/mi_quang/mi_quang_69f416633993356b.jpg,mi_quang,30,train,web,,69f416633993356bf467437cc3f520c4ed18221b49e875a0a89bc8d905e320cd,f7fff7ffefffcfff80270007080d300f760781081088208b409950dc1e1f3eb9,
images/mi_quang/mi_quang_a5c4f53b15227c2c.jpg,mi_quang,30,train,web,,a5c4f53b15227c2c107fabb38b73db2761bb3a1887cf79cf88cf1f6a0cb38c24,67f063f0f3f077f00ff8df7cf2fcf0fee15ec14780e300c10041006900710023,
images/mi_quang/mi_quang_638d7f28f1981d9f.jpg,mi_quang,30,train,web,,638d7f28f1981d9f07d1fa92d5928fe4a990e1e05d4c6c80c095f4595725d9fb,003000fc1cfe39fe39fffdffcfffdffeffb93c303c3010000100008100e000c0,
images/mi_quang/mi_quang_7bcdea230c322942.jpg,mi_quang,30,train,web,,7bcdea230c3229424a0d3ffd76ce0b1b5570fced1ec595efc78f7ed1f9df2dec,36003fe03f801ff01ffe0fff21f767da83da83f887f8c3fa07f4239409980060,
images/mi_quang/mi_quang_26da5bb1cec1663e.jpg,mi_quang,30,train,web,,26da5bb1cec1663e81eb29eeb4f68365b1f2ef0dbcfb302a1d6f043996fe37a6,f9f0f9f0f3f5c3ede13be01ae01fc01fc07fc01fc00fc00fc807e04ff00df818,
images/mi_quang/mi_quang_d263fa04c86f871d.jpg,mi_quang,30,train,web,,d263fa04c86f871d31f6374f761355b4a61e3df8f69b42941140b19520d11adf,80fb00fb00ef00df007901ef07ff0ff059d8fbd8bf1cfb1cba8c380f39cf3def,
images/mi_quang/mi_quang_08fffd2978874f11.jpg,mi_quang,30,train,web,,08fffd2978874f115d8f17745774962a924f9e720f76ee9558ad068458f66b0f,fffffffffc3ff00fe207c0038003802180898011c011c023e187f00ff83fffff,
images/mi_quang/mi_quang_ad2da032b3804e7e.jpg,mi_quang,30,train,web,,ad2da032b3804e7ef21690000de21baceb9cef28da735287a34b6ccdf81d6fce,4750c748cf8ccde42030f036f7039fcbefcaef9ec7bec73ec37cc1bce0f87cf0,
images/mi_quang/mi_quang_faf611894a1d3d1c.jpg,mi_quang,30,train,web,,faf611894a1d3d1cf0dccaafb38f8311592128a60b7619bdca921aa39a9d2b6d,000318270c3383dbc00fe00ff05ff89ffcdffc3ff83ff83ff83f783cd83c103e,
images/mi_quang/mi_quang_5a7f8f05e2633537.jpg,mi_quang,30,train,web,,5a7f8f05e2633537e28984554f91151fbb0fc111573f88329c80fa6339ce68de,01ff03ff03ff033e07de0fc6dfe7f3e7f0e710e730ef346f104f19c7040f0006,
images/thit_kho_trung/thit_kho_trung_8c22c803a4b355b3.jpg,thit_kho_trung,31,train,web,,8c22c803a4b355b3e12482058f28342a60c09e1f90357c6944b01ea06d986a91,c07bc0fdc1ff80ff80ff81e3c0f7c0f7c0f7c19bdb81df05df01ff01fde1d0a1,
images/thit_kho_trung/thit_kho_trung_9c2869f35ba3aac4.jpg,thit_kho_trung,31,train,web,,9c2869f35ba3aac49235b84859250c0dc1ef2bc863e6750144e94a954dd68d3a,07c01fe01ff07ef8bff0bfe83fe83feabffe3fd81ff01fe00fe003c000000000,
images/thit_kho_trung/thit_kho_trung_eb0da6212a636680.jpg,thit_kho_trung,31,train,web,,eb0da6212a636680aa1252ea36e734899c3221a8c218b6954f3482b161d9179b,c0000000e000e040cff8dfbcf89cd87ec93ec01f601ff03ff9ffffff3fff101f,
images/thit_kho_trung/thit_kho_trung_35126f38c8b8a2f1.jpg,thit_kho_trung,31,train,web,,35126f38c8b8a2f17c16835ecb86b02af73f9ac0567d7693e045100130915e20,fd06dc048c088c008c40d864fffe8e5384718661076107eeffff87ff9fff0000,
images/thit_kho_trung/thit_kho_trung_83c042db3ca9fd24.jpg,thit_kho_trung,31,train,web,,83c042db3ca9fd2467db9d8c24882ce569ef73ddd0bffb4ca1937b798a0d0687,fefdf87e720fec03e003c003c00780170007100314032403e007f01ff17ff7ff,
images/thit_kho_trung/thit_kho_trung_69a42fa87e1f55b3.jpg,thit_kho_trung,31,train,web,,69a42fa87e1f55b31b5404d6285bd890fff4cde7d6fe7ff704762070620d85bc,6fe02f682fa827f8dffccdddf8d97e717f708fb897a0a7803dc81db81db80db0,
images/thit_kho_trung/thit_kho_trung_34e392927e08b52e.jpg,thit_kho_trung,31,train,web,,34e392927e08b52ecc47278035cf3fa747d114f841517c6bf915fca778d5dfce,e04fc04fc04fc007c027c0218009878d8f0186018001c001c201e203f007f80f,
images/thit_kho_trung/thit_kho_trung_f6f6990b720d9bfc.jpg,thit_kho_trung,31,train,web,,f6f6990b720d9bfc9168476747332deef4a0d63e7add23a42fc1c204def7e212,0c1e0c1e0c3f043f765f7887f927f823fc01fc80ff80ff80ffc07bc023d00380,
images/thit_kho_trung/thit_kho_trung_9054f4c68c96a40a.jpg,thit_kho_trung,31,train,web,,9054f4c68c96a40a8784e0294db72ab8748dbb78c91bc1531b31222bf99bd834,c019e007e007c0079027cfe7fe7ffc1ff801f7c1a1e1a1e0b0c1b80187318b91,
images/thit_kho_trung/thit_kho_trung_4c1ab97f0bb37c79.jpg,thit_kho_trung,31,train,web,,4c1ab97f0bb37c79098803fa86ec18ce3a7660b25ee530fd2cd9481250c0723c,03e007f00ff80ffc1ffe3ffa3ffe17fc07fc178c1bbc1ffc1dcc1f3807380200,
images/thit_kho_trung/thit_kho_trung_357de58545311200.jpg,thit_kho_trung,31,train,web,,357de5854531120082c1fc3fa97e50bf0fb2f219b1cce6013cffbd6affe7f3d0,3fff1dff183f181f141f218f218f300f3007380fb00fb80f781f3c7f3fef3fcf,
images/thit_kho_trung/thit_kho_trung_bbdfb8d5a90ca849.jpg,thit_kho_trung,31,train,web,,bbdfb8d5a90ca8493690ac2ce91746cdb78eb327efae00c9d7d3deec5b091437,fffffffffffff3f7f003706700731013001b00430063000104091e611f010f87,
images/thit_kho_trung/thit_kho_trung_49370b4604ce38ac.jpg,thit_kho_trung,31,train,web,,49370b4604ce38acf123a9ace4f43eef0ce0b83b8e21ea878f7136580ebac449,ffbfff3ff93df81cf80ef806e002e002e402e006e406f404f004f818fe30ffe0,
images/thit_kho_trung/thit_kho_trung_02cf23bf21993247.jpg,thit_kho_trung,31,train,web,,02cf23bf21993247dd606b1a716b6ae8dfa67460bfb6928bb753ef2551a56302,33867fa27f637ff77ed2a8426104fd0c78f838e430272137273647a00f804980,
images/thit_kho_trung/thit_kho_trung_b8856a5258e7f845.jpg,thit_kho_trung,31,train,web,,b8856a5258e7f845b2ad011b2eaa12e7aa9de2072d599cacb47810fad52d181c,6fe7c7e08ff9bf9ffc1ff28ffec3fccbf807e00780018025b0079003d8c1d983,
images/thit_kho_trung/thit_kho_trung_e92780f2c1ffd0b5.jpg,thit_kho_trung,31,train,web,,e92780f2c1ffd0b54c4a6448d383a59a3739b0c328eb506c4f469fb2c252c7a5,a000400043c08ff00cf81ef83ff01f7c0ffc3ff83ff81fb81fb81ed00f4207a7,
images/thit_kho_trung/thit_kho_trung_96687c90f0fc5636.jpg,thit_kho_trung,31,train,web,,96687c90f0fc5636a6834fac50b782991807b26d09a5f2d0a275c5119e513ae4,07ffe07fe18fe3c0efe14db94fb80838c83bc173c733c733e383e007e007f00f,
images/thit_kho_trung/thit_kho_trung_d3aea4112452a4d6.jpg,thit_kho_trung,31,train,web,,d3aea4112452a4d6a642f45ced635a4db96c5989d451fb2d2a6c35ed9283089c,37fd687cdafa79e7e80789cf818e0d480c74102d381d8c9f64634d4041e2587d,
images/thit_kho_trung/thit_kho_trung_704c5d16c5b24595.jpg,thit_kho_trung,31,train,web,,704c5d16c5b2459515a9b5dd108cf41aa3bd17d7e3b133fc98877fbf7c6b7e74,60ff40ff81ef00c301e301ef81ff40ffe70ce323c1c781e481c181c6838cff80,
images/thit_kho_trung/thit_kho_trung_8a94a8cd3fc34ba2.jpg,thit_kho_trung,31,train,web,,8a94a8cd3fc34ba28cc31114e7e2f4e531cb8b1a971e2f4f55d1560a0102ebb5,81b0a404a014861080117f0167c3402113213fbd1f190e118091f381ff0bff2f,
images/thit_kho_trung/thit_kho_trung_63374da88e6a49f0.jpg,thit_kho_trung,31,train,web,,63374da88e6a49f022f98090689a8e1c9a2dd38c3bff9c1e68d549c8ccfd5a39,c7c1ee319c3ff87cf0bcf1e6f2c0d4ce989c391c38703e703e7016c69ec4dccc,
images/thit_kho_trung/thit_kho_trung_958750fbaf9b2c41.jpg,thit_kho_trung,31,train,web,,958750fbaf9b2c4124cf37f8ac5e593bb4dab244925e88c543643c87c91118d5,7fff3fffff7ffe3ff91ffa1ff00ff00ff00ff00ff00ff81ff817fe77fb9ffe3f,
images/thit_kho_trung/thit_kho_trung_020faf81cd0b77b7.jpg,thit_kho_trung,31,train,web,,020faf81cd0b77b77d3976435b3b0fa8f0fa273117ab510b223a434fda45a0ec,6080b25d3a3d3af8a6c2c300d708f603e6739c6c7e06fe075e0321f03df19ffb,
images/thit_kho_trung/thit_kho_trung_4fbae1fa8c39380e.jpg,thit_kho_trung,31,train,web,,4fbae1fa8c39380e8b8e245a1951914d9c698e032bc313fbda19b0b4f0978f4c,07e007e01ff00bfc1f7c0ffc0efc46f443e47fc43fb07db83ffc3ef8be5a3d62,
images/thit_kho_trung/thit_kho_trung_ec112f41a619115f.jpg,thit_kho_trung,31,train,web,,ec112f41a619115f0b35f8a2e36d4b5df956eef4bc8a5bae74d69499b64e0012,4be74fc3ffc17fc07032f05af17fe00fe007c00fe807e807600f600f101f4c33,
images/thit_kho_trung/thit_kho_trung_b6a31c2fc239f0fc.jpg,thit_kho_trung,31,train,web,,b6a31c2fc239f0fc7c9433e86f2d7a3e85dee4ab32aad011b50549c9d2c75af8,fdbfec9fe00fd08f80038943c9038801cd2141018011c023c203e127e00cfcf8,
images/thit_kho_trung/thit_kho_trung_540c09676fac0691.jpg,thit_kho_trung,31,train,web,,540c09676fac0691e8ffa95c72de2c0eeabd7b5480ba14238d3839ba072289aa,1fc037fc367e1c3ed8001c001e7dc9ffddbbdf789d791c33701f701f701ce0dc,
images/thit_kho_trung/thit_kho_trung_d7b3a6201dbc7a27.jpg,thit_kho_trung,31,train,web,,d7b3a6201dbc7a27d43f1699211dad31bd47ac572c78929132be1aef0c3a960e,7fbf7fff3109761877dc20181fde1fde16083e383ffc3ffc06900680048c049c,
images/thit_kho_trung/thit_kho_trung_636e370fc7d85a4c.jpg,thit_kho_trung,31,train,web,,636e370fc7d85a4cc731ebde1516db8828a914a16b72f51e9c8107c13eeeefbd,600c7afc7b78f90ce104f904f800fc04fb04790c7d9c37ba20f6608f71fef3ff,
images/thit_kho_trung/thit_kho_trung_74fe4c43d6a932d7.jpg,thit_kho_trung,31,train,web,,74fe4c43d6a932d7d850c81a9b0873565f083466ec46a5faf4781237dc347f9a,01600ffc398e7006f007e043c063c063c023c0a1c383f001e00fc62f7f3e3ffc,
images/thit_kho_trung/thit_kho_trung_ac91e2c4611029a2.jpg,thit_kho_trung,31,train,web,,ac91e2c4611029a208b028ebbe3718b55e8f29761348dc0a4068994f2c0c70de,83c00ff0dff87fd83ff87fe8fff85ff85ff81ef00c308ff007e007e003c00180,
images/thit_kho_trung/thit_kho_trung_7522e3cbd1b81d89.jpg,thit_kho_trung,31,train,web,,7522e3cbd1b81d890472d68c4c0a587dfed144c097b85801c41cad7cf302aa6f,000000000000030003c00ff83f3c7ffef73ffe1fff67ffffb7f8cff1fbe3f10f,
images/thit_kho_trung/thit_kho_trung_2a14477006c3f0f9.jpg,thit_kho_trung,31,train,web,,2a14477006c3f0f9960ef3c29a0620bb3c5956c09b52c9674ddccc90350f62d2,c3ff63ffdadb9bdf37ff677f677fe67f633f001f00160000000000010001000b,
images/thit_kho_trung/thit_kho_trung_ad6b20a246db0cc5.jpg,thit_kho_trung,31,train,web,,ad6b20a246db0cc5b4a1ef4dc26d271432f388b28d43b85322d4fe0631a262cb,fffd7ffdfffcfc1ef80ef00fe00fe00fe00eb00cb84df819eff0f3c0f000f800,
images/thit_kho_trung/thit_kho_trung_0b86a6633d540827.jpg,thit_kho_trung,31,train,web,,0b86a6633d540827b38597a654d68a9721f7fe7237cf049fd00061250c851db0,fb3ffa0ff22fc8238a218081e9000c80043008702b80ae80b388f8f1ccc1ff63,
images/thit_kho_trung/thit_kho_trung_06ab2d50509a0b3a.jpg,thit_kho_trung,31,train,web,,06ab2d50509a0b3a592cf1f6af8b16829e63f3e86ca7d5d6adc189e56111e898,99e031a833842306600660e27c027e727efa7ffe7ffe7e763404328c1c581e38,
images/thit_kho_trung/thit_kho_trung_491cf7a194862d10.jpg,thit_kho_trung,31,train,web,,491cf7a194862d101f72763ff35dba48fd0c353785cd766bc3cb30c46192bab9,fe5ffc0f540f800f020f030c301c0038047c067c1a7c0c7e027e007c007f00fe,
images/thit_kho_trung/thit_kho_trung_5300f20fa98ebe18.jpg,thit_kho_trung,31,train,web,,5300f20fa98ebe182d2e5a79e3bb0bca1bec93fbd2b9ef676d948e4a68377aaa,03ff01fc0e7f083f071f078f01c701e701e603ef43cfe00fe01ff01ffc7fffff,
images/thit_kho_trung/thit_kho_trung_a4e9e37fd809a790.jpg,thit_kho_trung,31,train,web,,a4e9e37fd809a790d51372839a45a07057fc5b5871deee1ebf08fd32d2327524,fc3ef1afe627cfffcfffbf79837d9c0d803795fd233b8df001a0010100110003,
images/thit_kho_trung/thit_kho_trung_0d1bd041e066ec3f.jpg,thit_kho_trung,31,train,web,,0d1bd041e066ec3f1fd2fb8e4dc836d2f16c78d71a0420b39484c59e917b4870,fffffc39f01fe40fdc07d813d803c107800fb007f003e037e027f00ef83cfffc,
images/thit_kho_trung/thit_kho_trung_6eae33fff9f28b02.jpg,thit_kho_trung,31,train,web,,6eae33fff9f28b02b027b2c8afb02b9fd5d1bd9b7f50609d9d1ffc312cf64016,1fe278bff01fe01ee00fe64fc01fc007c407e007f00f780f7c3e3ffc0ff803e0,
images/thit_kho_trung/thit_kho_trung_c86233b65fd253a8.jpg,thit_kho_trung,31,train,web,,c86233b65fd253a88e822a008090e8ce8832e821cfdb925b19486b1626ae7240,fffffe7ffe7ffc3d000002f45a6658aa1afa08ea9aaa9a2b1a09182128290029,
images/thit_kho_trung/thit_kho_trung_b7a382c5d8b9a569.jpg,thit_kho_trung,31,train,web,,b7a382c5d8b9a569c9d86ede080cc460655cdf71a0165ce70f91f83a7aafad05,3ffc7cfe7c3e781ef05ff86fe02f400700078007808fb08f701e781e381e3f3c,
images/thit_kho_trung/thit_kho_trung_6e8331b6a9cb6c18.jpg,thit_kho_trung,31,train,web,,6e8331b6a9cb6c1826f142fc34cb8027abb544d9296d26ea2e666bb7f4313c21,000783c307e30ff11ff91ff83ff83ff83ff81ff81ff01fc00fe00fc001001800,
images/thit_kho_trung/thit_kho_trung_49bf9bfd9f627902.jpg,thit_kho_trung,31,train,web,,49bf9bfd9f627902b9717ab475799f42f1c32b062acc67d04899e7c57b5ed3af,e22e846fd40cf08ae023e921e800ec40a640a8c0f041f621f804fb06fb0ef219,
images/thit_kho_trung/thit_kho_trung_717ff95cf7228af0.jpg,thit_kho_trung,31,train,web,,717ff95cf7228af0d2356351225ceee87c19f7e2b4a2daa578514b28913a31bb,7ffefffffefffc1ffe1fe603e003c0038003c403cc01c019c01886099603e61f,
images/thit_kho_trung/thit_kho_trung_31654d4f2baf8d8a.jpg,thit_kho_trung,31,train,web,,31654d4f2baf8d8a04b13ccd2cb8bb7da6590b0abf38c63e4b40d0f80fe035ff,03e00ff01ff81ffc3efc7bec77ae6e36799e71ce76443f44399c1c480f1803f0,
images/thit_kho_trung/thit_kho_trung_55e082641dac2d22.jpg,thit_kho_trung,31,train,web,,55e082641dac2d22c13e1b33ec934b0e47b0ea6c81489fb65ccdbcf85f313e3f,02e006300db81cfc58ee50be70fc61ecf1fc997c10fc11fc085c0d7807f001e0,
images/thit_kho_trung/thit_kho_trung_c365a2098f9c4043.jpg,thit_kho_trung,31,train,web,,c365a2098f9c40431ca9b0b60ec3746a357e09e2814e196c500586e28767055e,7387f7bbfdeff5a1f001f07b23e123c0188618048110c6f88f818e018e178803,
images/thit_kho_trung/thit_kho_trung_368f68b9e2408365.jpg,thit_kho_trung,31,train,web,,368f68b9e2408365b8d7cd50a2036f9ccf1e5a9512e97fdcf73bdaed6eef3f91,004001381d3c662ee087ec338e3f813f031f840381a3c18be19fe107f88f3fff,
images/thit_kho_trung/thit_kho_trung_bef1331fce0c20a3.jpg,thit_kho_trung,31,train,web,,bef1331fce0c20a318915e0ee5e44f074f5d7c2ffea7ebeb42aa6ccf85178873,70003cf07ffc7ffffffb33ca39ce88e09907080c0000800f1fdfe7ff39e04720,
images/thit_kho_trung/thit_kho_trung_4a9c90764ba5899e.jpg,thit_kho_trung,31,train,web,,4a9c90764ba5899eda7787d7a90ec44c749c4dd9d739649a8b811e0e173c0d10,0000018001c010c02bbc67fc7ffcf3dee3622f707f6c3f3c7fc67f84378c1798,
images/thit_kho_trung/thit_kho_trung_701ad7184617c37c.jpg,thit_kho_trung,31,train,web,,701ad7184617c37cca90951355a2aca34134cece8957ce072648268a708c9483,0fe60ff81ff81ffcfcbf383ff09ff047e003c017c007c00ee002e002f0001800,
images/thit_kho_trung/thit_kho_trung_7f7a672974f545c7.jpg,thit_kho_trung,31,train,web,,7f7a672974f545c751da37ed7644f0ef5a81a82fb275fe11eccc5e89d681f3ff,fc1ff80ff107e3c7e383e383e303e033e033e493e013e013f007f00ff80f7c3f,
images/thit_kho_trung/thit_kho_trung_580f54163bb54922.jpg,thit_kho_trung,31,train,web,,580f54163bb54922de60af062b9064aa27cbff1f90b52a69a36aefec4d1f3d81,38eff01fe00f83ff3ffb76f8f6ecf66ee03f800f80cfe103e3038b3b9033c01b,
images/thit_kho_trung/thit_kho_trung_3d80581ccbb42517.jpg,thit_kho_trung,31,train,web,,3d80581ccbb42517de4a8a7485985625b960df7802626150d1ac823f6d286e3b,31b03778617841f040c8c0dcc9fdd9fdd7bdc6fdc7ed4fe85ee87fe037803300,
images/thit_kho_trung/thit_kho_trung_dd98f2dd5ce3f832.jpg,thit_kho_trung,31,train,web,,dd98f2dd5ce3f832a17d991440ded8c8fe724fcb1406163bb6c36b06dd3be66a,000800c200f001ff03ff17f733f737f7bd3f3c3f37fc1bf818f81df81fe01fe0,
images/thit_kho_trung/thit_kho_trung_0d33cfb04acf23f3.jpg,thit_kho_trung,31,train,web,,0d33cfb04acf23f358c6bbc1178df03c9c10209603bea9296b66d8ddbf86092c,75f877b85ffc7eff7bf83ff87fe8ffc157983fe8fcc86e101a601be01cc21e60,
images/thit_kho_trung/thit_kho_trung_e513ed619c0e9a3b.jpg,thit_kho_trung,31,train,web,,e513ed619c0e9a3b8b37fbfac7446a70261cc1772a2e7d6f88112367dcff5409,0f8e3dfe38743a15d8cd9dcc1fcc4bcc473e037b20fb741cff99fe91c09340db,
images/thit_kho_trung/thit_kho_trung_091e4a7fa1f55bc3.jpg,thit_kho_trung,31,train,web,,091e4a7fa1f55bc3c3b333e4c8fd77c224f563efb4188a53d47127907fa16ec1,fc1ff81ff3f7efffce19980df08fb00f90039027b0079a2f881f863f806fc01f,
images/thit_kho_trung/thit_kho_trung_fc7f269c070e4d18.jpg,thit_kho_trung,31,train,web,,fc7f269c070e4d1861dfdf01a53c8f24f57b76819c9e817c1bbf84bf89ebe35e,f807fe1ffffffffff81fe007c007c0039d813d1438483000300400007100fe10,
images/thit_kho_trung/thit_kho_trung_97e6e33b9e746ff8.jpg,thit_kho_trung,31,train,web,,97e6e33b9e746ff83a6c658cdb982c0829c83cbe1352b1531c766c406b873aa6,e006e007e007f00ff18ff91ffffffc7fecbfc70786038643ce03fa03f209b20b,
images/thit_kho_trung/thit_kho_trung_024dd0b15822267e.jpg,thit_kho_trung,31,train,web,,024dd0b15822267e5f458aa67bb034d0a73b2d614d96bde99bf2067fc231cd72,01c41f721e3a3ef83ef03df81ff807fc03fc187c1fdc1f9827f00ff80ff007a0,
images/thit_kho_trung/thit_kho_trung_92ffc87c044283e5.jpg,thit_kho_trung,31,train,web,,92ffc87c044283e52874c6de35f8600191f03aff3bbbf71c9694854ec0ae5039,07de1ffe1fb31f11381ee834e7fe47fe1ffc0ffc0efc00f803e0034000000000,
images/thit_kho_trung/thit_kho_trung_72d34c99888774ef.jpg,thit_kho_trung,31,train,web,,72d34c99888774efc2525e603b8b6308df3211a4e9459a2caf5777a27722d89f,fffefffec3bf839f001300030003000320032009000520210813cc0ffe3fffff,
images/thit_kho_trung/thit_kho_trung_08aac26aaba29ebb.jpg,thit_kho_trung,31,train,web,,08aac26aaba29ebb82d7ec53a6db6b870e413337c64d46f060cc0cf57cf31406,e0efc067824383c7038f758f47cf8e473e8f3c874026246004788ce80ee08ef0,
images/thit_kho_trung/thit_kho_trung_203ecd02e4f45390.jpg,thit_kho_trung,31,train,web,,203ecd02e4f453908eb8aba8bd4974929598591b83bd655ca4ae5d9c28766a6e,ff18ff18ff00fe00c600860087e0fff0f36ce186c183c083c183c183c1c3e7e3,
images/thit_kho_trung/thit_kho_trung_4d93bc9ffde4e813.jpg,thit_kho_trung,31,train,web,,4d93bc9ffde4e813f9617386856c1cea08d55673f0abb100f177d6b5d91aae7e,0ff01ff83ffc75bec7e2c3e3c1e3c043c003c003e0026006700c381c1c7807e0,
images/thit_kho_trung/thit_kho_trung_b41ca695025207d6.jpg,thit_kho_trung,31,train,web,,b41ca695025207d618de2297c24890485c997149999e141ab878478ffb763f67,bfe03f803e003c20f1a0f1bf9fff8fe5ffe0ff28e318c7383670363074106600,
images/xoi_man/xoi_man_df7c45cac2d6193a.jpg,xoi_man,32,train,web,,df7c45cac2d6193a2103a5838b8c5d75d7a8431ac27be8db4d9449dac8c615c9,e800c00180070007017723fb03fd07fc0ffe0ffc01f001e10083b813fe87ffff,
images/xoi_man/xoi_man_fdfd6889119d4d45.jpg,xoi_man,32,train,web,,fdfd6889119d4d454a378c57bad8a0da6ecf272c2230cbab528238ad8eb57f91,000001f81ffc3ffe347c7c8f4fcf1fff7fff3fff3ff37fa26f392018003803f0,
images/xoi_man/xoi_man_aae440970a8b73a0.jpg,xoi_man,32,train,web,,aae440970a8b73a0b5c1581af87d1ce78b8376cfa3c926655a16f0483dc6f399,ffffffbfef079f813e9c180c00406360e3c4011f007e033e871dc003f00fffff,
images/xoi_man/xoi_man_423bf39cc68d295b.jpg,xoi_man,32,train,web,,423bf39cc68d295b71e429d8ed2beb8f26ce319dadbb94185f8cf6b639ae76ae,847ffffffffbfcb9ff3dffbcfb86dcc7decfdd200f400ec7240ff01ff027f80f,
images/xoi_man/xoi_man_a2db6db230d37f88.jpg,xoi_man,32,train,web,,a2db6db230d37f88b739968aef4c8c2a2b4ddecfbcca1518885ab39f742ba901,f0006000000007f01ffc3f7e3c0f7807e421e031e033e28b7e1b7d07380e1f3e,
images/xoi_man/xoi_man_3399e24ecbf598e6.jpg,xoi_man,32,train,web,,3399e24ecbf598e697b24a3158173b1a80141f06b6b8bd629d9eafc9d2bb3405,000000001fe13ff87ffc7ffefffeffffffff7ffe1ffc07e00002100c00300000,
images/xoi_man/xoi_man_1b07e97e0ff0e033.jpg,xoi_man,32,train,web,,1b07e97e0ff0e0331be66b5d7b683b525d49b24a130e44c92f7063f07028dabd,f807f003e023809d025900988f14cc0fc80fcc0ecc06c806c80ee86ce4fde7f9,
images/xoi_man/xoi_man_6661c9f95903312f.jpg,xoi_man,32,train,web,,6661c9f95903312fe0cd83388185394eda0156792b4b5ac348e0cd8298059378,e03fe03be59fe61dee0ce80ce80c280c8ccc8ccc85ccf65cf259f851f833f823,
images/xoi_man/xoi_man_9e46bcfda1ea3bbf.jpg,xoi_man,32,train,web,,9e46bcfda1ea3bbfc49d61117e22bbd87c69c9605de79531c5c50fea188af238,000000000240026003fc03de67de3f9e0fde2ffe3fff3fff7fff7dff7e777e07,
images/xoi_man/xoi_man_3c75ce41277071bd.jpg,xoi_man,32,train,web,,3c75ce41277071bdf8a6c30f02675826d0f2bcd5ce3cb225bd73fc4db542b73a,efffc7ff81ff007f001f03c787e087e0c391c00be007c00fc00fc019e000f000,
images/xoi_man/xoi_man_04b46809c7418160.jpg,xoi_man,32,train,web,,04b46809c7418160e061dd99d66132d83164534e92f34ff50538ce3d6fd57db9,007300f303e70bf30ffb0ff907f907fd0ffc1ffc1ffc1ff85ffa3dd63f1e1f7c,
images/xoi_man/xoi_man_887ac7b0b856e7e1.jpg,xoi_man,32,train,web,,887ac7b0b856e7e1374d24019d05e4b189af4bd7457b92f16e0305a735896f4f,0be01ff03c783c08303c607e709f70bf787f78377d1b3f1b1ff91ffe0ffc0178,
images/xoi_man/xoi_man_933e7be97dac50a1.jpg,xoi_man,32,train,web,,933e7be97dac50a1779a0f3856020eb8b01958aa90ebaaf24cf4337bcba35b93,e40eef1ece9483ac07f007e507c0efe0f7f0f6309e001c200e6006400e001200,
images/xoi_man/xoi_man_ebd176f47372965f.jpg,xoi_man,32,train,web,,ebd176f47372965f1d62dc5c7bcfd4b84d416e52f494a5c662c54f32d63dbca6,6ff07fb07d38fd3ee77ee48674067c0c7c7c664e4e06fe86793e383cb938fbb0,
images/xoi_man/xoi_man_5a0d54027ffea2a0.jpg,xoi_man,32,train,web,,5a0d54027ffea2a0b27b1d9db7e687bb693689596f9ab689cacaeb9b78453f7e,e03fbc1f981bf80ff80f700e700ef01f701f701e7c3e3fff1fff1fff07f78087,
images/xoi_man/xoi_man_c00e10032a153977.jpg,xoi_man,32,train,web,,c00e10032a153977f66a5548acfa75958185d56437cb0477a30164cdc3aef124,fffffffffe3ffe3fc40f0403078167007720402008003c02bf20d060f260ffc3,
images/xoi_man/xoi_man_2f0f7d81aa57076b.jpg,xoi_man,32,train,web,,2f0f7d81aa57076b59eee40b07c057124e61341f6ec3344a273db862496bbef1,0001000007f81e1d3c0efc0ff00be103e0c3c04bc803d803d003e08fe41ff83f,
images/xoi_man/xoi_man_f048792a3864fe01.jpg,xoi_man,32,train,web,,f048792a3864fe01a0e181b8dd186550e256ab9b046e6791e0ac8eb8489c4169,e723c200e000f0e0e0c0e1e8c398d6b6878fc60bfe3b7fbb5fb3ffe3fe873e36,
images/xoi_man/xoi_man_35a3aca3d6fb2dab.jpg,xoi_man,32,train,web,,35a3aca3d6fb2dab03f777bf87b28427124f89369c21262f66c6d3255022a273,1fcc1ffc0fff73fff3dff3df63fe43fe03fe03ff03fe03fe01fd887dc831f803,
images/xoi_man/xoi_man_36905f379591e7cf.jpg,xoi_man,32,train,web,,36905f379591e7cf5402d07441c459ac95ad9443c9194bc4952cd68aac606fe1,00000200008003f009f81ff81ff81ffe1ffc1ffc0ffc0ff807f009c004000000,
images/xoi_man/xoi_man_483848337dacd12e.jpg,xoi_man,32,train,web,,483848337dacd12e50d3e9930b80c27b640e9fa82ec74525e20864e801831feb,03ff0bff2fdebfcefdf4fe60fa20e402dc120836040608040c04058803f001e0,
images/xoi_man/xoi_man_aa1d08267d193db8.jpg,xoi_man,32,train,web,,aa1d08267d193db8808daaf1081f300d57e23de10b6a92f063a5f7a8dbcbe4b1,fe08fffffdffc0c080e018e018f018f014f831f821f831f83ff81ff81bf007f0,
images/xoi_man/xoi_man_26e2357c758be243.jpg,xoi_man,32,train,web,,26e2357c758be243939ea89bf8f50aa1ca3450bad1ccfe7c6ce9128da4e501f3,14ff183f301f700f700fe00ff807f00fe00fe00fe00ffa0ffc4ffcdffe7efefc,
images/xoi_man/xoi_man_ee8228a14224c512.jpg,xoi_man,32,train,web,,ee8228a14224c51268aeee5ac51b2bbd24fc827210b59efa11b66c380186b11b,dfc7ffcfffccbffefe3ef9fffc1fec1f7cff7cfafcfa7c78183898309000f3c0,
images/xoi_man/xoi_man_90d8c191851cf337.jpg,xoi_man,32,train,web,,90d8c191851cf337c14da8cd8d64a86d972c0ead435b0eb35baf05f0d2d9e237,38017811fe01fe01fc00d800f801f021fc24f803f801f858fdccffeffff7fff7,
images/xoi_man/xoi_man_e394daa628737307.jpg,xoi_man,32,train,web,,e394daa62873730738ebbe55724042cc8ca436a84ae8b1b77c6a30c1c5174567,ffffffffc7cfcfff823f803d01810000000041c3ece2eecce30007810381c007,
images/xoi_man/xoi_man_b4d613df6614b175.jpg,xoi_man,32,train,web,,b4d613df6614b175d7b7961aab2087c895eda3a1005823f23aeb66eedb8e70a9,1a000000010307070fe70fe70ff30ff10ff80ffa0ff007f807f907f103e00180,
images/xoi_man/xoi_man_277cbbf483c8b129.jpg,xoi_man,32,train,web,,277cbbf483c8b12956def58250d50b78797ff33043b9c00795804578d695e553,3fff3f7ff81b700d7087e0c5e044c006f007f003400d600d7e373ffd37ff1eb6,
images/xoi_man/xoi_man_16bb697cf5355c41.jpg,xoi_man,32,train,web,,16bb697cf5355c4129720e0bf4ebb805da65425f3f77aeacbd185f65403502d3,1fc31fe31ff31ff31df01ff03ffe0fbe07bf07b707d707ce030401000000c008,
images/xoi_man/xoi_man_951cb8cb1fb453f4.jpg,xoi_man,32,train,web,,951cb8cb1fb453f4f5ac0a8a822e4121d8d55950e41237278b7c3ba9c70c69b4,f77e557e14061c06103c301e683f6c3b6e3b6e3b4e3f201f349e7c1efe3e0e3c,
images/xoi_man/xoi_man_a2d8af5e66d5d6c9.jpg,xoi_man,32,train,web,,a2d8af5e66d5d6c9cd68cf094d271b6832fdecee02a1e2ba03726005efec9e94,05ff05ff03ff03f70ffb9ffbf7fb07fb07ff0cff8cfe0efe07fe07fe07fcc038,
images/xoi_man/xoi_man_742375e72e28b83d.jpg,xoi_man,32,train,web,,742375e72e28b83d665195af6eaa0dd6b9d948fb9f0b706529db657f72431c29,800fe00fe00ee00ef00ff007301f207b03ff07ff07ff8fffffffffffffffffff,
images/xoi_man/xoi_man_c35b61dc9ba8dc51.jpg,xoi_man,32,train,web,,c35b61dc9ba8dc51355bd4166b8bc98d7387fc77f606b79d929091bda7a32c8d,08102c7843e707c31e85300170016010e001e419c00fe067e077e13ff1feeff8,
images/xoi_man/xoi_man_d729976f925647af.jpg,xoi_man,32,train,web,,d729976f925647af04d1ef289728b5c85f12ea745e7a5f370ec9d45e6c881f1f,85808ff48fbe3e0e7f0f33076187e0e260770077602060190c1e1efc1fe001d8,
images/xoi_man/xoi_man_c43653e25d33d59b.jpg,xoi_man,32,train,web,,c43653e25d33d59b674b25fd705bfa57c81499e870c8b062beaa4aadf8cb4dd5,673f601f680fc807d10fd00fd00f900d900d121f163f003f083f887f0dff0fff,
images/xoi_man/xoi_man_6f178ea46aea6280.jpg,xoi_man,32,train,web,,6f178ea46aea6280f18f1bd7f3a6b777d2baa2e5c7c64d2bc43a7601b7cab208,fd1ffb3e421c400c98000800e002e068c7fe4ffe8ffe0ff887f94ffe67fc3fe0,
images/xoi_man/xoi_man_4a666216879ec44e.jpg,xoi_man,32,train,web,,4a666216879ec44e76357161be19e30d80d7c2f7ecb4175ec73705dc0efa44c4,000087c6cfe10fe11fe39fe11fe11fe01fe30fe787c7e3cef800fe00f0000000,
images/xoi_man/xoi_man_98b3336b024dc01a.jpg,xoi_man,32,train,web,,98b3336b024dc01a5dae5b04c81d5f160906b6adc611e46ef31ebaf029c6bf69,03fe03ff01ff7e7fe77fc3bf83ff81ed83ef83ffc3ffdffffffdfff800010900,
images/xoi_man/xoi_man_a22bd6a71071b799.jpg,xoi_man,32,train,web,,a22bd6a71071b799d942a2b3604d798d197ebd6f0e480c05070fab329fac4958,e003e003e003e407e043e003c003c003c00380078007808fc08fc007c007e007,
images/xoi_man/xoi_man_ae4cec8770a0ba5b.jpg,xoi_man,32,train,web,,ae4cec8770a0ba5bdcebe6d0f1fc127aac2bd1fd1aeefd502e1b1412707b938a,000fc007cfc79fe39fe31fe31fe10fcf0f9f071f001f000c0001000180018003,
images/xoi_man/xoi_man_3f62be8b2f2880b9.jpg,xoi_man,32,train,web,,3f62be8b2f2880b91d340d1f0a5be87ab6bb1bbfe1db261490bc63c677c80191,0000000330243dfc7ef07df47de47fe07ff01f761f279fc74dc323c320030003,
images/xoi_man/xoi_man_9ee268ffb6af28e9.jpg,xoi_man,32,train,web,,9ee268ffb6af28e9a8b6c1478003111157c337733f7058ac2e89bc99fdbfb391,fff8ff8cfe0cf800e000c1fc1fdc3f8e309f067e0e609f90ffccdfc20d880310,
images/xoi_man/xoi_man_15580ba09d7c07ec.jpg,xoi_man,32,train,web,,15580ba09d7c07ec3a5e053c3137131a4e8e1aa941d423ee26d70d3e0f9997bc,0087076709e719f30df90dfd07fc27fc07fe1ffe1ffc1ffd1ff91bdb3fd63c0e,
images/xoi_man/xoi_man_233c99f93f0032bc.jpg,xoi_man,32,train,web,,233c99f93f0032bc964ffe10026106240f575038014bf17b900a8de298d3de7a,00004004c3c647e60fe48ff69ff4dff19ff27ff07ff06fe077e0139000180030,
images/xoi_man/xoi_man_4b83b63deddb8b57.jpg,xoi_man,32,train,web,,4b83b63deddb8b5766fb01f2be6d274397b1ff58715b91766de1a575ae2cfdad,9fd31ff31fbc7c3cfc389c389c3f8c3fde7ccff84ff847e8424662462044244d,
images/xoi_man/xoi_man_7870c7c603a905f4.jpg,xoi_man,32,train,web,,7870c7c603a905f4c424da5a9b93a55ecb3f4b87fe4965de8ea2e718004abcf6,010000000100018041007ffefffebb7eb65ff67f7fff7fff1ffd0ff807f037f0,
images/xoi_man/xoi_man_f66a3cf795139bce.jpg,xoi_man,32,train,web,,f66a3cf795139bceab6fe85bf5687b39c7c18983d77815ad21343b7fd763f97b,fcc0f3f0c6f08fb81f981fcc1dcc99ec9cfc1cfcce74c73cc39861d870303800,
images/xoi_man/xoi_man_2e3f910c4c26c5ba.jpg,xoi_man,32,train,web,,2e3f910c4c26c5ba45dc8c20371eb020e1feee0208ff750c0604ddc057990170,e000c7c04fe01ff017f815f817f817f81bfc19f819f801f80ff80ff007e003e0,
images/xoi_man/xoi_man_1bc318c679e390b9.jpg,xoi_man,32,train,web,,1bc318c679e390b97c064b49eaec082925468c8cf3a6702e20b55475054641dc,0000060002e000e040d0e7cebffe3fc767efe7efc7efc3e74b7f103f00030000,
images/xoi_man/xoi_man_b8843b23251cbce0.jpg,xoi_man,32,train,web,,b8843b23251cbce038db11b4f9de072ed8338127b99b7f9dcbf4737d9657267c,83fb058f1b8718031a000100d108e01ff501e400e100e5defff7ec37edbe899f,
images/xoi_man/xoi_man_a07d5a408b0aab24.jpg,xoi_man,32,train,web,,a07d5a408b0aab24d2c487d0c0af6e3a45a4cfebe0e70e7ebfa416c5c4acedc3,7c0f3f7b0ffef1fff03f840f880760076003f002fc00ff00ffcd7ff91ff317e7,
images/xoi_man/xoi_man_72b7b1faeb1118e3.jpg,xoi_man,32,train,web,,72b7b1faeb1118e3b24f7354f641f0655c1f6116dbd0a5a2ec8b84476ded2312,07f907fcc7fc1f8e3e0e381f785f78073c037e1b7e333e332f173f163d861c84,
images/xoi_man/xoi_man_5ce8f1afa75dee03.jpg,xoi_man,32,train,web,,5ce8f1afa75dee034374902a8112d159551d3d0049e73fa052df585b8b3fda8b,01ff00ff007f00eb05fb07fe079f070f1e1f1fff3ffffc3ff81f9fbf9fffe3ff,
images/xoi_man/xoi_man_5e69ccd0ebe9eb7d.jpg,xoi_man,32,train,web,,5e69ccd0ebe9eb7def0ba86c0c77f6cff94db57cce3a618da0a064ec663d1fe6,ffc0f810f838f008ec00f800c80490089000c0088041e001f713f1e3f9e7ff3f,
images/xoi_man/xoi_man_15d87f8a2fc9a2c1.jpg,xoi_man,32,train,web,,15d87f8a2fc9a2c13e8dcfe31237bb5da3b3ff2628b92f01714a07349e40d4e6,801e00060e033f837fc37fe3e7e182e080f180ffc0fbc3dbcbf97ff97bfd13fc,
images/xoi_man/xoi_man_3f03ff6d6eb80c25.jpg,xoi_man,32,train,web,,3f03ff6d6eb80c253e91ebba6f1ff72a2cdc2b62ab1e2d0339b4c6bd57f394e2,f3ff7fff7fffffff9fff00ff007f437f807f803ba01960196018e010c033c037,
images/xoi_man/xoi_man_f7b40f9b941c17c2.jpg,xoi_man,32,train,web,,f7b40f9b941c17c227d44c76d5eedf1167c96601dcf4d18004e1a37dbc794596,0ffc1ffc1ffe1ffe3fee7fff7ff87ff871fc337c22603ac83f88080800000020,
images/xoi_man/xoi_man_75bab3e4701078d3.jpg,xoi_man,32,train,web,,75bab3e4701078d3f9a932b1a43344e19bc2e75b86e5077255a53c20154777a2,801c039f1ffc1ef83fc07ce079657b397fc6fd8778bf3f391ff007f0826200c0,
images/xoi_man/xoi_man_f7a2a1747768a178.jpg,xoi_man,32,train,web,,f7a2a1747768a1787d279014c8c4180d0dd8cd3f8c8d940c7667b9539ccde79e,00010001000041e083e287f80ff80ff80ff08ff48fe0c3e0e440fe00f300f800,
images/xoi_man/xoi_man_c04c9c24863a6699.jpg,xoi_man,32,train,web,,c04c9c24863a6699fc8c5e71660f9a811f90ad7e601866b069c46b3acc61575e,f9aefa3afa2cf26eb662e4e7e8c3c89288f41f85118f33cf231fb31f9f9fec1f,
images/xoi_man/xoi_man_973eb1179fb117ef.jpg,xoi_man,32,train,web,,973eb1179fb117efbc15c792402f4204ca0d775d70636204785b07c502e6b55c,000003200710191c3b8e3fc77f4f7def7cef70cf781f781f3c3e3c7e3ff837f0,
images/xoi_man/xoi_man_292c60707f1fa62e.jpg,xoi_man,32,train,web,,292c60707f1fa62eac3abd9b83fa4031568a41f5c4cb9dd08396de3f83bc6ad2,000f040f00860fe60fe60ff60ff60ff60ffe0ff60ff607f607e003e001800000,
images/xoi_man/xoi_man_effd77564fe2284e.jpg,xoi_man,32,train,web,,effd77564fe2284e95638aa6ed382bf0aa445d900820c55aceeaf07ae6691277,67fffffd9e499c07dc07fc1418001805f823fe059e009c0098977003660367ba,
images/xoi_man/xoi_man_03cf4abb69648b6d.jpg,xoi_man,32,train,web,,03cf4abb69648b6dd1175dcd58dd7ac11b0cfff0b47a113f2b3bed79702e17e5,ffe0f7f2e3e0c7f00ffc0ffe07e62fef2eff2ffd6ff967f9e3e270e46fb0e000,
images/xoi_man/xoi_man_7869f4c99dd13dec.jpg,xoi_man,32,train,web,,7869f4c99dd13dec4459d7793ba4567abfc8baa2f0a5efeb9c226ad965503b85,f00001801f811fc11e36fc3d7e5f3c0f3c8f1f8c1f803f803f007c007f03fd03,
images/xoi_man/xoi_man_332b811091d621c2.jpg,xoi_man,32,train,web,,332b811091d621c24287908872776289062cdb3cd21d5bad4b6acbe34bf76d21,feffe07fc63f0f0d8fcd9fe71fe71fe71e6f000f000f000f0007001300790000,
images/xoi_man/xoi_man_8033433eb75c8764.jpg,xoi_man,32,train,web,,8033433eb75c87644de380aa9305ead68f27384c7a7c6322d8ca186042421b4c,e00fe18f8fe79ff91ffd7ffe7ffe5ffe1cd23e06303e1fc403c0000000100010,
images/xoi_xeo/xoi_xeo_5ef15a2b4fe37f54.jpg,xoi_xeo,33,train,web,,5ef15a2b4fe37f54c897750b2f485f38d080e7f53d9580a3541c7e3d5572df45,ffffffc3ff80fe00fc00f840e7f887fe0ffc0ffc0fff0ffc07fe03f003e000e3,
images/xoi_xeo/xoi_xeo_bf54cd8799e1f322.jpg,xoi_xeo,33,train,web,,bf54cd8799e1f32283412950484fc4744d54d224beb7d5a1bd980010994da3e8,ffffffc3ff80fe00fc00f840e7f8c7fe0ffc0ffc0fff0ffe07fe03f003e000e3,
images/xoi_xeo/xoi_xeo_7f11753b100e16f2.jpg,xoi_xeo,33,train,web,,7f11753b100e16f2e3bdd35ee2161e2ae9f2e23e4b33ea014f60b0cfe3f7b042,801f009f018f038f07fb1f731ff33ff73ff81ff00ff00ff10f7307f303370037,
images/xoi_xeo/xoi_xeo_c9c256204a00644f.jpg,xoi_xeo,33,train,web,,c9c256204a00644f1796465e521a7e1195785bd6bb8441e08e0d5de96a628557,01fe00fe0f7f1fbf1fff3fef3fe33fe17ff07ff01ff01ff0bfc0cd80c000e000,
images/xoi_xeo/xoi_xeo_035e2a354ab0ef3e.jpg,xoi_xeo,33,train,web,,035e2a354ab0ef3e79924b4bb981684f07ce18e8022b83581c334e4c386ff401,f09fe01fe00fe00ffffffffbfff1bff0bff0bff03d7018000000e000c000e000,
images/xoi_xeo/xoi_xeo_f8e5f8c3ec30d365.jpg,xoi_xeo,33,train,web,,f8e5f8c3ec30d365f8f1d02da5063b9b3602e9c915f8c1c4e3e5debdba4f338d,fffffffffe3ffe3fac1f28030f01e700e6e08020100078027a60a060e460ffc3,
images/xoi_xeo/xoi_xeo_b76a57cbacfaf8f4.jpg,xoi_xeo,33,train,web,,b76a57cbacfaf8f4a957ebb8c283f6840b8c986f01d285e6c4b94d3858cc5f0e,01fe03fe03fc03f603fc01fe00fa0000000007803fc01fc03fc01f901f801c80,
images/xoi_xeo/xoi_xeo_f782a16a4e59b71a.jpg,xoi_xeo,33,train,web,,f782a16a4e59b71a163c708a7a2b6d7ed76c9702e5be8fb9e2e1361fdde29302,ce60ffe3bff3bf77fa1ffcefec07ee077e7ffe7e7e7f7e1f1c1e180c9000b3f0,
images/xoi_xeo/xoi_xeo_5de3ef6b66f025c7.jpg,xoi_xeo,33,train,web,,5de3ef6b66f025c7bf03987890f7ca2669087c417c0f2182e326a578acc40f4b,1800014007e01ff61f3f3c3f3c3eff7e7ffefffeffdcdf98cf7847f0f1c0f004,
images/xoi_xeo/xoi_xeo_eb93aec1dde0f20d.jpg,xoi_xeo,33,train,web,,eb93aec1dde0f20d3d39149809b697dd0a4eae1cd8ae317e364a319915b5af5d,119f009f001e0c48032c7ffefffffffffffefaf8fd1ff99ff19ff01ff00f0000,
images/xoi_xeo/xoi_xeo_d3938b2041ffcc6c.jpg,xoi_xeo,33,train,web,,d3938b2041ffcc6c00d59a1c9566b9f959752ba7d37c8b2803df88a434fddcde,fffffcfff83ff903f830f8f890f01be009e218031800000000910001c007f007,
images/xoi_xeo/xoi_xeo_6acea6c05d256fb3.jpg,xoi_xeo,33,train,web,,6acea6c05d256fb3372b960a416d0532c90273eca3311107ad8c95b19e5d1027,e803ca09db219939b900b800f800bc08b8009805de01dfc1ddc3ff86f71ef7cd,
images/xoi_xeo/xoi_xeo_a60df929b6fda5ba.jpg,xoi_xeo,33,train,web,,a60df929b6fda5bad8ef507b34e5764f39a1c9d84c1acae008a74a4d651bc03b,fff3f9c0c7c08fe09ff03dd079d039c078e07ff07fe07fc0bfc09f80ce00c640,
images/xoi_xeo/xoi_xeo_952f656452acc4ee.jpg,xoi_xeo,33,train,web,,952f656452acc4ee9b4eb81d0fc1085f882a9d8542e7822211c8a7d4c5fec356,feffe03fc61f8f878fe69ff33ff33ff33f3700070007000700030009003c0030,
images/xoi_xeo/xoi_xeo_21b2b218e092a50b.jpg,xoi_xeo,33,train,web,,21b2b218e092a50b3f2338660b4f30bbd9e169b98652dbeade8b47bb97cfb1fe,06e0266021200fd00ff00ff00ff80ffc0ffc0ff80ff807f807f0007000000018,
images/xoi_xeo/xoi_xeo_38ee286fd398e390.jpg,xoi_xeo,33,train,web,,38ee286fd398e3901b9cccf638cff8f82b33df513611503aaa63725a94e57a1d,05ff05ff01ff03f30bf99ff9f3fd07fd07fd0cff8cff0eff07ff07ee03fcc01c,
images/xoi_xeo/xoi_xeo_68a7c1f50e003d74.jpg,xoi_xeo,33,train,web,,68a7c1f50e003d74680df2d22ebc1d0c8d607db15579184c78fa28054d7f6e15,f937f873fc7ffc3f10ff01c7db83bf03be039e011f011e001e011f002f01e701,
images/xoi_xeo/xoi_xeo_1edafb5c25318197.jpg,xoi_xeo,33,train,web,,1edafb5c25318197f8041e9789aecdb858c00dbe05453d8f3866e7a0d247bb71,81cb98ddbcbfbebf9f139f898feddb6188ff80cf80818081803981ff81ffc3ff,
images/xoi_xeo/xoi_xeo_e23117ccd9e11f4f.jpg,xoi_xeo,33,train,web,,e23117ccd9e11f4f1569eb4897575d6064e01fbb848972eed03e16256667e3e9,000000001fe03ff87ffcfffeffffffffffff7fff3ffc07f00002000c00100000,
images/xoi_xeo/xoi_xeo_3b40e53574205fd3.jpg,xoi_xeo,33,train,web,,3b40e53574205fd3fc87f75145a51fa3f9130d2cecf92d2267ea67ede006140d,1ff83ff87860efc0ede0ece088309c328e728e700c780cff214fb01ff03ff03f,
images/xoi_xeo/xoi_xeo_c47c76ba6eb88bdb.jpg,xoi_xeo,33,train,web,,c47c76ba6eb88bdb732e51c47eb23ed3d9b8bff6d4ab4a44a291a3e7f9c70f41,00000000004001f80cfc0ffc1ffe1ffe1ffe0fff0fff07fe03fc08e000000000,
images/xoi_xeo/xoi_xeo_3afb0342f5d1d905.jpg,xoi_xeo,33,train,web,,3afb0342f5d1d905d4a885d1023609b9c1fa70bf9c604cb27f03de14e45e957e,e000c7e04ff00bf81bf812fc17fc17fc197e1d7c1dfc01fc0ffc0ef807f003f0,
images/xoi_xeo/xoi_xeo_e1e464bf132234ca.jpg,xoi_xeo,33,train,web,,e1e464bf132234ca9793f46579e04c9859676fdf35875c8e1f03d5fe84bcda58,ffffffffffff7fff7ffc1ff81ff807f003e003e00e700e700a600a004a000000,
images/xoi_xeo/xoi_xeo_12cf5b5f77408963.jpg,xoi_xeo,33,train,web,,12cf5b5f77408963174120dbc4464bf15b9eed5a95054586bdef3ff0c4be452f,ffffffffcfcf8fdf063f003e038000008080c1c1ede1feecc30007c00780c003,
images/xoi_xeo/xoi_xeo_cba94ccbc408033c.jpg,xoi_xeo,33,train,web,,cba94ccbc408033c79b9f18577dc52877213f7af56786868d06946f09496793c,1ff83f7c3ffc7efe7c1e780ff00ffc3ffc3fff3fff7f7ff277e23fe437fc1ff8,
images/xoi_xeo/xoi_xeo_9e5e7ff3d5f081ae.jpg,xoi_xeo,33,train,web,,9e5e7ff3d5f081ae65d54ec4385d122481f5b861fb6f53afc23cef08d182a15c,0fe41fe61fe21ff83ff83ff83ff83ff83fd83fe03ff03ff81ff01ff007f007e0,
images/xoi_xeo/xoi_xeo_02a433db78bd3af8.jpg,xoi_xeo,33,train,web,,02a433db78bd3af82d3a29ead9c8e2610a8d232a230df0c55984d0d529890f0d,fd1ffb1ff30ff304e346ffc6f8c2f000e000ec10ec10ec00e00cf098f938fff0,
images/xoi_xeo/xoi_xeo_d8b6ef94ea20a072.jpg,xoi_xeo,33,train,web,,d8b6ef94ea20a0725ee7026713505fa25568815a0ab394da9bc14fa97434c738,800787830fe31ff11c791e383e38383838783cf83fb81ef91ff81ff80ff083f1,
images/xoi_xeo/xoi_xeo_2842d52e5a6a3a20.jpg,xoi_xeo,33,train,web,,2842d52e5a6a3a20d5fa130027b4ef63be9535c00c1b7423575e330a3d3bebe3,c00fc1878fe31ff93ffcfffefffe5fef3cca7e06603e3fe403c0000000100000,
images/xoi_xeo/xoi_xeo_f3cfa24db0c6a0b4.jpg,xoi_xeo,33,train,web,,f3cfa24db0c6a0b4d6f0f03372d94d617e0e35111b862964882ca44e22acfcae,f820f821f03ef038e030f071f3ffe38ffb07f007f203fc033c07fc07fc07fc0f,
images/xoi_xeo/xoi_xeo_6439d7b9944c5c51.jpg,xoi_xeo,33,train,web,,6439d7b9944c5c510e4110441045183497c2ed903bdc1b2a7e94aea06a5155c3,f90ffa1fc21e800e18001800c000c26c87fe8fff0fff1ffc0ff89ffecffe3ff0,
images/xoi_xeo/xoi_xeo_991db5cb5941ce3f.jpg,xoi_xeo,33,train,web,,991db5cb5941ce3fba57a10f67a6904b252902079d2533512b10ea6a7f461bff,fffff7ffe1ffccffdeffb0ffe0ffe2ffda0fde0fdd0fe107ff87f983f983f003,
images/xoi_xeo/xoi_xeo_942f6968ba6f2fe8.jpg,xoi_xeo,33,train,web,,942f6968ba6f2fe8fc34aef302c35af59676d264a5118c76cbcbd844537b998d,f400e000c0010001019911fe01fe03ff07ff07ff00fc00f800c2bc45ffc3ffff,
images/xoi_xeo/xoi_xeo_85626f5d3ccb1b28.jpg,xoi_xeo,33,train,web,,85626f5d3ccb1b28b4c0c97277ce88ab37d5257948c79c0f0247172ea4a9b925,17e02ff018f03008605cc07ee11fe12ff17fb877b81bfe3a7fb93ffe1ffc0278,
images/xoi_xeo/xoi_xeo_f290a65de1c4253a.jpg,xoi_xeo,33,train,web,,f290a65de1c4253a126207e18ddb4f2e69ce6a528376e34b293e66da95bc528b,38200f001c0038001f843fc73fe71fe71fef1fcc0fc80fd80ffa07fc01ff01ff,
images/xoi_xeo/xoi_xeo_1dc396bed3998fe4.jpg,xoi_xeo,33,train,web,,1dc396bed3998fe4c02d1451bada13982f6cc6cd2de3193ed39074351d327076,866087fd87cf3f073f8311c070e17038603d201d7018700706070f7f1ff800e6,
images/xoi_xeo/xoi_xeo_3c2f9b2e6763faee.jpg,xoi_xeo,33,train,web,,3c2f9b2e6763faee2b0353c5a2e05def5ba9c9feb9209b0611cae3573ac5f195,e3bfc03fc03fc00f800f8003000300079807980ffc1ffc3ffc9ff00fe01ff19f,
images/xoi_xeo/xoi_xeo_b4584360b2dcd50c.jpg,xoi_xeo,33,train,web,,b4584360b2dcd50c9eb10a4eef4cfe93584ca7e18606a8ec3d1240d080fa028c,fad0f6c0f6f0d63fdf73cffb1feb0fefcfe78e3f700c700ff00ff10621802008,
images/xoi_xeo/xoi_xeo_123efc767f4db265.jpg,xoi_xeo,33,train,web,,123efc767f4db26523fafe23f24803f804a5b986af0e99c5724e8f75844fe84e,0480068006c006c086c087c00fe01ff0bff8bff8bef8387838e839f83ef83ef8,
images/xoi_xeo/xoi_xeo_11dd30f2dafef9d2.jpg,xoi_xeo,33,train,web,,11dd30f2dafef9d2479ef58cc097955c2d7761bf9a902d0573806f5b16c0ec68,000003c00fe01ff13ff87ffcfffcffffffffffffffffffff7ffc7ff809800000,
images/xoi_xeo/xoi_xeo_9e419ddb1c63eac2.jpg,xoi_xeo,33,train,web,,9e419ddb1c63eac2e4e637c839e7092454a5859b9047a8d6ae4f617c386f2061,020007800fb01fd83fc87fdc7f1c7d0c7c3c707c763cff3cff3cfff87ff04fe0,
images/xoi_xeo/xoi_xeo_aee041f0902bb0ed.jpg,xoi_xeo,33,train,web,,aee041f0902bb0ed0bcd408f476ee96a57ce9d795a7c68c7e4f5a1be752bcd33,0047073309f319f90efd0ffe07fe27fe07ff1fff1ffe1ffe1f7c19e93dc33e07,
images/xoi_xeo/xoi_xeo_f55e8b0f8ffe8a3d.jpg,xoi_xeo,33,train,web,,f55e8b0f8ffe8a3d961942eb8be01fee067aa18a382cd9c2bf54d741d189493e,8be90ff90fdf6e1edc1c9e1c8e1f8e1fde3ecffc47fc43fa4363222122233222,
images/xoi_xeo/xoi_xeo_073bc6df07ad6739.jpg,xoi_xeo,33,train,web,,073bc6df07ad673925c6f788a6872626fead20398ebc405535643435c6d8bab3,efffc3ff81ff007f000f03e707f087f0c3d8c007e007c007c00fc01ce000f000,
images/xoi_xeo/xoi_xeo_e3fc8acb387755f6.jpg,xoi_xeo,33,train,web,,e3fc8acb387755f646de9666372d163273e22451127d2dc0dce384ae23144d92,0101010007c00f200f001e001e283fd83fc03fa03f881fc81ff81fd00fe0ffc0,
images/xoi_xeo/xoi_xeo_dbef8b33686e1a22.jpg,xoi_xeo,33,train,web,,dbef8b33686e1a226156a3bf58615b8d31860e32ec96ac955440b00e38456e95,383d741d7f9ff3def71ffcdff1ebf3c3f3e3f662f403f007000f038f039e811c,
images/xoi_xeo/xoi_xeo_830fc3c12f269461.jpg,xoi_xeo,33,train,web,,830fc3c12f2694619ae22fda2d2de54aaee1ba155981ec0ba3d7f159971e347e,0fff1fff1fff1fff1ff77ffa7ffc7dfc30ff119f31303d623e46000200000018,
images/xoi_xeo/xoi_xeo_6393f6c08f5cc98d.jpg,xoi_xeo,33,train,web,,6393f6c08f5cc98dc082b7e6f694954ed9e9e8dc30b542fcd2c0617d9b912a17,1007200747e307e10fe11ff13ff83ff97ff13ff13ff13ff03ff20fd40f880270,
images/xoi_xeo/xoi_xeo_662ac686280feb11.jpg,xoi_xeo,33,train,web,,662ac686280feb112b5219b5ebee09df690cff5a560440d0f019eae3f38ba9d4,000000010cc11fe03ff03c3c3c7c3e3c32bc31fc3bfc36781e380ff807e00180,
images/xoi_xeo/xoi_xeo_cd3522438552d5cf.jpg,xoi_xeo,33,train,web,,cd3522438552d5cf10984950e8875d011895f04b10e6a3a9942aa475799957ee,1f800e001e08776cfe7c7f803ff81f3cfe06fd977fff3fff007f023f00100000,
images/xoi_xeo/xoi_xeo_54bff72d8ef66d49.jpg,xoi_xeo,33,train,web,,54bff72d8ef66d498bad9db9afc50b0da2517a46ab76e27d6ba336571db45384,57bf54bf14131c03101f7007e80fe60c6f1ece1e4e0f200774477e07fe1f0e0f,
images/xoi_xeo/xoi_xeo_e81264070af932e0.jpg,xoi_xeo,33,train,web,,e81264070af932e0c1d3d9d06c8c3fc78a9d8a152dbe0fde994558e5ad9ee2d4,0000000007f407080e1dfa7fcfff07ff1bff03ff03ff01ff07ff06ff07ff0fff,
images/xoi_xeo/xoi_xeo_19c8e521b6d728d1.jpg,xoi_xeo,33,train,web,,19c8e521b6d728d10ead411bc2d85c47e0b68633aa025f48d5af2c361ee37122,00078060803008000c009e0cfffc7ffefffeff7d3ffc27f4a3bc0bbe039c0100,
images/xoi_xeo/xoi_xeo_2c4d4d247ab8a8ba.jpg,xoi_xeo,33,train,web,,2c4d4d247ab8a8ba07e95b06d4a9750f23ed206890155e068a7892814aadafd1,200f203f003f0037007f9fc7df9bdfbfe9ff700f700770032003c403e407e21f,
images/xoi_xeo/xoi_xeo_36d9287878a48c6b.jpg,xoi_xeo,33,train,web,,36d9287878a48c6bdc819c255cebb92bd792b14b19a363524298c21f04b7f49d,000087e3c7f00ff00ff09ff01ff01ff01ff10ff187e3e1e7f800ff00f0000000,
images/xoi_xeo/xoi_xeo_173d2972487c52ec.jpg,xoi_xeo,33,train,web,,173d2972487c52ecb2b2e2664f32b3911aa8c2ae4012bd51d9d5955eba47b19a,7860f870f878f838f010c030f82fe67df77cfefadc97ffffcff780078007800f,
images/xoi_xeo/xoi_xeo_436413909e59de75.jpg,xoi_xeo,33,train,web,,436413909e59de7535f65cbc32640273b48150a37bd671f874d171071c1acc3a,000707c70ff00f781e391e3c381c381c381c382c3c3c1ffc1ff80ff807e301c7,
images/xoi_xeo/xoi_xeo_d86e5c43657c547c.jpg,xoi_xeo,33,train,web,,d86e5c43657c547cdaabe7bf08af61c71bb5fb485edba1790fd3c8c807a5e479,f00d7040bce08ff00fe0cfe2cfe23fe27bfefbfefbfa793c301c301800030003,
images/xoi_xeo/xoi_xeo_dc5b07a6db3fb1c1.jpg,xoi_xeo,33,train,web,,dc5b07a6db3fb1c19377aa32fbf7f7a4ab9b346a6dc336c33a86dc51ac981768,fffff7ebe3e9800904310ff90edf3ffffdddffd1eff8e6f0f700f800d000f803,
images/xoi_xeo/xoi_xeo_2945eff58ec07847.jpg,xoi_xeo,33,train,web,,2945eff58ec078472ddd332cc7b749b347bc62256faf118333992625f7a4f241,0f0f100110815981ff91f81bf91ff917f807f41dfc37fef7ff62fff5e3f1d130,
images/xoi_xeo/xoi_xeo_684be1d43ada564d.jpg,xoi_xeo,33,train,web,,684be1d43ada564d21e586b86cd1712e388ecfdbaf6c72c4c5dad6845d714b10,000003e00ff01ff81ffc3ffc3ffc3ffc3ffc3ffc1ffc1ff80ff807f001c00000,
images/xoi_xeo/xoi_xeo_da1c8bec0a265846.jpg,xoi_xeo,33,train,web,,da1c8bec0a2658466eda39391dbfa7997268f42aee09f12514ac29cd8e7f47e7,0008000000181f3c37fe7fff7fff7bff71de718021802500040602397ff8ffff,
images/xoi_xeo/xoi_xeo_fddc86d2d8839fc5.jpg,xoi_xeo,33,train,web,,fddc86d2d8839fc560e391d082587cff9cda6fd8923255603ba8f0849cc4e7ab,0007c007cfe39ff39ff11ff11fe10fef0fcf078f000f000e0000000080018001,
